cores,pkt_sz,total_mean,total_stdev,total_95ci,total_median,user_mean,user_stdev,user_95ci,user_median,system_mean,system_stdev,system_95ci,system_median
1,64,0.0040671149131389734,0.002617992614453469,0.005235985228906938,0.0026881720430107503,0.0005916316123567902,0.0011068714247779376,0.002213742849555875,0.0,0.0015526444615799786,0.0013122709593717486,0.0026245419187434973,0.0026455026455026454
1,128,0.0065848040898301985,0.003320099554819152,0.006640199109638304,0.005326694470451365,0.0010349525911849003,0.0012974676354567194,0.002594935270913439,0.0,0.0025098611108966664,0.0013970149184439346,0.0027940298368878693,0.002638522427440633
1,256,0.004893085461221346,0.0019653428760319286,0.003930685752063857,0.0052631578947368585,0.0011670994510457023,0.0013048611201159333,0.0026097222402318666,0.0,0.002338816807694662,0.0012055267278546391,0.0024110534557092783,0.002631578947368421
1,512,0.005590522275358544,0.0023030317859165737,0.004606063571833147,0.005174652903294941,0.0017914835718949088,0.0013339117762615957,0.0026678235525231914,0.002577319587628866,0.0035128510560237217,0.0013750549398198828,0.0027501098796397657,0.0025906735751295338
1,1024,0.006295188018314092,0.0018351615438541057,0.0036703230877082114,0.005115089514066473,0.002121894519065104,0.0011217843479367777,0.0022435686958735554,0.002544529262086514,0.0040322895511384505,0.0013855539836391208,0.0027711079672782415,0.005076142131979695
1,1280,0.0059971818099630436,0.001898568484563274,0.003797136969126548,0.005102040816326481,0.0017641711878664396,0.0011702295416451498,0.0023404590832902996,0.0025380710659898475,0.0035278069386276106,0.0012329757146837233,0.0024659514293674466,0.002551020408163265
1,1518,0.004932486306403095,0.001971365466900109,0.003942730933800218,0.005076142131979711,0.0012674318701172702,0.0012674366139027013,0.0025348732278054026,0.0012626262626262627,0.002890062743516609,0.0010590010831945337,0.0021180021663890674,0.0025380710659898475
