cores,pkt_sz,total_mean,total_stdev,total_95ci,total_median,user_mean,user_stdev,user_95ci,user_median,system_mean,system_stdev,system_95ci,system_median
1,64,0.006555426444772016,0.00261574444075229,0.00523148888150458,0.007772020725388629,0.0014405831253104131,0.0016704910183813746,0.0033409820367627492,0.001288659793814433,0.0038196847627460914,0.0012903401232694117,0.0025806802465388233,0.00260756636205396
1,128,0.005405113608217018,0.00206128669266793,0.00412257338533586,0.00512820512820511,0.0017061292974388052,0.0013472795296280479,0.0026945590592560957,0.0025575447570332483,0.0035567163296355555,0.001381634119378696,0.002763268238757392,0.002570694087403599
1,256,0.005428680153613567,0.0016996524479024628,0.0033993048958049256,0.0050890585241730735,0.0017623781250963326,0.0011690377418032524,0.002338075483606505,0.0025348583178050506,0.0036663020285172196,0.0013918497944892523,0.0027836995889785046,0.002551020408163265
1,512,0.005402853419166211,0.0017937233084077812,0.0035874466168155624,0.005063291139240533,0.0017538314339747031,0.0011633674262756693,0.0023267348525513386,0.002522072106454978,0.003509083558099414,0.001228210444309212,0.002456420888618424,0.002531645569620253
1,1024,0.004482633412450689,0.001338204764031918,0.002676409528063836,0.005037783375314908,0.001400447080930774,0.001252602520746943,0.002505205041493886,0.002515727250863891,0.0030821863315198903,0.0012029066075885538,0.0024058132151771076,0.0025252525252525255
1,1280,0.002522961805062044,0.0015702497302174094,0.003140499460434819,0.002525252525252486,0.000699869713282706,0.0011285074423245769,0.0022570148846491537,0.0,0.001612476796775866,0.0012122816956808857,0.0024245633913617714,0.0025188916876574307
1,1518,0.003711024902392233,0.0020128144462917778,0.0040256288925835555,0.0037751890766966056,0.0012601561686048732,0.0013943006719675489,0.0027886013439350978,0.0,0.0022409610931492362,0.0011544404074136244,0.0023088808148272488,0.0025188916876574307
