cores,pkt_sz,total_mean,total_stdev,total_95ci,total_median,user_mean,user_stdev,user_95ci,user_median,system_mean,system_stdev,system_95ci,system_median
1,64,0.004266559301416968,0.002119143038913925,0.00423828607782785,0.005037783375314908,0.0014691847721839254,0.001241695367324806,0.002483390734649612,0.002512562814070352,0.0027275811177310803,0.0014945049120105693,0.0029890098240211386,0.002522072106454978
1,128,0.00454397404583828,0.0016523656995287724,0.003304731399057545,0.005025125628140725,0.0015365133968363775,0.001360644182828624,0.002721288365657248,0.002512562814070352,0.003007460649001894,0.0009948767106030456,0.001989753421206091,0.0025188916876574307
1,256,0.004471370398472113,0.0016792808407962245,0.003358561681592449,0.005025125628140725,0.0013969292241480884,0.001249459571777543,0.002498919143555086,0.002506265664160401,0.003074441174324012,0.0011969608698948638,0.0023939217397897276,0.0025188916876574307
1,512,0.0032878569316004075,0.0012997244444875934,0.0025994488889751867,0.002525252525252486,0.0011889518878177537,0.0012569497657948334,0.002513899531589667,0.0,0.0020989050437826644,0.0012593935914362163,0.0025187871828724327,0.0025188916876574307
1,1024,0.00384479956968987,0.0016185969303937947,0.0032371938607875894,0.003768891926786644,0.0013276588060362653,0.0012558433756714193,0.0025116867513428386,0.0025094142391153765,0.0023772014486724176,0.001176691271243163,0.002353382542486326,0.0025188916876574307
1,1280,0.0035643899953905055,0.0018128853756744377,0.0036257707513488754,0.0037751890766966056,0.0012576887112769714,0.0012576915688108665,0.002515383137621733,0.001256281407035176,0.00223690787261158,0.0014248285489747885,0.002849657097949577,0.0025188916876574307
1,1518,0.0028666343327306584,0.0016914867526839677,0.0033829735053679355,0.0025188916876573986,0.0009088983437003976,0.001208950939872895,0.00241790187974579,0.0,0.0018877667754842306,0.0012397056347585212,0.0024794112695170423,0.0025188916876574307
