cores,pkt_sz,total_mean,total_stdev,total_95ci,total_median,user_mean,user_stdev,user_95ci,user_median,system_mean,system_stdev,system_95ci,system_median
1,64,0.0022289721843292854,0.0021353804252769895,0.004270760850553979,0.002673796791443861,0.000520105114648562,0.0010586243772037329,0.0021172487544074657,0.0,0.0009667388538101919,0.0012858913382071087,0.0025717826764142175,0.0
1,128,0.001892926380374718,0.0018115558393064952,0.0036231116786129905,0.002617801047120394,0.000509590447193917,0.0010372232532515208,0.0020744465065030415,0.0,0.0009468439045468356,0.0012594217288577731,0.0025188434577155462,0.0
1,256,0.00449283052193003,0.0020490572143890998,0.0040981144287781995,0.005284025072943288,0.0011036634139413254,0.0013058803702983457,0.0026117607405966915,0.0,0.0028006887459426097,0.0008729105249723412,0.0017458210499446823,0.002652519893899204
1,512,0.005845114781458632,0.0026283021229837325,0.005256604245967465,0.00527704485488123,0.0012415429284923984,0.0013125506441918177,0.0026251012883836355,0.0,0.0026302531096518288,0.0015153828752862912,0.0030307657505725823,0.002631578947368421
1,1024,0.0065234352513176925,0.0019564713231406327,0.0039129426462812655,0.005181347150259086,0.0017198846735680356,0.0012161520529894293,0.0024323041059788587,0.002577319587628866,0.004015105566449185,0.001414205289558251,0.002828410579116502,0.005141388174807198
1,1280,0.006422757864883176,0.0022104988956821174,0.004420997791364235,0.007692307692307665,0.001497384707848243,0.0014017728430033836,0.002803545686006767,0.0025575447570332483,0.003569707144037252,0.0013878375382115667,0.0027756750764231335,0.002577319587628866
1,1518,0.007597287286298176,0.002507813710238173,0.005015627420476346,0.007672634271099765,0.0018464037347783794,0.0015496590488233968,0.0030993180976467936,0.002551020408163265,0.0035501751586315697,0.0015055992083839224,0.0030111984167678447,0.002570694087403599
