cores,pkt_sz,total_mean,total_stdev,total_95ci,total_median,user_mean,user_stdev,user_95ci,user_median,system_mean,system_stdev,system_95ci,system_median
1,64,0.0046247019395375,0.0018242005774718364,0.003648401154943673,0.005044144212909996,0.0013308330297728125,0.0012588485468935553,0.0025176970937871106,0.002512562814070352,0.003224075498262723,0.0011248388194113783,0.0022496776388227567,0.002531645569620253
1,128,0.004408960752932049,0.001813556482194393,0.003627112964388786,0.005037783375314908,0.0016089447402404431,0.001347472813498293,0.002694945626996586,0.002512562814070352,0.002729870109212355,0.0012402529647455001,0.0024805059294910003,0.002522072106454978
1,256,0.004124866398899825,0.0018819872441952603,0.0037639744883905205,0.005025125628140725,0.0013281933086731594,0.0012563559424117134,0.0025127118848234267,0.002506265664160401,0.0026570853860094995,0.0014440559464431826,0.002888111892886365,0.0025188916876574307
1,512,0.004401921554771611,0.0019026938150593167,0.0038053876301186334,0.005025125628140725,0.0014663666121438876,0.0012393092196692932,0.0024786184393385865,0.002512562814070352,0.00293555494262772,0.0013876189191621782,0.0027752378383243564,0.0025188916876574307
1,1024,0.0035633378267657576,0.002082224829496734,0.004164449658993468,0.005025125628140725,0.0011871920849228176,0.001255087794816632,0.002510175589633264,0.0,0.0023059998383636983,0.0014956798757259206,0.002991359751451841,0.002515727250863891
1,1280,0.004401033678944177,0.0019044863689023784,0.003808972737804757,0.005025125628140725,0.001397277303383245,0.0015044468912127921,0.0030088937824255843,0.0012531328320802004,0.0030037563755609315,0.0014271232429633415,0.002854246485926683,0.0025188916876574307
1,1518,0.0033548392461200793,0.0019626105338190094,0.003925221067638019,0.002525252525252486,0.0011179278486554848,0.0013830889510887156,0.002766177902177431,0.0,0.0021672929067934714,0.0012071920395651825,0.002414384079130365,0.0025188916876574307
