cores,pkt_sz,total_mean,total_stdev,total_95ci,total_median,user_mean,user_stdev,user_95ci,user_median,system_mean,system_stdev,system_95ci,system_median
1,64,0.003982289959860407,0.002077542748731712,0.004155085497463424,0.005025125628140725,0.0013274882913384594,0.0012556873180488662,0.0025113746360977325,0.0025031328320802007,0.0025851831778508218,0.0013844613458420048,0.0027689226916840096,0.0025188916876574307
1,128,0.004608499457896144,0.0021670714766416402,0.0043341429532832805,0.005025125628140725,0.0016757512461069183,0.001184943155140276,0.002369886310280552,0.002512562814070352,0.0028633037673447743,0.0014643902187773394,0.002928780437554679,0.0025188916876574307
1,256,0.004262324978271593,0.0018540121949934497,0.0037080243899868994,0.005025125628140725,0.0015368623506089303,0.0012259952473239709,0.0024519904946479418,0.002512562814070352,0.0027254626276626546,0.0016094813843096634,0.0032189627686193267,0.0025188916876574307
1,512,0.0034932051681887556,0.0022338798116479735,0.004467759623295947,0.002525252525252486,0.0011870198077317462,0.0012549089308085547,0.0025098178616171094,0.0,0.002306185360457006,0.0014939521802740114,0.002987904360548023,0.0025188916876574307
1,1024,0.0034232306673631888,0.001974457961610937,0.003948915923221874,0.002525252525252486,0.0011870189331943505,0.0012549071382571676,0.0025098142765143353,0.0,0.002166593243497718,0.0012069935759584432,0.0024139871519168864,0.002512562814070352
1,1280,0.0049560574885257275,0.0019099550072055058,0.0038199100144110116,0.005025125628140725,0.0017448423439307414,0.0011574051412057702,0.0023148102824115404,0.0025094142391153765,0.0032112151445949774,0.0013987269212621858,0.0027974538425243715,0.0025188916876574307
1,1518,0.0035624649783622428,0.002162390762371711,0.004324781524743422,0.002525252525252486,0.0011871956164516894,0.0012550950657275245,0.002510190131455049,0.0,0.002375269361910552,0.0016688981476382038,0.0033377962952764076,0.0025188916876574307
