cores,pkt_sz,target_rate,target_pps,rate_median,rate_mean,pps_median,pps_mean,rate_95ci,pps_95ci
1,64,1,1953.125,0.9609465454545455,0.9609465454545455,1501.1818181818182,1501.1818181818182,6.545454545481277e-06,0.0
1,128,1,976.5625,0.869964,0.869964,849.5,849.5,0.0002450909090908615,0.09090909090900823
1,256,1,488.28125,0.9270287272727273,0.9270287272727273,452.6363636363636,452.6363636363636,0.005272000000000054,2.545454545454561
1,512,1,244.140625,0.9483465454545454,0.9483465454545454,231.54545454545456,231.54545454545456,0.010298909090909025,2.5454545454545325
1,1024,1,122.0703125,0.68974,0.68974,84.22727272727272,84.22727272727272,0.025565818181818134,3.1818181818181728
1,1280,1,97.65625,0.6694461818181818,0.6694461818181818,65.4090909090909,65.4090909090909,0.01886327272727284,1.9090909090909065
1,1518,1,82.34519104084322,0.7624345454545455,0.7624345454545455,62.81818181818181,62.81818181818181,0.12499709090909095,10.363636363636367
