cores,pkt_sz,target_rate,target_pps,rate_median,rate_mean,pps_median,pps_mean,rate_95ci,pps_95ci
1,64,100,195312.5,95.04366545454546,95.04366545454546,148505.7272727273,148505.7272727273,0.023854545454554454,37.27272727273521
1,128,100,97656.25,86.59279127272727,86.59279127272727,84563.27272727272,84563.27272727272,0.06348800000000665,62.0
1,256,100,48828.125,93.37669818181818,93.37669818181818,45594.09090909091,45594.09090909091,0.04580072727273432,22.36363636363967
1,512,100,24414.0625,96.90260945454546,96.90260945454546,23657.863636363636,23657.863636363636,0.0755898181818111,18.45454545454413
1,1024,100,12207.03125,98.34533236363636,98.34533236363636,12005.045454545454,12005.045454545454,0.027554909090895308,3.363636363636033
1,1280,100,9765.625,98.56071381818181,98.56071381818181,9625.136363636364,9625.136363636364,0.18898109090909543,18.45454545454595
1,1518,100,8234.519104084322,99.19630436363637,99.19630436363637,8168.409090909091,8168.409090909091,0.2704734545454528,22.272727272727934
