cores,pkt_sz,target_rate,target_pps,rate_median,rate_mean,pps_median,pps_mean,rate_95ci,pps_95ci
1,64,0.1,195.3125,0.09321345454545454,0.09321345454545454,145.5,145.5,0.000245090909090917,0.09090909090906507
1,128,0.1,97.65625,0.08365781818181818,0.08365781818181818,81.54545454545455,81.54545454545455,6.545454545453522e-06,0.0
1,256,0.1,48.828125,0.08353527272727274,0.08353527272727274,40.77272727272727,40.77272727272727,0.00025163636363635666,0.09090909090909349
1,512,0.1,24.4140625,0.07161963636363636,0.07161963636363636,17.5,17.5,0.00025163636363637054,0.09090909090909349
1,1024,0.1,12.20703125,0.0954509090909091,0.0954509090909091,11.681818181818182,11.681818181818182,0.00025163636363637054,0.09090909090908994
1,1280,0.1,9.765625,0.10950763636363636,0.10950763636363636,10.727272727272727,10.727272727272727,0.019297454545454548,1.8181818181818183
1,1518,0.1,8.234519104084322,0.08458181818181819,0.08458181818181819,7.0,7.0,0.005771636363636368,0.545454545454545
