cores,pkt_sz,target_rate,target_pps,rate_median,rate_mean,pps_median,pps_mean,rate_95ci,pps_95ci
1,64,0.5,976.5625,0.4803490909090909,0.4803490909090909,750.5454545454545,750.5454545454545,0.0,0.0
1,128,0.5,488.28125,0.4349207272727273,0.4349207272727273,424.72727272727275,424.72727272727275,0.0,0.0
1,256,0.5,244.140625,0.46470981818181817,0.46470981818181817,226.9090909090909,226.9090909090909,0.0,0.0
1,512,0.5,122.0703125,0.4719709090909091,0.4719709090909091,115.22727272727272,115.22727272727272,0.009309090909090878,2.2727272727272663
1,1024,0.5,61.03515625,0.35275418181818186,0.35275418181818186,43.09090909090909,43.09090909090909,0.09036363636363637,11.090909090909086
1,1280,0.5,48.828125,0.37667854545454543,0.37667854545454543,36.81818181818182,36.81818181818182,0.1277861818181818,12.545454545454547
1,1518,0.5,41.17259552042161,0.2855098181818182,0.2855098181818182,23.545454545454547,23.545454545454547,0.05876363636363635,4.90909090909091
