cores,pkt_sz,target_rate,target_pps,rate_median,rate_mean,pps_median,pps_mean,rate_95ci,pps_95ci
1,64,10,19531.25,9.540567272727273,9.540567272727273,14907.136363636364,14907.136363636364,0.0025018181818179386,3.9090909090919013
1,128,10,9765.625,8.710842181818181,8.710842181818181,8506.681818181818,8506.681818181818,0.001024000000001024,1.0
1,256,10,4882.8125,9.356288,9.356288,4568.5,4568.5,0.014336000000000126,7.0
1,512,10,2441.40625,9.688529454545453,9.688529454545453,2365.363636363636,2365.363636363636,0.002978909090908033,0.7272727272725206
1,1024,10,1220.703125,9.31703309090909,9.31703309090909,1137.3636363636365,1137.3636363636365,0.03971563636363484,4.909090909090764
1,1280,10,976.5625,9.212864363636363,9.212864363636363,899.7272727272727,899.7272727272727,0.10357600000000033,10.181818181818244
1,1518,10,823.4519104084321,9.330578545454546,9.330578545454546,768.3636363636364,768.3636363636364,0.28176509090909185,23.272727272727252
