cores,pkt_sz,total_mean,total_stdev,total_95ci,total_median,user_mean,user_stdev,user_95ci,user_median,system_mean,system_stdev,system_95ci,system_median
1,64,0.004284505274660144,0.002157098927298207,0.004314197854596414,0.005025125628140725,0.001505377876919484,0.0014376764121702104,0.002875352824340421,0.002506265664160401,0.002748107907914623,0.0014168994315480051,0.0028337988630960102,0.0025188916876574307
