cores,pkt_sz,total_mean,total_stdev,total_95ci,total_median,user_mean,user_stdev,user_95ci,user_median,system_mean,system_stdev,system_95ci,system_median
1,64,0.12556174454099597,0.0008036792033926752,0.0016073584067853503,0.12531328320802004,9.259278549503281e-05,0.0004721329307833577,0.0009442658615667154,0.0,0.00027766232566731324,0.0007853480353151669,0.0015706960706303337,0.0
