cores,pkt_sz,total_mean,total_stdev,total_95ci,total_median,user_mean,user_stdev,user_95ci,user_median,system_mean,system_stdev,system_95ci,system_median
1,64,0.005756966567548865,0.0020807769889347933,0.004161553977869587,0.00512820512820511,0.0018134954948742397,0.0013216186333841241,0.0026432372667682482,0.002551020408163265,0.003754665443200762,0.0013909876130110993,0.0027819752260221987,0.002570694087403599
