cores,pkt_sz,total_mean,total_stdev,total_95ci,total_median,user_mean,user_stdev,user_95ci,user_median,system_mean,system_stdev,system_95ci,system_median
1,64,0.004414681149674557,0.0021271165187971637,0.0042542330375943275,0.005037783375314908,0.0013676661065827704,0.001254170449586182,0.002508340899172364,0.002512562814070352,0.0030159566819700006,0.0015510055131872354,0.0031020110263744708,0.0025252525252525255
