cores,pkt_sz,total_mean,total_stdev,total_95ci,total_median,user_mean,user_stdev,user_95ci,user_median,system_mean,system_stdev,system_95ci,system_median
1,64,0.0038524793830574397,0.0021791309458441916,0.004358261891688383,0.002680965147453085,0.0009793909215265394,0.0012770663098008864,0.002554132619601773,0.0,0.0023514681797297677,0.0013485177478928768,0.0026970354957857536,0.002631578947368421
