cores,pkt_sz,total_mean,total_stdev,total_95ci,total_median,user_mean,user_stdev,user_95ci,user_median,system_mean,system_stdev,system_95ci,system_median
1,64,0.00450429359601778,0.0020194179194024464,0.004038835838804893,0.005025125628140725,0.0015217450467491188,0.0013504344001202826,0.002700868800240565,0.002512562814070352,0.002951451121025972,0.0014114055060368883,0.0028228110120737766,0.0025188916876574307
