cores,pkt_sz,total_mean,total_stdev,total_95ci,total_median,user_mean,user_stdev,user_95ci,user_median,system_mean,system_stdev,system_95ci,system_median
1,64,0.0030962419292462785,0.0021149614527475264,0.004229922905495053,0.002617801047120394,0.0006444777306901839,0.0011255378718602648,0.0022510757437205296,0.0,0.001515777457006307,0.0012892317008309539,0.0025784634016619077,0.0026041666666666665
