cores,pkt_sz,target_rate,target_pps,rate_median,rate_mean,pps_median,pps_mean,rate_95ci,pps_95ci
1,64,0.5,976.5625,0.4803490909090909,0.48045947474747475,750.5454545454545,750.5858585858584,0.00024686433562601023,0.09034618090911323
