cores,pkt_sz,target_rate,target_pps,rate_median,rate_mean,pps_median,pps_mean,rate_95ci,pps_95ci
1,64,10,19531.25,9.543563636363636,9.543051313131313,14911.818181818182,14910.919191919193,0.0024587601362499965,3.8487897225406313
