cores,pkt_sz,target_rate,target_pps,rate_median,rate_mean,pps_median,pps_mean,rate_95ci,pps_95ci
1,64,1000,1953125.0,646.9994596363637,647.3443410101012,1010936.3636363636,1011475.4343434343,1.6764348428608034,2619.469488032811
