cores,pkt_sz,target_rate,target_pps,rate_median,rate_mean,pps_median,pps_mean,rate_95ci,pps_95ci
1,64,100,195312.5,95.71595636363637,95.71530181818181,149556.18181818182,149555.0606060606,0.103566431075673,161.76719205722497
