cores,pkt_sz,target_rate,target_pps,rate_median,rate_mean,pps_median,pps_mean,rate_95ci,pps_95ci
1,64,0.1,195.3125,0.09309090909090909,0.09203119191919192,145.45454545454547,143.66666666666666,0.006527812721505437,10.306951125622398
