cores,pkt_sz,target_rate,target_pps,rate_median,rate_mean,pps_median,pps_mean,rate_95ci,pps_95ci
1,64,50,97656.25,47.75563636363637,47.76509898989898,74618.18181818182,74632.86868686868,0.03462184577126102,54.06530154299988
