cores,pkt_sz,target_rate,target_pps,rate_median,rate_mean,pps_median,pps_mean,rate_95ci,pps_95ci
1,64,1,1953.125,0.9606981818181818,0.9607806060606061,1501.090909090909,1501.121212121212,0.00023315818692164816,0.08570991287123308
