cores,pkt_sz,total_mean,total_stdev,total_95ci,total_median,user_mean,user_stdev,user_95ci,user_median,system_mean,system_stdev,system_95ci,system_median
1,64,0.011612058880029124,0.0022846373811149555,0.004569274762229911,0.01033591731266148,0.003287940085628032,0.0012821542036682268,0.0025643084073364536,0.002577319587628866,0.007832356929147955,0.001664954211268715,0.00332990842253743,0.007731958762886598
1,128,0.035766853136796374,0.0037942820325800545,0.007588564065160109,0.03542234332425065,0.00917814030277075,0.0017375544033552525,0.003475108806710505,0.00819672131147541,0.026003695920020404,0.00298033596645792,0.00596067193291584,0.025451642598239455
1,256,0.025295591791656014,0.002262459658189266,0.004524919316378532,0.026246719160105014,0.006814714777983445,0.001608760049417624,0.003217520098835248,0.007853403141361256,0.01823802081942106,0.002051850228506132,0.004103700457012264,0.01837270341207349
1,512,0.021544512999865803,0.0021920003265930637,0.0043840006531861275,0.020565552699228773,0.00560815564908244,0.0014288563724695947,0.0028577127449391894,0.005141388174807198,0.015683678552610117,0.0017359179683223312,0.0034718359366446624,0.015424164524421594
1,1024,0.014157428999912708,0.0019508450004488078,0.0039016900008976155,0.012787723785166238,0.0040222496267356906,0.0014315723640010937,0.0028631447280021874,0.005076142131979695,0.009915679022194842,0.0014746748116866947,0.0029493496233733893,0.010178117048346057
1,1280,0.01142148805542488,0.0018155543841073913,0.0036311087682147827,0.012658227848101222,0.002949136467008473,0.0012571159074296358,0.0025142318148592717,0.002544529262086514,0.00837850761057411,0.0014273039388677296,0.0028546078777354593,0.007633587786259542
1,1518,0.010462102438869485,0.001826515552677221,0.003653031105354442,0.010152284263959421,0.002975811404853439,0.0011792196756587245,0.002358439351317449,0.0025380710659898475,0.007298563014131506,0.0014759186571253427,0.0029518373142506855,0.007614213197969543
