cores,pkt_sz,total_mean,total_stdev,total_95ci,total_median,user_mean,user_stdev,user_95ci,user_median,system_mean,system_stdev,system_95ci,system_median
1,64,0.014662006547082766,0.0018693493098178894,0.003738698619635779,0.015228426395939132,0.0037160710027284915,0.001383367572948467,0.002766735145896934,0.002551020408163265,0.010852011837225124,0.001477530402175901,0.002955060804351802,0.010178117048346057
1,128,0.009770644946723205,0.0018260851134367627,0.0036521702268735253,0.010126582278481067,0.002798276032368016,0.001244129783028622,0.002488259566057244,0.0025380710659898475,0.0069099773381073515,0.0015584170347524681,0.0031168340695049363,0.007594936708860759
1,256,0.007496091529106548,0.0019184192392346208,0.0038368384784692416,0.007575757575757569,0.0022281879796440425,0.0011681953780884394,0.0023363907561768787,0.0025252525252525255,0.005205669428547542,0.001386600381554594,0.002773200763109188,0.005050505050505051
1,512,0.005584879374108107,0.002118690520039359,0.004237381040078718,0.005050505050505083,0.0017573267035562096,0.00131470675939352,0.00262941351878704,0.0025188916876574307,0.0037964552423092107,0.0013742352906114656,0.002748470581222931,0.005025125628140704
1,1024,0.0036549499599993645,0.002070787021569785,0.00414157404313957,0.0025316455696202667,0.001104004085157944,0.0012498686617974642,0.0024997373235949283,0.0,0.0024732802411678357,0.0015674058188659761,0.0031348116377319523,0.0025252525252525255
1,1280,0.0038566876365932617,0.0019772961927998303,0.0039545923855996605,0.0025316455696202667,0.001228158606153445,0.001289457218260513,0.002578914436521026,0.0,0.002597470669318042,0.0013811132637908195,0.002762226527581639,0.002522072106454978
1,1518,0.0034682819199604656,0.0019948713089657966,0.003989742617931593,0.002525252525252486,0.001119316418971283,0.001371064898407565,0.00274212979681513,0.0,0.002333416786867845,0.0012976183106502292,0.0025952366213004585,0.0025188916876574307
