cores,pkt_sz,total_mean,total_stdev,total_95ci,total_median,user_mean,user_stdev,user_95ci,user_median,system_mean,system_stdev,system_95ci,system_median
1,64,0.004803910020290693,0.0018235804740050485,0.003647160948010097,0.005037783375314908,0.0015543684663456034,0.0012239171638139975,0.002447834327627995,0.002512562814070352,0.0032029344787019623,0.0013672999151798672,0.0027345998303597344,0.0025252525252525255
1,128,0.004258804501773315,0.0017692818802542895,0.003538563760508579,0.005025125628140725,0.0013828243438517005,0.001252378646192057,0.002504757292384114,0.002512562814070352,0.0028294510210951467,0.00117611850069814,0.00235223700139628,0.0025188916876574307
1,256,0.003077679359320665,0.0019748460343982925,0.003949692068796585,0.002525252525252486,0.0009945737192529871,0.0013524791288691447,0.0027049582577382894,0.0,0.0020210668562407838,0.0013649923359150557,0.0027299846718301115,0.0025188916876574307
1,512,0.003076506342890742,0.0019939286723349315,0.003987857344669863,0.002525252525252486,0.0009471839145116099,0.0012187965216711575,0.002437593043342315,0.0,0.0021136949865913574,0.001366800639616227,0.002733601279232454,0.0025188916876574307
1,1024,0.0031374510514475254,0.0019933298886363783,0.003986659777272757,0.002525252525252486,0.0010403605763316364,0.0012388250866880127,0.0024776501733760254,0.0,0.0020660321139941216,0.0014213807693035428,0.0028427615386070857,0.0025188916876574307
1,1280,0.003835621125468537,0.0019755840656419383,0.003951168131283877,0.005025125628140725,0.0012417509867664997,0.0012876538936478059,0.0025753077872956117,0.0,0.0025317918975725807,0.0012939024855329355,0.002587804971065871,0.0025188916876574307
1,1518,0.004053106430109036,0.0018331397791575173,0.0036662795583150345,0.005025125628140725,0.0013662585019423897,0.0012840688371750285,0.002568137674350057,0.002506265664160401,0.0026403578584610872,0.0013329258831872779,0.0026658517663745557,0.0025188916876574307
