cores,pkt_sz,total_mean,total_stdev,total_95ci,total_median,user_mean,user_stdev,user_95ci,user_median,system_mean,system_stdev,system_95ci,system_median
1,64,0.050691666493626435,0.004298856220538087,0.008597712441076174,0.05053191489361697,0.012029612587031955,0.0019499610802239658,0.0038999221604479315,0.013157894736842105,0.03776234848815626,0.003384714064218406,0.006769428128436812,0.037333333333333336
1,128,0.036075063839681606,0.0019219336587296383,0.0038438673174592767,0.036175710594315236,0.009269853420149696,0.0016840179066827678,0.0033680358133655356,0.01029602735006493,0.026263714050130452,0.0017894830966038876,0.003578966193207775,0.025839793281653745
1,256,0.021437292162015852,0.0019930437153244883,0.003986087430648977,0.020460358056266004,0.005090986886170798,0.0012801800833651738,0.0025603601667303477,0.00510204081632653,0.016094550934198232,0.0015364493209112935,0.003072898641822587,0.015345268542199489
1,512,0.012649757433075942,0.0017484768339334309,0.0034969536678668618,0.012690355329949221,0.0033069340970411634,0.001260138479170216,0.002520276958340432,0.002544529262086514,0.009280194376360046,0.0013501597009675686,0.002700319401935137,0.010126582278481013
1,1024,0.008485030600265276,0.0018401703640302434,0.0036803407280604867,0.0076142131979695105,0.002328064141365811,0.0011911458407945208,0.0023822916815890416,0.002531645569620253,0.006094614345888468,0.0015216054304991074,0.0030432108609982148,0.005076142131979695
1,1280,0.008751254149668927,0.0017632648105628315,0.003526529621125663,0.0076142131979695105,0.0024798434641095895,0.0011713966566954592,0.0023427933133909184,0.0025252525252525255,0.006162333901325127,0.001395234085857786,0.002790468171715572,0.005076142131979695
1,1518,0.0076552324926710425,0.0018994406375098995,0.003798881275019799,0.007575757575757569,0.002213384702239441,0.0013665223661363957,0.0027330447322727915,0.0025252525252525255,0.0053172613591969484,0.0014144160362986647,0.0028288320725973295,0.005050505050505051
