cores,pkt_sz,total_mean,total_stdev,total_95ci,total_median,user_mean,user_stdev,user_95ci,user_median,system_mean,system_stdev,system_95ci,system_median
1,64,0.0023773222787348246,0.0018983071842951147,0.0037966143685902293,0.0025188916876573986,0.0007146185290677494,0.0011348173165842278,0.0022696346331684556,0.0,0.0016005868315983659,0.0014453574031779834,0.0028907148063559668,0.002512562814070352
1,128,0.004377990159315146,0.0017286993017900673,0.0034573986035801346,0.005025125628140725,0.0014123184297693922,0.0012475062949312665,0.002495012589862533,0.002506265664160401,0.0029191425927192842,0.00124395975444292,0.00248791950888584,0.0025188916876574307
1,256,0.0034483515361683117,0.001909570163027195,0.00381914032605439,0.002525252525252486,0.0011181453920379274,0.0013705981282516125,0.002741196256503225,0.0,0.0023146964971299585,0.0013666214448134902,0.0027332428896269805,0.0025188916876574307
1,512,0.003571212495268456,0.002118993244740236,0.004237986489480472,0.002525252525252486,0.0011798684728919146,0.001255097465907031,0.002510194931814062,0.0,0.002344697289569967,0.0015571007677369513,0.0031142015354739027,0.0025188916876574307
1,1024,0.0034789359512779395,0.0020337537631533826,0.004067507526306765,0.002525252525252486,0.0011487716291873552,0.0013998028184121687,0.0027996056368243373,0.0,0.0022835961181432115,0.0013040106113017434,0.0026080212226034867,0.0025188916876574307
1,1280,0.0036804076647025293,0.0017427022121485295,0.003485404424297059,0.002525252525252486,0.0012418299131952942,0.0012572620666876388,0.0025145241333752776,0.0,0.002391970676264126,0.001272892094452187,0.002545784188904374,0.0025188916876574307
1,1518,0.003168586168617326,0.0017983304720753889,0.0035966609441507777,0.002525252525252486,0.0010709878164790615,0.0013042546320361174,0.0026085092640722347,0.0,0.002051030344016062,0.0012876113863975172,0.0025752227727950344,0.0025188916876574307
