cores,pkt_sz,total_mean,total_stdev,total_95ci,total_median,user_mean,user_stdev,user_95ci,user_median,system_mean,system_stdev,system_95ci,system_median
1,64,0.21601406209350277,0.003477035165515438,0.006954070331030876,0.2157360406091371,0.02625143008429991,0.0022999280776246373,0.004599856155249275,0.025477748351248896,0.0754400377138018,0.0028502611367654737,0.005700522273530947,0.0759493670886076
1,128,0.16186778350675537,0.0028236882756060276,0.005647376551212055,0.16249999999999998,0.01893630123710292,0.00200077179316125,0.0040015435863225,0.019851116625310174,0.05549893929526678,0.0023140123133312614,0.004628024626662523,0.05513784461152882
1,256,0.0948654858386471,0.0021518351794773444,0.004303670358954689,0.09523809523809523,0.012134096775713768,0.001486552044004138,0.002973104088008276,0.012531328320802004,0.029980983165790676,0.0015756753483752192,0.0031513506967504384,0.03007518796992481
1,512,0.05827852459533406,0.0017999398695861344,0.003599879739172269,0.05778894472361806,0.007384948953976039,0.0012796816204065592,0.0025593632408131184,0.007518796992481203,0.01792924935548744,0.0013837291639246865,0.002767458327849373,0.017587939698492462
1,1024,0.03987629462936802,0.0021313856349105026,0.004262771269821005,0.040100250626566414,0.005724929641611337,0.0014011126415339377,0.0028022252830678753,0.005025125628140704,0.013338550251428993,0.0016026851066898947,0.0032053702133797895,0.01256281407035176
1,1280,0.04245547457137954,0.0020844429108213994,0.004168885821642799,0.041884816753926746,0.01108113948976942,0.001751825363906619,0.003503650727813238,0.010471204188481676,0.03085892205847433,0.001993219375105013,0.003986438750210026,0.031331592689295036
1,1518,0.035458228361030054,0.0024277672803561115,0.004855534560712223,0.036363636363636376,0.009020881976207389,0.0018014876928824127,0.0036029753857648255,0.007853403141361256,0.02590807711093308,0.0018496347319101893,0.0036992694638203786,0.026041666666666668
