cores,pkt_sz,target_rate,target_pps,rate_median,rate_mean,pps_median,pps_mean,rate_95ci,pps_95ci
1,64,0.5,976.5625,0.4803490909090909,0.48045947474747464,750.5454545454545,750.5858585858585,0.0004130185042693391,0.15117807623334212
1,128,0.5,488.28125,0.4349207272727273,0.43503111111111115,424.72727272727275,424.7676767676768,0.0004130185042693391,0.15117807623329485
1,256,0.5,244.140625,0.46470981818181817,0.46479224242424233,226.9090909090909,226.93939393939394,0.00023315818692161235,0.08570991287109911
1,512,0.5,122.0703125,0.4766254545454545,0.47668137373737374,116.36363636363636,116.38383838383837,0.00020923045750685678,0.07558903811664743
1,1024,0.5,61.03515625,0.4766254545454545,0.4767358383838384,58.18181818181818,58.22222222222222,0.0004130185042693852,0.15117807623329485
1,1280,0.5,48.828125,0.4766254545454545,0.4833556363636364,46.54545454545455,47.23232323232324,0.03737138001183499,3.631422007049912
1,1518,0.5,41.17259552042161,0.565248,0.5575077171717173,46.54545454545455,45.939393939393945,0.04448874670430793,3.6865227456352843
