cores,pkt_sz,target_rate,target_pps,rate_median,rate_mean,pps_median,pps_mean,rate_95ci,pps_95ci
1,64,10,19531.25,9.548276363636363,9.548331555555556,14919.181818181818,14919.20202020202,0.004211638893200714,6.511572112037518
1,128,10,9765.625,8.728203636363636,8.727366222222223,8523.636363636364,8522.767676767678,0.003586567302392598,3.502706403303485
1,256,10,4882.8125,9.354026181818181,9.357829575757574,4567.363636363636,4569.242424242424,0.011234575056890747,5.486103991579964
1,512,10,2441.40625,9.699328,9.69941115151515,2368.0,2368.030303030303,0.00023521498674896628,0.08570991287101871
1,1024,10,1220.703125,9.866146909090908,9.866230060606059,1204.3636363636363,1204.3939393939393,0.00023521498674896628,0.08570991287123308
1,1280,10,976.5625,9.949556363636363,9.923160323232324,971.6363636363636,969.080808080808,0.05924886505700062,5.796325389557604
1,1518,10,823.4519104084321,10.033152,10.017533818181818,826.1818181818181,824.9191919191919,0.05870385077546202,4.822235340399259
