cores,pkt_sz,target_rate,target_pps,rate_median,rate_mean,pps_median,pps_mean,rate_95ci,pps_95ci
1,64,50,97656.25,47.84424727272727,47.84760153535353,74756.63636363637,74761.77777777778,0.044286037252450464,69.07071002508168
1,128,50,48828.125,43.44413090909091,43.444689131313126,42425.90909090909,42426.40404040404,0.03462625365949115,33.798963922714634
1,256,50,24414.0625,46.690304,46.68482165656565,22798.0,22795.31313131313,0.034475029951840035,16.839350284021258
1,512,50,12207.03125,48.56813381818182,48.5682442020202,11857.454545454546,11857.494949494949,0.0002468643356217469,0.09034618090809637
1,1024,50,6103.515625,49.521384727272725,49.521495111111115,6045.090909090909,6045.131313131314,0.0002468643356322536,0.09034618090900025
1,1280,50,4882.8125,49.74778181818182,49.73465260606061,4858.181818181818,4856.929292929292,0.04952564425985407,4.833140703126706
1,1518,50,4117.259552042161,49.883136,49.86754505050505,4107.636363636364,4106.383838383839,0.058736525871970986,4.833140703126706
