cores,pkt_sz,total_mean,total_stdev,total_95ci,total_median,user_mean,user_stdev,user_95ci,user_median,system_mean,system_stdev,system_95ci,system_median
1,64,0.042492736193335094,0.004765174283330531,0.009530348566661063,0.04404145077720212,0.032478220073821194,0.004681911683090898,0.009363823366181795,0.03250517458298949,0.008788125561873432,0.0015136141242400561,0.0030272282484801122,0.007832898172323759
1,256,0.045378299870284286,0.0030502177373308162,0.0061004354746616325,0.04515280207686667,0.033666990189881923,0.0020817292742230926,0.004163458548446185,0.03430079155672823,0.009943837095753357,0.0016937036806821354,0.003387407361364271,0.010554089709762533
1,512,0.03750782800937528,0.002417026324456446,0.004834052648912892,0.03693931398416883,0.026980655673682054,0.0021438600145156066,0.004287720029031213,0.026385224274406333,0.01038116536726604,0.0019441244929413487,0.0038882489858826975,0.010526315789473684
1,1518,0.017947487004821197,0.002620174056897565,0.00524034811379513,0.017857142857142905,0.011279386073973678,0.0019191579529539325,0.003838315905907865,0.010230179028132993,0.0065261944912311555,0.0016347203228494242,0.0032694406456988483,0.007633587786259542
