cores,pkt_sz,total_mean,total_stdev,total_95ci,total_median,user_mean,user_stdev,user_95ci,user_median,system_mean,system_stdev,system_95ci,system_median
1,64,0.02557545114705386,0.0016535639113020896,0.003307127822604179,0.025839793281653756,0.018320537987585307,0.0013990488019361177,0.0027980976038722355,0.01808785529715762,0.0071119127796065345,0.0016523130468056,0.0033046260936112,0.007751937984496124
1,256,0.011070465309073414,0.0019801228799140613,0.0039602457598281226,0.010178117048346036,0.006417136572892319,0.0012613201772690584,0.002522640354538117,0.007585347142309167,0.004653328736181095,0.001396916440952071,0.002793832881904142,0.005076142131979695
1,512,0.007581818772747973,0.002295152074251849,0.004590304148503698,0.007575757575757569,0.004072558511091517,0.0012288746538386592,0.0024577493076773185,0.005044144212909956,0.00343911435817722,0.0016958355239158232,0.0033916710478316464,0.0025380710659898475
1,1518,0.0057350453383846044,0.002478377821444542,0.004956755642889084,0.005050505050505083,0.0024482316830308944,0.0013886885527848395,0.002777377105569679,0.0025188916876574307,0.003217195164682582,0.001520239500152796,0.003040479000305592,0.0025252525252525255
