cores,pkt_sz,total_mean,total_stdev,total_95ci,total_median,user_mean,user_stdev,user_95ci,user_median,system_mean,system_stdev,system_95ci,system_median
1,64,0.005791484637422319,0.0022683181335676514,0.004536636267135303,0.005037783375314908,0.0021630842124004046,0.001466484057387917,0.002932968114775834,0.002512562814070352,0.0035586070135199496,0.0014900143738790811,0.0029800287477581623,0.0025252525252525255
1,256,0.00655673771018493,0.0013545459279364427,0.0027090918558728854,0.007518796992481258,0.002371753307677126,0.0010151802839094444,0.002030360567818889,0.002512562814070352,0.004184984402507786,0.001447610442322978,0.002895220884645956,0.005012531328320802
1,512,0.006347381242267556,0.0017139252152540987,0.0034278504305081973,0.007518796992481258,0.0025106501276188136,0.0013222856677707177,0.0026445713355414354,0.002512562814070352,0.003767112623977597,0.0012524638716812635,0.002504927743362527,0.0037626262626262626
1,1518,0.005928449350774846,0.002370096278843835,0.00474019255768767,0.005037783375314908,0.0023014448072679254,0.0016075357084365817,0.0032150714168731635,0.002512562814070352,0.0036270045435069084,0.0016103709106572758,0.0032207418213145516,0.0025252525252525255
