cores,pkt_sz,target_rate,target_pps,rate_median,rate_mean,pps_median,pps_mean,rate_95ci,pps_95ci
1,64,100,195312.5,95.02662436363636,95.02662436363636,148478.95454545453,148478.95454545453,0.0026640000000099917,4.454545454558684
1,256,100,48828.125,93.36999563636363,93.36999563636363,45590.81818181818,45590.81818181818,0.0014894545454495756,0.7272727272720658
1,512,100,24414.0625,96.93475854545454,96.93475854545454,23665.727272727272,23665.727272727272,0.04927272727272225,12.0
1,1518,100,8234.519104084322,99.18790181818181,99.18790181818181,8167.681818181818,8167.681818181818,0.09077963636364927,7.545454545454049
