cores,pkt_sz,target_rate,target_pps,rate_median,rate_mean,pps_median,pps_mean,rate_95ci,pps_95ci
1,64,0.1,195.3125,0.09321345454545454,0.09321345454545454,145.5,145.5,0.000245090909090917,0.09090909090906507
1,256,0.1,48.828125,0.083532,0.083532,40.77272727272727,40.77272727272727,0.00024509090909090314,0.09090909090909349
1,512,0.1,24.4140625,0.07161636363636363,0.07161636363636363,17.5,17.5,0.000245090909090917,0.09090909090909349
1,1518,0.1,8.234519104084322,0.10389854545454545,0.10389854545454545,8.59090909090909,8.59090909090909,0.07531709090909092,6.2727272727272725
