cores,pkt_sz,target_rate,target_pps,rate_median,rate_mean,pps_median,pps_mean,rate_95ci,pps_95ci
1,64,1,1953.125,0.9595698181818182,0.9595698181818182,1499.181818181818,1499.181818181818,0.002256727272727188,3.818181818181756
1,256,1,488.28125,0.928768,0.928768,453.5,453.5,0.0013032727272727085,0.636363636363626
1,512,1,244.140625,0.9533767272727272,0.9533767272727272,232.77272727272725,232.77272727272725,0.0002516363636363428,0.09090909090909349
1,1518,1,82.34519104084322,0.9865498181818182,0.9865498181818182,81.27272727272728,81.27272727272728,0.016308363636363676,1.2727272727272663
