cores,pkt_sz,target_rate,target_pps,rate_median,rate_mean,pps_median,pps_mean,rate_95ci,pps_95ci
1,64,10,19531.25,9.538488363636363,9.538488363636363,14903.590909090908,14903.590909090908,0.0011119999999991137,1.7272727272738848
1,256,10,4882.8125,9.362308,9.362308,4571.409090909091,4571.409090909091,0.005765090909090276,2.8181818181819835
1,512,10,2441.40625,9.689708727272727,9.689708727272727,2365.681818181818,2365.681818181818,0.0167498181818182,4.090909090909008
1,1518,10,823.4519104084321,9.622586545454546,9.622586545454546,792.409090909091,792.409090909091,0.14376509090909195,11.909090909090878
