cores,pkt_sz,total_mean,total_stdev,total_95ci,total_median,user_mean,user_stdev,user_95ci,user_median,system_mean,system_stdev,system_95ci,system_median
1,64,0.014465881960201309,0.005501124493308222,0.011002248986616444,0.015306122448979553,0.0025526490807061667,0.0030605309290010004,0.006121061858002001,0.0,0.011066439239916905,0.004863824394189909,0.009727648788379818,0.010256410256410256
1,128,0.014026831998912078,0.007513302184447084,0.015026604368894168,0.010282844303462824,0.0038245122546318407,0.0036775660616389467,0.0073551321232778934,0.005076142131979695,0.0092130683668024,0.00561475476158416,0.01122950952316832,0.01020408163265306
1,256,0.014162283234698626,0.007804009796380035,0.01560801959276007,0.01276885237322728,0.00283032835379436,0.0035072894978491593,0.0070145789956983185,0.0,0.0104844851096975,0.0049440564043321785,0.009888112808664357,0.01020408163265306
1,512,0.01527881362793195,0.007685534964993158,0.015371069929986316,0.015228426395939132,0.0035339292712583173,0.0037632157398147996,0.007526431479629599,0.0050633235912423726,0.011180105215913705,0.005074671985953204,0.010149343971906408,0.01020408163265306
1,1024,0.013854062085764344,0.005416436481216997,0.010832872962433994,0.015228426395939132,0.0031129659649922078,0.0027592410867424196,0.005518482173484839,0.0050633235912423726,0.010316601520224228,0.004539118628858948,0.009078237257717897,0.01020408163265306
1,1280,0.012328024288762047,0.005115496597420653,0.010230993194841305,0.01025641025641022,0.003543899119687393,0.003358915133777245,0.00671783026755449,0.005089091474153113,0.008642401813065602,0.004282610124610324,0.008565220249220648,0.01015228426395939
1,1518,0.011751756091029032,0.004894146900991437,0.009788293801982874,0.01025641025641022,0.0026906223213934116,0.0025451199852022438,0.0050902399704044875,0.0050633235912423726,0.008920129821525076,0.004365718976862011,0.008731437953724022,0.010178182948306226
