cores,pkt_sz,total_mean,total_stdev,total_95ci,total_median,user_mean,user_stdev,user_95ci,user_median,system_mean,system_stdev,system_95ci,system_median
1,64,0.1858664013784497,0.030102981771073435,0.06020596354214687,0.18439716312056742,0.005641522700000772,0.006024467528272252,0.012048935056544504,0.007017630257066877,0.02293526492519065,0.00950807710868443,0.01901615421736886,0.021201678154030568
1,128,0.12220085804261199,0.023122893122942814,0.04624578624588563,0.11620903785724973,0.0036840854366437616,0.0038203702332415316,0.007640740466483063,0.0058997563522450395,0.016751471756025087,0.007104354181699365,0.01420870836339873,0.015034709535988308
1,256,0.08063521147713773,0.01583506440637495,0.0316701288127499,0.08031326781326781,0.0034066609251863964,0.003531978824851078,0.007063957649702156,0.005465133641929222,0.012444279828735076,0.0060181844918880964,0.012036368983776193,0.011267695042214181
1,512,0.05650005566975172,0.01178084612535372,0.02356169225070744,0.0586670838548185,0.0025365108457556583,0.003228060014284967,0.006456120028569934,0.0,0.012668455219729712,0.00658501608580542,0.01317003217161084,0.010781749491426912
1,1024,0.023007797415144325,0.011660648829294634,0.023321297658589268,0.021164021164021163,0.003102245724016807,0.0036327569670145726,0.007265513934029145,0.0,0.010172777411394517,0.004550259548295107,0.009100519096590215,0.010610154227175504
1,1280,0.016515141982287526,0.009144289126612018,0.018288578253224035,0.015789473684210575,0.003065679125785468,0.003585163440788365,0.00717032688157673,0.0025906735751295338,0.009071741459959305,0.005747785422883616,0.011495570845767232,0.010416949244499905
1,1518,0.017075383740518632,0.007927014792150536,0.01585402958430107,0.015789473684210575,0.0030618997685107705,0.0035672988992997466,0.007134597798599493,0.0025906735751295338,0.009337232675985201,0.004451931313525338,0.008903862627050676,0.010471204188481676
