cores,pkt_sz,total_mean,total_stdev,total_95ci,total_median,user_mean,user_stdev,user_95ci,user_median,system_mean,system_stdev,system_95ci,system_median
1,64,0.022271107223158528,0.020924901227707172,0.041849802455414344,0.020618556701030966,0.00314427435525925,0.007080842862067932,0.014161685724135864,0.0,0.013997668548216602,0.013191304095022165,0.02638260819004433,0.010362694300518135
1,128,0.017648491588916574,0.005614899790584188,0.011229799581168376,0.015463917525773141,0.0027001155056595493,0.003063830207021806,0.006127660414043612,0.0,0.011108651835921326,0.0036829034605466186,0.007365806921093237,0.010309278350515464
1,256,0.017754362840167556,0.007195458637859971,0.014390917275719941,0.015424266455194235,0.0031274662683385573,0.00423612187228073,0.00847224374456146,0.0,0.010648393237468697,0.005947744889473339,0.011895489778946678,0.01020408163265306
1,512,0.01712511779274243,0.005200150018110961,0.010400300036221923,0.01538461538461533,0.0026899031393921614,0.002544442505026863,0.005088885010053726,0.005076142131979695,0.011745311851651492,0.004426902052514676,0.008853804105029351,0.010256410256410256
1,1024,0.013869223074496577,0.0056638445778967195,0.011327689155793439,0.015228426395939132,0.003534546369822194,0.0033480407871143516,0.006696081574228703,0.005076142131979695,0.009768488043247633,0.004196073610302965,0.00839214722060593,0.01020408163265306
1,1280,0.012620505121739697,0.00781130015719235,0.0156226003143847,0.01025641025641022,0.0029777540791989573,0.00424177478725477,0.00848354957450954,0.0,0.009503862153651869,0.004959832612623207,0.009919665225246415,0.01020408163265306
1,1518,0.01289646755831715,0.004374573385554077,0.008749146771108154,0.01276885237322728,0.003120850606235205,0.0030150494890313143,0.0060300989780626285,0.005076142131979695,0.009491443453622742,0.004638464630607734,0.009276929261215467,0.01020408163265306
