cores,pkt_sz,total_mean,total_stdev,total_95ci,total_median,user_mean,user_stdev,user_95ci,user_median,system_mean,system_stdev,system_95ci,system_median
1,64,0.46398540285212925,0.049722143514091245,0.09944428702818249,0.4699453551912568,0.0044337583806784925,0.003613727815189652,0.007227455630379304,0.00546448087431694,0.01797489385363073,0.005347782667962495,0.01069556533592499,0.01675977653631285
1,128,0.49606990509310595,0.03283231539457497,0.06566463078914994,0.49303227808814404,0.0031361178017327972,0.0028068724778072657,0.0056137449556145315,0.0054496317415062955,0.0120878451632647,0.0049222826003352815,0.009844565200670563,0.011396103896103897
1,256,0.5599521130542068,0.04099091845987512,0.08198183691975024,0.5592412931710575,0.002551978571432014,0.0031711916066171695,0.006342383213234339,0.0,0.01715314444965402,0.00660860363543726,0.01321720727087452,0.017143416927899686
1,512,0.549272079284894,0.0327732917569833,0.0655465835139666,0.5444035733053074,0.0032188702848680376,0.0036612760572104657,0.0073225521144209315,0.0027624309392265192,0.020770965033062763,0.009993474296579433,0.019986948593158867,0.018524871355060035
1,1024,0.4012848699459587,0.07801580481382323,0.15603160962764645,0.41666391412056153,0.0055406366738890225,0.009609564700325781,0.019219129400651562,0.005665767847971238,0.020250190597015508,0.02114690684912617,0.04229381369825234,0.017192118226600987
1,1280,0.11164348379600986,0.054008219292666054,0.10801643858533211,0.10196235236220474,0.0038506596352076952,0.0038598504651759396,0.007719700930351879,0.0035211267605633804,0.016243598145310886,0.007018603204298983,0.014037206408597966,0.015936507936507936
1,1518,0.07429697453936392,0.02085603437944468,0.04171206875888936,0.07380174291938996,0.0038018516749231865,0.003605558739346548,0.007211117478693096,0.0067117117117117125,0.015254476433907767,0.008639146515859517,0.017278293031719034,0.014035260514133754
