cores,pkt_sz,total_mean,total_stdev,total_95ci,total_median,user_mean,user_stdev,user_95ci,user_median,system_mean,system_stdev,system_95ci,system_median
1,64,0.39543329368663455,0.021212202187319798,0.042424404374639596,0.39775866398794574,0.0031047193727779167,0.002777137567326211,0.005554275134652422,0.005555555555555556,0.01583568434642666,0.005957043459546826,0.011914086919093653,0.016666666666666666
1,128,0.3775259356575431,0.018498377753919895,0.03699675550783979,0.37572254335260113,0.003184135567891029,0.003707716770416043,0.007415433540832086,0.0028089887640449437,0.012196976777495988,0.006995173999920024,0.013990347999840048,0.011428571428571429
1,256,0.4168400378274883,0.023538736239637464,0.04707747247927493,0.41666391412056153,0.0036968803911686795,0.003643991170162909,0.007287982340325818,0.005665767847971238,0.016250526262693674,0.006690084578442203,0.013380169156884406,0.017046004842615013
1,512,0.42179217177488165,0.02853573121804566,0.05707146243609132,0.42485298048650094,0.0043658130351848295,0.004723530619324057,0.009447061238648115,0.005780539962576851,0.020287226969777077,0.0069366878222047075,0.013873375644409415,0.017964071856287425
1,1024,0.08635826154062963,0.02484242203126425,0.0496848440625285,0.08945778213294137,0.004545083460683812,0.0035265168116167074,0.007053033623233415,0.006192009815198221,0.01536872782935013,0.007303416096228061,0.014606832192456122,0.01282051282051282
1,1280,0.04500001535031495,0.015542998080629712,0.031085996161259424,0.040071679121549464,0.0033587948939765916,0.004336696450662869,0.008673392901325738,0.0,0.012674695419928514,0.0071538268827255344,0.014307653765451069,0.012121212121212121
1,1518,0.03820994307283042,0.01112087810887287,0.02224175621774574,0.0359281437125748,0.002509765390819971,0.003274572066333456,0.006549144132666912,0.0,0.011214565262655579,0.0063883344811468505,0.012776668962293701,0.011976047904191617
