cores,pkt_sz,mwatt_mean,mwatt_stdev,mwatt_95ci,mwatt_median
1,64,1838.1733333333334,164.19418368369676,13.289984532534959,1799.0
1,128,1755.5933333333332,94.24486523000722,7.628240983191404,1717.0
1,256,1727.5466666666666,72.72703180768177,5.886573483523648,1711.0
1,512,1744.16,93.05712080938962,7.532104173564676,1703.0
1,1024,1711.48,55.79016878746051,4.515692721985715,1701.0
1,1280,1727.5933333333332,53.909813165652466,4.363495509095287,1706.0
1,1518,1723.4266666666667,55.47892652970935,4.49050057023851,1701.0
