cores,pkt_sz,mwatt_mean,mwatt_stdev,mwatt_95ci,mwatt_median
1,64,1827.02,203.79530481997537,16.49532515766964,1706.0
1,128,1847.6466666666668,245.93359907819743,19.906026233403168,1708.5
1,256,1828.4,212.04530962351734,17.163085938061386,1706.0
1,512,1838.6466666666668,232.91721380973303,18.852471503226866,1711.0
1,1024,1791.7733333333333,124.92222362556454,10.111286420180704,1727.0
1,1280,1797.6333333333334,165.02320712217687,13.357086231433868,1717.0
1,1518,1806.1533333333334,137.5851608600611,11.13623283550021,1722.0
