cores,pkt_sz,target_rate,target_pps,rate_median,rate_mean,pps_median,pps_mean,rate_95ci,pps_95ci
1,64,100,195312.5,1.6714243636363637,1.6714243636363637,2611.4545454545455,2611.4545454545455,0.017408727272727242,26.90909090909099
1,128,100,97656.25,3.292608363636364,3.292608363636364,3215.3636363636365,3215.3636363636365,0.13315418181818162,130.18181818181802
1,256,100,48828.125,9.301486909090908,9.301486909090908,4541.727272727272,4541.727272727272,0.18649527272727262,91.09090909090901
1,512,100,24414.0625,21.373609090909092,21.373609090909092,5218.181818181818,5218.181818181818,0.6611905454545486,161.45454545454595
1,1024,100,12207.03125,85.16750581818182,85.16750581818182,10396.454545454546,10396.454545454546,0.1479556363636334,18.0
1,1280,100,9765.625,97.44535890909091,97.44535890909091,9516.181818181818,9516.181818181818,0.008133090909083762,0.7272727272720658
1,1518,100,8234.519104084322,97.59869054545456,97.59869054545456,8036.818181818182,8036.818181818182,0.056058909090907605,4.545454545454049
