cores,pkt_sz,target_rate,target_pps,rate_median,rate_mean,pps_median,pps_mean,rate_95ci,pps_95ci
1,64,0.1,195.3125,0.09047272727272727,0.09047272727272727,141.36363636363637,141.36363636363637,0.00011636363636363667,0.18181818181818699
1,128,0.1,97.65625,0.08322327272727273,0.08322327272727273,81.27272727272728,81.27272727272728,0.00018618181818180757,0.18181818181817277
1,256,0.1,48.828125,0.08313018181818183,0.08313018181818183,40.59090909090909,40.59090909090909,0.0005585454545454643,0.2727272727272734
1,512,0.1,24.4140625,0.07093527272727274,0.07093527272727274,17.31818181818182,17.31818181818182,0.001117090909090887,0.2727272727272698
1,1024,0.1,12.20703125,0.09544763636363637,0.09544763636363637,11.681818181818182,11.681818181818182,0.00024509090909090314,0.09090909090908994
1,1280,0.1,9.765625,0.08948981818181818,0.08948981818181818,8.772727272727273,8.772727272727273,0.05982327272727273,5.909090909090908
1,1518,0.1,8.234519104084322,0.105984,0.105984,8.727272727272727,8.727272727272727,0.070656,5.818181818181818
