cores,pkt_sz,target_rate,target_pps,rate_median,rate_mean,pps_median,pps_mean,rate_95ci,pps_95ci
1,64,50,97656.25,3.0562098181818182,3.0562098181818182,4775.181818181818,4775.181818181818,0.20635854545454535,322.727272727273
1,128,50,48828.125,9.255267272727274,9.255267272727274,9038.272727272728,9038.272727272728,0.03578109090909187,35.09090909090992
1,256,50,24414.0625,21.138461454545457,21.138461454545457,10321.5,10321.5,0.1300821818181852,63.54545454545587
1,512,50,12207.03125,45.00492254545455,45.00492254545455,10987.545454545456,10987.545454545456,0.02023490909090242,4.909090909090082
1,1024,50,6103.515625,48.77678,48.77678,5954.227272727272,5954.227272727272,0.0002450909090967457,0.09090909090900823
1,1280,50,4882.8125,48.93428981818181,48.93428981818181,4778.772727272728,4778.772727272728,0.001616727272725882,0.09090909090900823
1,1518,50,4117.259552042161,49.09058654545454,49.09058654545454,4042.409090909091,4042.409090909091,0.07090109090909635,5.909090909090992
