cores,pkt_sz,target_rate,target_pps,rate_median,rate_mean,pps_median,pps_mean,rate_95ci,pps_95ci
1,64,1,1953.125,0.9457163636363637,0.9457163636363637,1477.6818181818182,1477.6818181818182,0.00029090909090923045,0.4545454545454959
1,128,1,976.5625,0.860672,0.860672,840.5,840.5,0.0023272727272727334,2.272727272727252
1,256,1,488.28125,0.9235549090909092,0.9235549090909092,450.9545454545455,450.9545454545455,0.005026909090909082,2.454545454545439
1,512,1,244.140625,0.9504581818181819,0.9504581818181819,232.04545454545456,232.04545454545456,0.0011170909090909564,0.2727272727272805
1,1024,1,122.0703125,0.953250909090909,0.953250909090909,116.36363636363636,116.36363636363636,0.0,0.0
1,1280,1,97.65625,0.9830399999999999,0.9830399999999999,96.0,96.0,0.05957818181818186,5.818181818181813
1,1518,1,82.34519104084322,1.05984,1.05984,87.27272727272727,87.27272727272727,0.0,0.0
