cores,pkt_sz,target_rate,target_pps,rate_median,rate_mean,pps_median,pps_mean,rate_95ci,pps_95ci
1,64,10,19531.25,9.359010909090909,9.359010909090909,14623.454545454544,14623.454545454544,0.01477818181818158,23.090909090909918
1,128,10,9765.625,8.576232727272728,8.576232727272728,8375.227272727272,8375.227272727272,0.0032581818181807165,3.1818181818180165
1,256,10,4882.8125,9.227357090909091,9.227357090909091,4505.545454545454,4505.545454545454,0.015266909090907888,7.454545454545041
1,512,10,2441.40625,9.568814545454547,9.568814545454547,2336.136363636364,2336.136363636364,0.018245818181819473,4.454545454545496
1,1024,10,1220.703125,9.771566545454546,9.771566545454546,1192.8181818181818,1192.8181818181818,0.0,0.0
1,1280,10,976.5625,9.836916363636364,9.836916363636364,960.6363636363636,960.6363636363636,0.059578181818181974,5.818181818181756
1,1518,10,823.4519104084321,9.8808,9.8808,813.6363636363636,813.6363636363636,0.07065600000000138,5.818181818181756
