cores,pkt_sz,total_mean,total_stdev,total_95ci,total_median,user_mean,user_stdev,user_95ci,user_median,system_mean,system_stdev,system_95ci,system_median
1,64,0.00698674162589746,0.002215811768621646,0.004431623537243292,0.007537688442211032,0.0023752667115949336,0.0014435231266276842,0.0028870462532553684,0.0025188916876574307,0.004472063012129428,0.0014605996239950513,0.0029211992479901026,0.005025125628140704
1,256,0.0063508717808376984,0.0016124947858389498,0.0032249895716778996,0.007518796992481258,0.0021630762880234635,0.0012052415418142446,0.0024104830836284893,0.002512562814070352,0.004187795492814221,0.001448632470216685,0.00289726494043337,0.005025125628140704
1,512,0.006348079149745898,0.0017148946137138694,0.003429789227427739,0.007518796992481258,0.0022321752769784552,0.0011484970261715069,0.0022969940523430137,0.002512562814070352,0.00404645942832298,0.0013571485429704363,0.0027142970859408725,0.005012531328320802
1,1518,0.00565048872772254,0.0023858423322869445,0.004771684664573889,0.005037783375314908,0.0019522957857636349,0.0014608759613461253,0.0029217519226922505,0.002512562814070352,0.0036285744512877683,0.0013779741847274802,0.0027559483694549604,0.002522072106454978
