cores,pkt_sz,total_mean,total_stdev,total_95ci,total_median,user_mean,user_stdev,user_95ci,user_median,system_mean,system_stdev,system_95ci,system_median
1,64,0.006209185868075701,0.0016107742112359848,0.0032215484224719696,0.0062846510214931706,0.0023024899460139477,0.0010878482534443167,0.0021756965068886335,0.002512562814070352,0.003906695922061731,0.0013759952773709473,0.0027519905547418945,0.005012531328320802
1,256,0.00634841316915684,0.0012489193570901877,0.0024978387141803755,0.007518796992481258,0.0020927554637133945,0.0009359150722361402,0.0018718301444722804,0.002512562814070352,0.004255657705443423,0.0012984223673149161,0.0025968447346298323,0.005012531328320802
1,512,0.006068902853422471,0.0015961435524989283,0.0031922871049978566,0.005037783375314908,0.002023318930360935,0.0011563547448001261,0.0023127094896002523,0.002512562814070352,0.003975965432390388,0.0014892943260284403,0.0029785886520568806,0.005006265664160401
1,1518,0.006901870562564765,0.0018038806581830201,0.0036077613163660403,0.007518796992481258,0.002649008973211268,0.0015592473653486642,0.0031184947306973285,0.002512562814070352,0.004183243098682352,0.0011802555843402147,0.0023605111686804295,0.005012531328320802
