cores,pkt_sz,total_mean,total_stdev,total_95ci,total_median,user_mean,user_stdev,user_95ci,user_median,system_mean,system_stdev,system_95ci,system_median
1,64,0.01457234687305178,0.0022659463788382676,0.004531892757676535,0.01526717557251911,0.0062254092325098286,0.001737327808783069,0.003474655617566138,0.005115089514066497,0.00799352804573124,0.0017037149227665583,0.0034074298455331166,0.007653061224489796
1,256,0.008623032772137083,0.0019949876479988067,0.003989975295997613,0.0075949367088608,0.00322460379221563,0.0012737163239372644,0.002547432647874529,0.002531645569620253,0.005328459766375413,0.0014253407241281218,0.0028506814482562436,0.005050505050505051
1,512,0.007692938503815204,0.0013078271130190914,0.0026156542260381828,0.007556675062972307,0.0027266941298603646,0.0012379197269906863,0.0024758394539813725,0.0025188916876574307,0.004896450962452865,0.0008266211698484279,0.0016532423396968558,0.005037783375314861
1,1518,0.0032185998253522136,0.0020178172742393603,0.0040356345484787205,0.002525252525252486,0.0010488358829033656,0.0012410015697828126,0.002482003139565625,0.0,0.0018905902964410383,0.0010915449681069653,0.0021830899362139306,0.0025188916876574307
