cores,pkt_sz,total_mean,total_stdev,total_95ci,total_median,user_mean,user_stdev,user_95ci,user_median,system_mean,system_stdev,system_95ci,system_median
1,64,0.037497438402798476,0.002037638502911826,0.004075277005823652,0.037135278514588865,0.017724861265141337,0.002191711691783954,0.004383423383567908,0.018205492424242423,0.01933471278239533,0.0019343804350131658,0.0038687608700263315,0.018592330266945088
1,256,0.026161034903581314,0.002311633760972723,0.004623267521945446,0.02638522427440637,0.011212036548934996,0.0015590779919363459,0.0031181559838726917,0.010582010582010581,0.014729120465193198,0.002169781169893278,0.004339562339786556,0.015789473684210527
1,512,0.020877731896228977,0.0019723796429744807,0.0039447592859489615,0.020618556701030966,0.009295043640262913,0.0015164669691229678,0.0030329339382459356,0.010282776349614395,0.011511096045198574,0.001759651113331869,0.003519302226663738,0.010322597831588481
1,1518,0.018409069493475726,0.002526574037372589,0.005053148074745178,0.017721518987341756,0.0040732823712993724,0.00159888940679716,0.00319777881359432,0.005037783375314861,0.00695638402278782,0.0016122402985966962,0.0032244805971933924,0.007575757575757576
