cores,pkt_sz,target_rate,target_pps,rate_median,rate_mean,pps_median,pps_mean,rate_95ci,pps_95ci
1,64,10,19531.25,9.544966181818182,9.544966181818182,14913.863636363636,14913.863636363636,0.0008269090909092114,1.0
1,256,10,4882.8125,9.361902909090908,9.361902909090908,4571.227272727272,4571.227272727272,0.007319999999999993,3.5454545454549584
1,512,10,2441.40625,9.699328,9.699328,2368.0,2368.0,0.0,0.0
1,1518,10,823.4519104084321,9.627984000000001,9.627984000000001,792.8181818181818,792.8181818181818,0.011039999999999495,0.9090909090908781
