cores,pkt_sz,target_rate,target_pps,rate_median,rate_mean,pps_median,pps_mean,rate_95ci,pps_95ci
1,64,0.1,195.3125,0.09321345454545454,0.09321345454545454,145.5,145.5,0.000245090909090917,0.09090909090906507
1,256,0.1,48.828125,0.083532,0.083532,40.77272727272727,40.77272727272727,0.00024509090909090314,0.09090909090909349
1,512,0.1,24.4140625,0.07149381818181817,0.07149381818181817,17.454545454545453,17.454545454545453,0.0,0.0
1,1518,0.1,8.234519104084322,0.120888,0.120888,9.954545454545455,9.954545454545455,0.0033119999999999955,0.2727272727272734
