cores,pkt_sz,target_rate,target_pps,rate_median,rate_mean,pps_median,pps_mean,rate_95ci,pps_95ci
1,64,100,195312.5,95.77018181818181,95.77018181818181,149640.9090909091,149640.9090909091,0.012334545454550039,19.272727272706106
1,256,100,48828.125,93.437952,93.437952,45624.0,45624.0,0.023831272727278474,11.636363636367605
1,512,100,24414.0625,97.05019127272726,97.05019127272726,23693.90909090909,23693.90909090909,0.031157818181824837,7.636363636363967
1,1518,100,8234.519104084322,99.23482181818181,99.23482181818181,8171.545454545454,8171.545454545454,0.06267636363635631,5.090909090909008
