cores,pkt_sz,total_mean,total_stdev,total_95ci,total_median,user_mean,user_stdev,user_95ci,user_median,system_mean,system_stdev,system_95ci,system_median
7,64,0.12554389281381179,0.012728914989928095,0.02545782997985619,0.12568306010928965,0.01511605471401885,0.006741583915057336,0.013483167830114672,0.011173533083645444,0.0839146685523405,0.010453466750964693,0.020906933501929386,0.08421721275149939
7,256,0.08485103393237418,0.013664773446923453,0.027329546893846906,0.08196721311475408,0.01079596303867194,0.0058939363245140335,0.011787872649028067,0.010958986368822435,0.06337704426747261,0.01076356453424413,0.02152712906848826,0.06145443196004993
7,512,0.08623563749059746,0.02064518695135811,0.04129037390271622,0.08603145235892695,0.011928018798134625,0.00599296308650381,0.01198592617300762,0.011049723756906077,0.06565158938074103,0.01734228244762724,0.03468456489525448,0.06504112808460635
7,1518,0.08500742366734504,0.03346598672733633,0.06693197345467267,0.07837316095820296,0.01413415584149143,0.00904886950514942,0.01809773901029884,0.011049723756906077,0.06757918855633846,0.025630537945220463,0.051261075890440926,0.06250169546699944
