cores,pkt_sz,total_mean,total_stdev,total_95ci,total_median,user_mean,user_stdev,user_95ci,user_median,system_mean,system_stdev,system_95ci,system_median
7,64,0.3163076447069556,0.245682618743706,0.491365237487412,0.13075952030296656,0.014690142939546747,0.017688765176390436,0.03537753035278087,0.005115926100382059,0.12117673826906707,0.1521835312697818,0.3043670625395636,0.0051679931627584
7,256,0.05988376851382821,0.010671949486714625,0.02134389897342925,0.05759162303664922,0.001012013265377416,0.0023979607101973248,0.0047959214203946495,0.0,0.0024611233039954408,0.005696829171977636,0.011393658343955271,0.0
7,512,0.04427676200458583,0.01018427028335754,0.02036854056671508,0.04675356217616583,0.0014445494148265586,0.002329318536555407,0.004658637073110814,0.0,0.002467223644190585,0.0035912319868849217,0.0071824639737698434,0.0
7,1518,0.02600703512309611,0.005260547514894433,0.010521095029788865,0.025510204081632626,0.0014093491401927466,0.0022725351934974303,0.004545070386994861,0.0,0.0019740843405334583,0.0027461077496352643,0.0054922154992705285,0.0
