cores,pkt_sz,total_mean,total_stdev,total_95ci,total_median,user_mean,user_stdev,user_95ci,user_median,system_mean,system_stdev,system_95ci,system_median
7,64,0.08553376346364186,0.015906407752223704,0.03181281550444741,0.08443330548593708,0.01085321042981857,0.005076344403453735,0.01015268880690747,0.01044450504499591,0.07158489208409259,0.014970446924178392,0.029940893848356784,0.07387914230019493
7,256,0.0722413148887501,0.018268978747864657,0.036537957495729315,0.06896600247664081,0.010489552464471398,0.0061891767788542565,0.012378353557708513,0.010638297872340425,0.060255382595890236,0.014772763078270289,0.029545526156540578,0.05914662349676226
7,512,0.07815154644724097,0.0208826447919901,0.0417652895839802,0.08114035087719301,0.013162225372702053,0.006420083075580882,0.012840166151161764,0.01105006105006105,0.0635022087181751,0.017743959057939386,0.03548791811587877,0.06282722513089005
7,1518,0.07557499733986346,0.018721332310000845,0.03744266462000169,0.07915622389306604,0.009694065358858358,0.006251880881567033,0.012503761763134067,0.0055402087170042975,0.06406773219421698,0.015269287341704586,0.030538574683409172,0.06575391821293461
