cores,pkt_sz,total_mean,total_stdev,total_95ci,total_median,user_mean,user_stdev,user_95ci,user_median,system_mean,system_stdev,system_95ci,system_median
7,64,0.382527925546838,0.02799526642704598,0.05599053285409196,0.3770491803278688,0.0009058593895521677,0.0020256465506656145,0.004051293101331229,0.0,0.006977133790052268,0.004196801939270391,0.008393603878540781,0.005494505494505495
7,256,0.43942265846245876,0.024219549931213592,0.048439099862427185,0.4313787041687594,0.0030695257822895504,0.005878731770423205,0.01175746354084641,0.0,0.009720474849920845,0.011198238341766491,0.022396476683532982,0.005602284853430419
7,512,0.45117829316180813,0.01908075343273428,0.03816150686546856,0.4482758620689655,0.0018799334690140833,0.00494049858335391,0.00988099716670782,0.0,0.01111697987833315,0.00624659962037181,0.01249319924074362,0.011267695042214181
7,1518,0.22587009201017075,0.017377231659842982,0.034754463319685965,0.2305678614579138,0.0011374282729216456,0.0021279508907652007,0.0042559017815304015,0.0,0.0014231301613286354,0.0028694640348729244,0.005738928069745849,0.0
