cores,pkt_sz,mwatt_mean,mwatt_stdev,mwatt_95ci,mwatt_median
7,64,1805.6533333333334,97.54014466988563,7.894963054606137,1772.0
7,256,1801.4333333333334,88.66043211163716,7.1762333170180455,1816.0
7,512,1827.68,88.75631958720837,7.183994511955689,1856.0
7,1518,1819.5266666666666,98.68554076234044,7.987672162875583,1856.0
