cores,pkt_sz,target_rate,target_pps,rate_median,rate_mean,pps_median,pps_mean,rate_95ci,pps_95ci
7,64,10,19531.25,2.763148,2.763148,4317.272727272727,4317.272727272727,5.526296,8634.545454545454
7,256,10,4882.8125,0.00012254545454545455,0.00012254545454545455,0.045454545454545456,0.045454545454545456,0.0002450909090909091,0.09090909090909091
7,512,10,2441.40625,0.00012254545454545455,0.00012254545454545455,0.045454545454545456,0.045454545454545456,0.0002450909090909091,0.09090909090909091
7,1518,10,823.4519104084321,0.00012254545454545455,0.00012254545454545455,0.045454545454545456,0.045454545454545456,0.0002450909090909091,0.09090909090909091
