cores,pkt_sz,target_rate,target_pps,rate_median,rate_mean,pps_median,pps_mean,rate_95ci,pps_95ci
7,64,0.1,195.3125,0.09219854545454545,0.09219854545454545,143.90909090909093,143.90909090909093,0.0017847272727272573,3.0909090909090935
7,256,0.1,48.828125,0.07962545454545454,0.07962545454545454,38.86363636363636,38.86363636363636,0.004347636363636359,2.0909090909090864
7,512,0.1,24.4140625,0.06069527272727272,0.06069527272727272,14.818181818181817,14.818181818181817,0.0215970909090909,5.272727272727272
7,1518,0.1,8.234519104084322,0.141312,0.141312,11.636363636363637,11.636363636363637,0.0,0.0
