cores,pkt_sz,target_rate,target_pps,rate_median,rate_mean,pps_median,pps_mean,rate_95ci,pps_95ci
7,64,100,195312.5,0.0,0.0,0.0,0.0,0.0,0.0
7,256,100,48828.125,0.0,0.0,0.0,0.0,0.0,0.0
7,512,100,24414.0625,0.0,0.0,0.0,0.0,0.0,0.0
7,1518,100,8234.519104084322,0.0001258181818181818,0.0001258181818181818,0.045454545454545456,0.045454545454545456,0.0002516363636363636,0.09090909090909091
