cores,pkt_sz,target_rate,target_pps,rate_median,rate_mean,pps_median,pps_mean,rate_95ci,pps_95ci
7,64,1,1953.125,0.8706327272727272,0.8706327272727272,1360.3636363636365,1360.3636363636365,0.06202181818181807,96.90909090909076
7,256,1,488.28125,0.8374752727272727,0.8374752727272727,408.9090909090909,408.9090909090909,0.03643272727272728,17.818181818181813
7,512,1,244.140625,0.8183916363636363,0.8183916363636363,199.8181818181818,199.8181818181818,0.047789818181818156,11.636363636363626
7,1518,1,82.34519104084322,1.0042105454545454,1.0042105454545454,82.72727272727272,82.72727272727272,0.11125890909090896,9.09090909090908
