cores,pkt_sz,total_mean,total_stdev,total_95ci,total_median,user_mean,user_stdev,user_95ci,user_median,system_mean,system_stdev,system_95ci,system_median
1,64,0.02395629792605318,0.008968601519171837,0.017937203038343674,0.02570711075865717,0.0035878635714575676,0.003184218957261542,0.006368437914523084,0.005128205128205128,0.011765972743927957,0.006195359309059885,0.01239071861811977,0.010362694300518135
1,128,0.01839199282775915,0.005905027076249228,0.011810054152498455,0.020460491889063348,0.0028520229715439625,0.0030683711972238283,0.0061367423944476565,0.0025380710659898475,0.010117871630475473,0.004895363225857567,0.009790726451715134,0.010256410256410256
1,256,0.018887257846501505,0.006422844135454377,0.012845688270908755,0.020408163265306145,0.0034036747607130336,0.002406914704854304,0.004813829409708608,0.005076142131979695,0.010498172015426207,0.004447422338136193,0.008894844676272386,0.01020408163265306
1,512,0.01532892777917664,0.005596189000326583,0.011192378000653166,0.015345368916797442,0.0038323967817736654,0.0022127194013435414,0.004425438802687083,0.00510204081632653,0.007954114741175758,0.0032822846013437473,0.0065645692026874945,0.01015228426395939
1,1024,0.01583863156588485,0.006467603870082524,0.012935207740165048,0.015306122448979553,0.0021194484617946263,0.002507852125619339,0.005015704251238678,0.0,0.012163699891721343,0.005345196115284967,0.010690392230569935,0.010256410256410256
1,1280,0.015985653367836253,0.006658942638917424,0.013317885277834849,0.015306122448979553,0.003679874034317488,0.003087579734442966,0.006175159468885932,0.005076142131979695,0.010747519801485984,0.005303737759273425,0.01060747551854685,0.01020408163265306
1,1518,0.014300132646782534,0.005003589484269967,0.010007178968539934,0.015267274422459343,0.002548238143194045,0.0028178390986801725,0.005635678197360345,0.0,0.011188561783065437,0.0037330583584623094,0.007466116716924619,0.010256410256410256
