cores,pkt_sz,total_mean,total_stdev,total_95ci,total_median,user_mean,user_stdev,user_95ci,user_median,system_mean,system_stdev,system_95ci,system_median
1,64,0.3877722420760697,0.03073838627682332,0.06147677255364664,0.3804347826086957,0.006071166321432456,0.00722110932958976,0.01444221865917952,0.005494505494505495,0.022794673723488812,0.015089694136515681,0.030179388273031363,0.021798526966025182
1,128,0.36025184401755034,0.018694170129354114,0.03738834025870823,0.3591160220994475,0.0036633347384849055,0.003666036342362451,0.007332072684724902,0.005420094007050529,0.013490484729915648,0.008215931144129307,0.016431862288258613,0.013721583189928449
1,256,0.3866524723619746,0.03203139365155378,0.06406278730310756,0.3781544256120527,0.004026298341626373,0.0036223243760377588,0.0072446487520755175,0.005509683686479267,0.016963983794960818,0.009392884795240058,0.018785769590480117,0.016713221601489758
1,512,0.41317718912268986,0.021707429966785086,0.04341485993357017,0.4115995115995116,0.00558727147373546,0.005250239284080922,0.010500478568161845,0.00558659217877095,0.02015479501638925,0.008241922256302976,0.01648384451260595,0.02168419815478639
1,1024,0.09621620560542085,0.044965006155779884,0.08993001231155977,0.0861546618192835,0.004115345304215238,0.0035650322143627802,0.0071300644287255605,0.006134969325153374,0.013201625480182793,0.006665167641404638,0.013330335282809276,0.012384019630396441
1,1280,0.07758209907125617,0.02266205153573423,0.04532410307146846,0.0725082146768894,0.003411446165911189,0.0033813748639884593,0.0067627497279769185,0.006006060168818989,0.01287529656840301,0.006258293413957298,0.012516586827914596,0.012158167036215816
1,1518,0.06494109349062997,0.0219789012481161,0.0439578024962322,0.059882386689615597,0.002797149253390566,0.002960580490345582,0.005921160980691164,0.0,0.013813458318065306,0.0070733781180687665,0.014146756236137533,0.012084702446148229
