cores,pkt_sz,total_mean,total_stdev,total_95ci,total_median,user_mean,user_stdev,user_95ci,user_median,system_mean,system_stdev,system_95ci,system_median
1,64,0.3095104845302629,0.012394030733380955,0.02478806146676191,0.31129326047358835,0.0022554151633743325,0.0029665840381787453,0.005933168076357491,0.0,0.01201436161564474,0.0067737540159358576,0.013547508031871715,0.01105006105006105
1,128,0.1920587598133758,0.022280044207320583,0.044560088414641166,0.1963264077085215,0.002664344968589642,0.002979846509061537,0.005959693018123074,0.0,0.01421115377276185,0.006520947142052407,0.013041894284104814,0.012232530300763132
1,256,0.11570729326068732,0.01658761661630599,0.03317523323261198,0.11831079794324889,0.003440777152075633,0.0030579370132351085,0.006115874026470217,0.005555555555555556,0.012991356285815044,0.006164696354151401,0.012329392708302802,0.011364003228410007
1,512,0.08286588890064911,0.016591930579802325,0.03318386115960465,0.08672150411280849,0.0037453487384586192,0.003075170215026709,0.006150340430053418,0.005361968834454603,0.01092379597411748,0.004289289009678173,0.008578578019356346,0.010752688172043012
1,1024,0.02959223900277232,0.012316819254613571,0.024633638509227142,0.02659574468085102,0.002644070135026693,0.003175837993774189,0.006351675987548378,0.0,0.009854679681782682,0.005127587620950881,0.010255175241901763,0.010582010582010581
1,1280,0.02697287335000758,0.011952878687241285,0.02390575737448257,0.02617801047120416,0.0027825013157475376,0.0034025463685101497,0.006805092737020299,0.0,0.012013581076197039,0.00454674242434138,0.00909348484868276,0.010610154227175504
1,1518,0.023348278966416978,0.010076442517787764,0.020152885035575527,0.021164021164021163,0.0030610462407621593,0.0035823079229338056,0.007164615845867611,0.0025906735751295338,0.010074312247536943,0.004860315561551769,0.009720631123103538,0.010471204188481676
