cores,pkt_sz,total_mean,total_stdev,total_95ci,total_median,user_mean,user_stdev,user_95ci,user_median,system_mean,system_stdev,system_95ci,system_median
1,64,0.4473901408266027,0.04578674705372884,0.09157349410745769,0.43836336336336335,0.005591336316657897,0.006457849048381105,0.01291569809676221,0.005494505494505495,0.019678641915665415,0.014701522357712968,0.029403044715425937,0.01639344262295082
1,128,0.4696845936744414,0.04088379708591812,0.08176759417183624,0.46283772746577806,0.0034257081768825025,0.003566910364573989,0.007133820729147978,0.0054496317415062955,0.01768378830999392,0.007956136273366237,0.015912272546732473,0.01675977653631285
1,256,0.5660799584852111,0.0506760481746184,0.1013520963492368,0.5504010695187166,0.0036931342936459993,0.0037153112835885296,0.007430622567177059,0.005195681511470985,0.017641412485873156,0.00854907402955868,0.01709814805911736,0.01648401412915497
1,512,0.5880787446619292,0.05368555904838119,0.10737111809676238,0.6000630554888302,0.0030612606420798616,0.003307382931358168,0.006614765862716336,0.0023148148148148147,0.013957715545118416,0.007236086588341932,0.014472173176683863,0.011363636363636364
1,1024,0.3731920954703161,0.030618484946670643,0.061236969893341285,0.3743016759776536,0.003546325817918466,0.003495695838788735,0.00699139167757747,0.005509683686479267,0.018543404908004914,0.008247420389449119,0.016494840778898238,0.022099447513812154
1,1280,0.35107425550906013,0.04731390919661931,0.09462781839323862,0.3505747126436781,0.006732004905147423,0.011452938426111845,0.02290587685222369,0.005602284853430419,0.019093800510912987,0.019270632906700006,0.03854126581340001,0.012160863458268648
1,1518,0.2799863533717455,0.034808130870444334,0.06961626174088867,0.2786618098159509,0.004719507985013324,0.004736680490147362,0.009473360980294724,0.0059525918577047095,0.016339408695268266,0.009970731924030344,0.019941463848060687,0.017805565339908416
