cores,pkt_sz,mwatt_mean,mwatt_stdev,mwatt_95ci,mwatt_median
1,64,1720.36,41.329453581354464,3.345232982749394,1701.0
1,128,1712.5666666666666,29.463744198968026,2.3848147107888735,1701.0
1,256,1716.86,69.31137761339525,5.610108200819127,1706.0
1,512,1717.0133333333333,41.92723644071424,3.393617918052655,1701.0
1,1024,1704.9733333333334,27.841443129901787,2.2535046020426535,1696.0
1,1280,1704.68,46.70664763535629,3.7804665836167715,1696.0
1,1518,1698.54,31.922119812652376,2.5837972395729594,1696.0
