cores,pkt_sz,target_rate,target_pps,rate_median,rate_mean,pps_median,pps_mean,rate_95ci,pps_95ci
1,64,0.1,195.3125,0.09122909090909091,0.09122909090909091,142.54545454545453,142.54545454545453,0.0012800000000000034,2.0
1,128,0.1,97.65625,0.08205963636363636,0.08205963636363636,80.13636363636364,80.13636363636364,0.0008378181818181757,0.818181818181813
1,256,0.1,48.828125,0.08210618181818181,0.08210618181818181,40.09090909090909,40.09090909090909,0.0007447272727272858,0.36363636363636687
1,512,0.1,24.4140625,0.07106109090909091,0.07106109090909091,17.363636363636363,17.363636363636363,0.0008654545454545443,0.18181818181817988
1,1024,0.1,12.20703125,0.0954509090909091,0.0954509090909091,11.681818181818182,11.681818181818182,0.00025163636363637054,0.09090909090908994
1,1280,0.1,9.765625,0.11928218181818181,0.11928218181818181,11.681818181818182,11.681818181818182,0.00025163636363637054,0.09090909090908994
1,1518,0.1,8.234519104084322,0.14143781818181816,0.14143781818181816,11.681818181818182,11.681818181818182,0.00025163636363637054,0.09090909090908994
