cores,pkt_sz,target_rate,target_pps,rate_median,rate_mean,pps_median,pps_mean,rate_95ci,pps_95ci
1,64,1,1953.125,0.945173090909091,0.945173090909091,1476.6818181818182,1476.6818181818182,0.006651636363636304,10.090909090909008
1,128,1,976.5625,0.8602392727272727,0.8602392727272727,840.0,840.0,0.0015170909090909124,1.6363636363637397
1,256,1,488.28125,0.9203294545454546,0.9203294545454546,449.3636363636364,449.3636363636364,0.007140363636363611,3.454545454545439
1,512,1,244.140625,0.950584,0.950584,232.0909090909091,232.0909090909091,0.005837090909090792,1.454545454545439
1,1024,1,122.0703125,0.9526319999999999,0.9526319999999999,116.31818181818181,116.31818181818181,0.0017410909090908033,0.27272727272726627
1,1280,1,97.65625,0.9831658181818181,0.9831658181818181,96.04545454545455,96.04545454545455,0.05982981818181832,5.9090909090909065
1,1518,1,82.34519104084322,1.0246378181818183,1.0246378181818183,84.4090909090909,84.4090909090909,0.07090763636363662,5.9090909090909065
