cores,pkt_sz,target_rate,target_pps,rate_median,rate_mean,pps_median,pps_mean,rate_95ci,pps_95ci
1,64,100,195312.5,1.4289163636363638,1.4289163636363638,2232.681818181818,2232.681818181818,0.03810909090909109,59.545454545454504
1,128,100,97656.25,2.738269090909091,2.738269090909091,2674.090909090909,2674.090909090909,0.19511854545454543,190.5454545454545
1,256,100,48828.125,6.962641454545455,6.962641454545455,3399.727272727273,3399.727272727273,0.015639272727272946,7.636363636363512
1,512,100,24414.0625,16.722292363636363,16.722292363636363,4082.590909090909,4082.590909090909,0.13367854545454705,32.63636363636351
1,1024,100,12207.03125,42.108492,42.108492,5140.227272727272,5140.227272727272,1.8873839999999973,230.45454545454504
1,1280,100,9765.625,65.27652472727273,65.27652472727273,6374.727272727272,6374.727272727272,1.0370392727272701,101.27272727272702
1,1518,100,8234.519104084322,86.83702436363637,86.83702436363637,7150.681818181818,7150.681818181818,1.3501854545454535,111.18181818181802
