cores,pkt_sz,target_rate,target_pps,rate_median,rate_mean,pps_median,pps_mean,rate_95ci,pps_95ci
1,64,50,97656.25,2.0575127272727274,2.0575127272727274,3214.863636363636,3214.863636363636,0.03822545454545434,59.72727272727252
1,128,50,48828.125,4.445183999999999,4.445183999999999,4341.0,4341.0,0.03351272727272647,32.727272727272066
1,256,50,24414.0625,9.549730909090908,9.549730909090908,4662.954545454546,4662.954545454546,0.04598690909090841,22.45454545454504
1,512,50,12207.03125,20.787944727272727,20.787944727272727,5075.181818181818,5075.181818181818,0.032023272727272456,7.8181818181819835
1,1024,50,6103.515625,48.64111709090909,48.64111709090909,5937.636363636364,5937.636363636364,0.1727767272727263,21.09090909090901
1,1280,50,4882.8125,48.916945454545456,48.916945454545456,4777.045454545454,4777.045454545454,0.038167272727271495,3.7272727272729753
1,1518,50,4117.259552042161,49.121928,49.121928,4044.9545454545455,4044.9545454545455,0.007728000000000179,0.6363636363639671
