cores,pkt_sz,target_rate,target_pps,rate_median,rate_mean,pps_median,pps_mean,rate_95ci,pps_95ci
1,64,0.5,976.5625,0.47424945454545453,0.47424945454545453,740.8636363636364,740.8636363636364,0.003509818181818225,5.181818181818244
1,128,0.5,488.28125,0.427008,0.427008,417.0,417.0,0.003165090909090895,3.090909090909122
1,256,0.5,244.140625,0.4629410909090909,0.4629410909090909,226.04545454545456,226.04545454545456,0.0016756363636364346,0.8181818181818414
1,512,0.5,122.0703125,0.4755083636363637,0.4755083636363637,116.0909090909091,116.0909090909091,0.0,0.0
1,1024,0.5,61.03515625,0.4766254545454545,0.4766254545454545,58.18181818181818,58.18181818181818,0.0,0.0
1,1280,0.5,48.828125,0.5065403636363636,0.5065403636363636,49.5,49.5,0.059326545454545465,5.727272727272734
1,1518,0.5,41.17259552042161,0.5653738181818182,0.5653738181818182,46.59090909090909,46.59090909090909,0.0002516363636363428,0.09090909090908639
