cores,pkt_sz,total_mean,total_stdev,total_95ci,total_median,user_mean,user_stdev,user_95ci,user_median,system_mean,system_stdev,system_95ci,system_median
1,64,0.032283708006570495,0.015127679772117304,0.030255359544234608,0.030612244897959218,0.020609048908205224,0.007828270716343665,0.01565654143268733,0.02040816326530612,0.010448450365374909,0.009302882469133366,0.018605764938266732,0.01020408163265306
2,64,0.04308206197418724,0.012803221542275142,0.025606443084550283,0.04102564102564099,0.023348628247715542,0.007649094263863547,0.015298188527727094,0.020618556701030927,0.01808565300026439,0.008229552457343121,0.016459104914686242,0.017873030826398704
3,64,0.05499404164012179,0.011787564175553341,0.023575128351106683,0.051813471502590636,0.025738768213167843,0.008190864716351444,0.01638172943270289,0.02564102564102564,0.027215657276229127,0.007752515513290851,0.015505031026581703,0.025906735751295335
4,64,0.06524367176564223,0.015844318002848943,0.031688636005697886,0.06217616580310881,0.025784177396262726,0.008642000134895475,0.01728400026979095,0.02570711075865715,0.03734921329668588,0.011158890795408815,0.02231778159081763,0.03626943005181347
