cores,pkt_sz,total_mean,total_stdev,total_95ci,total_median,user_mean,user_stdev,user_95ci,user_median,system_mean,system_stdev,system_95ci,system_median
1,64,0.1593754880040347,0.06228900363998599,0.12457800727997198,0.11794871794871797,0.13802764746880566,0.05177798409306034,0.10355596818612069,0.10309278350515463,0.012680783271835819,0.0109885786903375,0.021977157380675,0.010309278350515464
2,64,0.22535474592797128,0.03933159751052744,0.07866319502105489,0.24083769633507857,0.1879326839192556,0.03281172428056457,0.06562344856112914,0.20262632978723405,0.02263332921891659,0.007516321991149648,0.015032643982299296,0.020997519977955362
3,64,0.016974047251425813,0.01142614824420948,0.02285229648841896,0.01538461538461533,0.0035128273073500214,0.004703062346767783,0.009406124693535566,0.005076142131979695,0.010616485276192715,0.0071200037701974386,0.014240007540394877,0.010256410256410256
4,64,0.02669071041421419,0.008106189572989652,0.016212379145979304,0.025906735751295318,0.004267375736826943,0.0037875944732652317,0.0075751889465304634,0.005154639175257732,0.01876396074895888,0.006507377478137274,0.013014754956274547,0.020512820512820513
