cores,pkt_sz,total_mean,total_stdev,total_95ci,total_median,user_mean,user_stdev,user_95ci,user_median,system_mean,system_stdev,system_95ci,system_median
1,64,0.12515620757351953,0.0005222297517478484,0.0010444595034956967,0.125,0.12508693630724077,0.0004000088413505065,0.000800017682701013,0.125,6.927126627874757e-05,0.00040981433798140875,0.0008196286759628175,0.0
1,128,0.12509537820028038,0.000657622025958287,0.001315244051916574,0.125,0.12502610693400165,0.0005579627524763721,0.0011159255049527441,0.125,6.927126627874757e-05,0.00040981433798140875,0.0008196286759628175,0.0
1,256,0.1250350262605808,0.00019184774655939455,0.0003836954931187891,0.125,0.1250350262605808,0.00019184774655939455,0.0003836954931187891,0.125,0.0,0.0,0.0,0.0
1,512,0.12509520555979425,0.0006235407756597173,0.0012470815513194347,0.125,0.12509520555979425,0.0006235407756597234,0.0012470815513194468,0.125,0.0,0.0,0.0,0.0
1,1024,0.12509563861857467,0.00040142812223888005,0.0008028562444777601,0.125,0.12502636735229591,0.0002000907805466419,0.0004001815610932838,0.125,6.927126627874757e-05,0.00040981433798140875,0.0008196286759628175,0.0
1,1280,0.12510425412381046,0.000388970115137914,0.000777940230275828,0.125,0.12510425412381046,0.00038897011513791817,0.0007779402302758363,0.125,0.0,0.0,0.0,0.0
1,1518,0.12508680609809364,0.0003791481889227033,0.0007582963778454066,0.125,0.12501753483181488,0.00014636069329771972,0.00029272138659543944,0.125,6.927126627874757e-05,0.00040981433798140875,0.0008196286759628175,0.0
