cores,pkt_sz,total_mean,total_stdev,total_95ci,total_median,user_mean,user_stdev,user_95ci,user_median,system_mean,system_stdev,system_95ci,system_median
1,64,0.12509555181247659,0.00038769864059919247,0.0007753972811983849,0.125,0.12509555181247659,0.0003876986405991966,0.0007753972811983932,0.125,0.0,0.0,0.0,0.0
1,128,0.12521673409712542,0.0005912396316085126,0.0011824792632170252,0.125,0.12507836388115068,0.00041820255944763547,0.0008364051188952709,0.125,6.909894969596462e-05,0.0004087948993297135,0.000817589798659427,0.0
1,256,0.12510368890269685,0.0008167844650035131,0.0016335689300070262,0.125,0.12503441763641812,0.0007396917953828609,0.0014793835907657218,0.125,6.927126627874757e-05,0.00040981433798140875,0.0008196286759628175,0.0
1,512,0.12515607833608244,0.00048424496796725485,0.0009684899359345097,0.125,0.1250868070698037,0.00034893902571613006,0.0006978780514322601,0.125,6.927126627874757e-05,0.00040981433798140875,0.0008196286759628175,0.0
1,1024,0.12515633778266666,0.0005375495923093735,0.001075099184618747,0.125,0.12501779525010917,0.00023230356354169457,0.00046460712708338913,0.125,6.927126627874757e-05,0.00040981433798140875,0.0008196286759628175,0.0
1,1280,0.1250957688277218,0.0004211839991850603,0.0008423679983701206,0.125,0.1250957688277218,0.0004211839991850641,0.0008423679983701282,0.125,0.0,0.0,0.0,0.0
1,1518,0.12509572499064228,0.00044082706031664423,0.0008816541206332885,0.125,0.12509572499064228,0.00044082706031665263,0.0008816541206333053,0.125,0.0,0.0,0.0,0.0
