cores,pkt_sz,total_mean,total_stdev,total_95ci,total_median,user_mean,user_stdev,user_95ci,user_median,system_mean,system_stdev,system_95ci,system_median
1,64,0.12514767844035135,0.0005627085355935722,0.0011254170711871444,0.125,0.12514767844035135,0.0005627085355935815,0.001125417071187163,0.125,0.0,0.0,0.0,0.0
1,128,0.12510451410807427,0.0004540327720146135,0.000908065544029227,0.125,0.12510451410807427,0.00045403277201462166,0.0009080655440292433,0.125,0.0,0.0,0.0,0.0
1,256,0.12509555181247659,0.0003876986405991923,0.0007753972811983846,0.125,0.12502628054619783,0.00017085079081268943,0.00034170158162537885,0.125,6.927126627874757e-05,0.00040981433798140875,0.0008196286759628175,0.0
1,512,0.1252166030199173,0.0008257536421900631,0.0016515072843801262,0.125,0.12514750407022135,0.0007880891623490781,0.0015761783246981563,0.125,6.909894969596462e-05,0.00040879489932971365,0.0008175897986594273,0.0
1,1024,0.12502636735229594,0.00020009078054664199,0.00040018156109328397,0.125,0.12502636735229594,0.00020009078054664199,0.00040018156109328397,0.125,0.0,0.0,0.0,0.0
1,1280,0.12504320675385014,0.0005061756089201139,0.0010123512178402277,0.125,0.12504320675385014,0.00050617560892012,0.00101235121784024,0.125,0.0,0.0,0.0,0.0
1,1518,0.12522456692220596,0.0008975156696931432,0.0017950313393862863,0.125,0.1251551224777615,0.0008113510865684606,0.0016227021731369212,0.125,6.944444444444444e-05,0.0004108388738263623,0.0008216777476527246,0.0
