cores,pkt_sz,total_mean,total_stdev,total_95ci,total_median,user_mean,user_stdev,user_95ci,user_median,system_mean,system_stdev,system_95ci,system_median
1,64,0.1250953777662499,0.000674400772668653,0.001348801545337306,0.125,0.12502593332180545,0.0005381725301238833,0.0010763450602477667,0.125,6.944444444444444e-05,0.0004108388738263624,0.0008216777476527248,0.0
1,128,0.12514750526218565,0.0005221500064647651,0.0010443000129295302,0.125,0.12507823399590692,0.0003983944635004468,0.0007967889270008936,0.125,6.927126627874757e-05,0.00040981433798140875,0.0008196286759628175,0.0
1,256,0.12515620757351953,0.0005222297517478482,0.0010444595034956965,0.125,0.12508693630724077,0.00040000884135050655,0.0008000176827010131,0.125,6.927126627874757e-05,0.00040981433798140875,0.0008196286759628175,0.0
1,512,0.12508702311333886,0.0004133314291426778,0.0008266628582853556,0.125,0.12508702311333886,0.0004133314291426817,0.0008266628582853634,0.125,0.0,0.0,0.0,0.0
1,1024,0.12515603352729285,0.0007597704875006049,0.0015195409750012098,0.125,0.1250867622610141,0.0006815498810944435,0.001363099762188887,0.125,6.927126627874757e-05,0.00040981433798140875,0.0008196286759628175,0.0
1,1280,0.12515629437961767,0.0005324919571528803,0.0010649839143057607,0.125,0.1250870231133389,0.0004133314291426814,0.0008266628582853628,0.125,6.927126627874757e-05,0.00040981433798140875,0.0008196286759628175,0.0
1,1518,0.12509550840942754,0.00038064823600024976,0.0007612964720004995,0.125,0.1250262371431488,0.0001541649220822487,0.0003083298441644974,0.125,6.927126627874757e-05,0.00040981433798140875,0.0008196286759628175,0.0
