cores,pkt_sz,total_mean,total_stdev,total_95ci,total_median,user_mean,user_stdev,user_95ci,user_median,system_mean,system_stdev,system_95ci,system_median
1,64,0.12510421072076144,0.0003819441707000297,0.0007638883414000594,0.125,0.12510421072076144,0.00038194417070003386,0.0007638883414000677,0.125,0.0,0.0,0.0,0.0
1,128,0.12527725964902123,0.0006641333042889808,0.0013282666085779615,0.125,0.12506961816676776,0.00040992176386847015,0.0008198435277369403,0.125,0.0001383702159747122,0.0005705154843167618,0.0011410309686335236,0.0
1,256,0.12522513161540594,0.0007977604589539834,0.0015955209179079669,0.125,0.12515586034912718,0.0007302423027567465,0.001460484605513493,0.125,6.927126627874757e-05,0.00040981433798140875,0.0008196286759628175,0.0
1,512,0.12503498285753176,0.00017715289306292125,0.0003543057861258425,0.125,0.12503498285753176,0.00017715289306292125,0.0003543057861258425,0.125,0.0,0.0,0.0,0.0
1,1024,0.1250952475473368,0.0006286272931265481,0.0012572545862530962,0.125,0.1250952475473368,0.0006286272931265542,0.0012572545862531083,0.125,0.0,0.0,0.0,0.0
1,1280,0.12515620757351953,0.0005222297517478484,0.0010444595034956967,0.125,0.12508693630724077,0.0004000088413505066,0.0008000176827010132,0.125,0.0,0.0,0.0,0.0
1,1518,0.125094987572839,0.0008291786247256059,0.0016583572494512117,0.125,0.125094987572839,0.0008291786247256202,0.0016583572494512403,0.125,0.0,0.0,0.0,0.0
