cores,pkt_sz,target_rate,target_pps,rate_median,rate_mean,pps_median,pps_mean,rate_95ci,pps_95ci
1,64,100,195312.5,96.192824,96.192824,150301.13636363635,150301.13636363635,0.0002516363636289043,0.09090909091173671
1,128,100,97656.25,87.33578254545455,87.33578254545455,85288.77272727274,85288.77272727274,0.0002516363636289043,0.0909090908971848
1,256,100,48828.125,93.65702763636364,93.65702763636364,45730.954545454544,45730.954545454544,0.00025163636364311515,0.09090909091173671
1,512,100,24414.0625,97.16022472727272,97.16022472727272,23720.772727272728,23720.772727272728,0.00025163636364311515,0.09090909090809872
1,1024,100,12207.03125,98.99510690909091,98.99510690909091,12084.363636363636,12084.363636363636,0.0,0.0
1,1280,100,9765.625,99.40619636363635,99.40619636363635,9707.636363636364,9707.636363636364,0.059578181818196185,5.8181818181819835
1,1518,100,8234.519104084322,99.66028800000001,99.66028800000001,8206.545454545456,8206.545454545456,0.07065599999999961,5.8181818181819835
