cores,pkt_sz,target_rate,target_pps,rate_median,rate_mean,pps_median,pps_mean,rate_95ci,pps_95ci
1,64,1,1953.125,0.9606981818181818,0.9606981818181818,1501.090909090909,1501.090909090909,0.0,0.0
1,128,1,976.5625,0.8698414545454546,0.8698414545454546,849.4545454545455,849.4545454545455,0.0,0.0
1,256,1,488.28125,0.9294196363636363,0.9294196363636363,453.8181818181818,453.8181818181818,0.0,0.0
1,512,1,244.140625,0.953250909090909,0.953250909090909,232.72727272727272,232.72727272727272,0.0,0.0
1,1024,1,122.0703125,0.953250909090909,0.953250909090909,116.36363636363636,116.36363636363636,0.0,0.0
1,1280,1,97.65625,1.012829090909091,1.012829090909091,98.9090909090909,98.9090909090909,0.0,0.0
1,1518,1,82.34519104084322,1.05984,1.05984,87.27272727272727,87.27272727272727,0.0,0.0
