cores,pkt_sz,target_rate,target_pps,rate_median,rate_mean,pps_median,pps_mean,rate_95ci,pps_95ci
1,64,10,19531.25,9.614429090909091,9.614429090909091,15022.545454545454,15022.545454545454,0.0,0.0
1,128,10,9765.625,8.728203636363636,8.728203636363636,8523.636363636364,8523.636363636364,0.0,0.0
1,256,10,4882.8125,9.359732363636363,9.359732363636363,4570.181818181818,4570.181818181818,0.011915636363635684,5.8181818181819835
1,512,10,2441.40625,9.699328,9.699328,2368.0,2368.0,0.0,0.0
1,1024,10,1220.703125,9.866272727272726,9.866272727272726,1204.409090909091,1204.409090909091,0.0002516363636377861,0.0909090909092356
1,1280,10,976.5625,9.919893090909092,9.919893090909092,968.7727272727273,968.7727272727273,0.05932654545454419,5.727272727272748
1,1518,10,823.4519104084321,10.03327781818182,10.03327781818182,826.2272727272727,826.2272727272727,0.0002516363636377861,0.09090909090912191
