cores,pkt_sz,total_mean,total_stdev,total_95ci,total_median,user_mean,user_stdev,user_95ci,user_median,system_mean,system_stdev,system_95ci,system_median
1,64,0.02240103524192322,0.006716237963895217,0.013432475927790434,0.020725388601036232,0.007329552354844049,0.004057056794204711,0.008114113588409423,0.00766830609762547,0.009802734558270968,0.004665138583226256,0.009330277166452511,0.010309278350515464
2,64,0.03325250376325365,0.007496942736658844,0.014993885473317687,0.03125,0.008963605470955264,0.004526456498514694,0.009052912997029388,0.010309278350515464,0.01765013233152603,0.0052760624399374075,0.010552124879874815,0.015706806282722512
3,64,0.045644906562107804,0.013339038819244167,0.026678077638488333,0.041884816753926746,0.011362884440531544,0.005925006404048304,0.011850012808096609,0.010416666666666666,0.025678475734676943,0.009725873453937873,0.019451746907875746,0.025906735751295335
4,64,0.05723885014787555,0.00893752852079667,0.01787505704159334,0.05759162303664922,0.01280952412882223,0.005313430949532302,0.010626861899064604,0.012933362134139755,0.0355872483225955,0.007730582848880197,0.015461165697760394,0.036458333333333336
5,64,0.06866845743145529,0.026734063285092736,0.05346812657018547,0.0680628272251309,0.01459124672028059,0.011257012685325495,0.02251402537065099,0.015544041450777202,0.04439169559708978,0.016801189771185217,0.033602379542370435,0.042328042328042326
