cores,pkt_sz,total_mean,total_stdev,total_95ci,total_median,user_mean,user_stdev,user_95ci,user_median,system_mean,system_stdev,system_95ci,system_median
1,64,0.03250009144695307,0.012634121513519643,0.025268243027039287,0.03141361256544506,0.01185584273415946,0.0052473899545324556,0.010494779909064911,0.010471204188481676,0.010587844315640874,0.007976364645385762,0.015952729290771524,0.010416666666666666
2,64,0.04503381928876776,0.009253568066552123,0.018507136133104247,0.046875,0.01352758317467733,0.00549762985429693,0.01099525970859386,0.013011456628477906,0.017522472293559764,0.005831842463921822,0.011663684927843644,0.015789473684210527
3,64,0.057934019167202214,0.01140279652941212,0.02280559305882424,0.05759162303664922,0.01686474830603664,0.005888415747627837,0.011776831495255675,0.015789473684210527,0.02449120131041387,0.007859192870452178,0.015718385740904357,0.026041666666666668
4,64,0.07108800415206,0.0133837293294388,0.0267674586588776,0.06896600247664081,0.017739261103840928,0.006405415724706014,0.012810831449412028,0.015957446808510637,0.03468500093066045,0.009742388199146725,0.01948477639829345,0.0363638816925734
5,64,0.08284543459924701,0.01213619366668169,0.02427238733336338,0.0802139037433155,0.018639955738633217,0.007222675050546611,0.014445350101093221,0.016129032258064516,0.047278455641294875,0.010204776773819898,0.020409553547639795,0.04736842105263158
