cores,pkt_sz,total_mean,total_stdev,total_95ci,total_median,user_mean,user_stdev,user_95ci,user_median,system_mean,system_stdev,system_95ci,system_median
1,64,0.014774285217656209,0.005387758765125929,0.010775517530251858,0.015306122448979553,0.0034957910897431776,0.0032269563023702478,0.0064539126047404955,0.005076142131979695,0.010050329079207481,0.004222105627411717,0.008444211254823433,0.01020408163265306
2,64,0.027047787545867598,0.025501749633865388,0.051003499267730776,0.02564102564102566,0.005453223438741878,0.004653167269590623,0.009306334539181246,0.005154639175257732,0.01737848122871274,0.008755781871884843,0.017511563743769686,0.015544041450777202
3,64,0.03622279214521944,0.006863362031792945,0.01372672406358589,0.03626943005181349,0.006995754567581039,0.004343215545252175,0.00868643109050435,0.005208333333333333,0.027375843260410506,0.006247626416690953,0.012495252833381905,0.026041666666666668
4,64,0.049738944718544426,0.01358461108432877,0.02716922216865754,0.046875,0.009598691629056966,0.005126220926108015,0.01025244185221603,0.010309278350515464,0.03786459147909269,0.01081517244417949,0.02163034488835898,0.03626943005181347
5,64,0.06487523978106158,0.014417284660969653,0.028834569321939306,0.06666666666666665,0.012479010581379336,0.00603367186956671,0.01206734373913342,0.010416666666666666,0.05055172983033678,0.011087981717592925,0.02217596343518585,0.05128205128205128
