cores,pkt_sz,total_mean,total_stdev,total_95ci,total_median,user_mean,user_stdev,user_95ci,user_median,system_mean,system_stdev,system_95ci,system_median
1,64,0.35413287333629195,0.045619675026049515,0.09123935005209903,0.363013698630137,0.14934758926537317,0.021749478288566652,0.043498956577133305,0.15172413793103448,0.0260950191128224,0.010628039017763635,0.02125607803552727,0.026756152125279643
2,64,0.40186557289147506,0.03505741730745709,0.07011483461491418,0.40836711059640995,0.15025477546319835,0.018381355232484624,0.03676271046496925,0.1518987341772152,0.03598877020044083,0.009793250735737745,0.01958650147147549,0.03355704697986577
3,64,0.4375620375063674,0.0545728773484715,0.109145754696943,0.4444444444444444,0.1467387149415273,0.02176915655675995,0.0435383131135199,0.1497005988023952,0.04689957965503265,0.01451333299018084,0.02902666598036168,0.0438875786163522
4,64,0.46806581232782296,0.03432994197506901,0.06865988395013801,0.4725599553820413,0.14918395993085828,0.01651493943564699,0.03302987887129398,0.14953416149068322,0.06015686076505114,0.012718503757241414,0.02543700751448283,0.060240963855421686
5,64,0.49624977537703585,0.035736692761848404,0.07147338552369681,0.5,0.15399351399415404,0.015739465214869183,0.031478930429738365,0.1526901004304161,0.07613178941416203,0.01505999736649016,0.03011999473298032,0.07476708074534161
