cores,pkt_sz,total_mean,total_stdev,total_95ci,total_median,user_mean,user_stdev,user_95ci,user_median,system_mean,system_stdev,system_95ci,system_median
1,64,0.45184116240886096,0.08258724449450577,0.16517448898901155,0.46132478632478635,0.07433844592984752,0.05845687266233758,0.11691374532467516,0.06043956043956044,0.020850618396907317,0.011482815522900522,0.022965631045801044,0.02197802197802198
2,64,0.4299100097214387,0.07371289066606324,0.14742578133212647,0.43956043956043955,0.05017586516173888,0.052661475682265826,0.10532295136453165,0.04481827882744335,0.024241846450555632,0.01429334908528647,0.02858669817057294,0.0223463687150838
3,64,0.43715504706596814,0.04788175386096821,0.09576350772193643,0.4555555555555556,0.038675118263623576,0.0346498316487653,0.0692996632975306,0.03825136612021858,0.029243234378948112,0.012036604426432312,0.024073208852864625,0.027777777777777776
4,64,0.48930960367345133,0.04509845187075083,0.09019690374150166,0.49307857581338244,0.054032064498173174,0.027756672742368618,0.055513345484737235,0.055096836864792664,0.053085160872441875,0.020417749103782242,0.040835498207564484,0.05
5,64,0.5120470774809954,0.0397441356102098,0.0794882712204196,0.5171434169278997,0.05634554831048591,0.02340784062958179,0.04681568125916358,0.05633847521107091,0.06740989625597453,0.01593144966559509,0.03186289933119018,0.06666666666666667
