cores,pkt_sz,total_mean,total_stdev,total_95ci,total_median,user_mean,user_stdev,user_95ci,user_median,system_mean,system_stdev,system_95ci,system_median
1,64,0.47581291053183905,0.05517518421121283,0.11035036842242565,0.4679813664596273,0.05580625127257286,0.03562256599821358,0.07124513199642717,0.038567785805354866,0.02033013814512151,0.010857628908101335,0.02171525781620267,0.019423208403256884
2,64,0.45138465133594075,0.08699414714982746,0.17398829429965493,0.4726767797419971,0.03079542117596994,0.030981469485616562,0.061962938971233124,0.02203873474591707,0.025865999929007576,0.016528496215886708,0.033056992431773416,0.026881720430107527
3,64,0.4513212241898051,0.06567669127692481,0.13135338255384962,0.43562334854672113,0.02412118981648016,0.022162181662096627,0.044324363324193254,0.016529051059437798,0.02674977844165581,0.016540802796782675,0.03308160559356535,0.0223463687150838
4,64,0.5143969354334135,0.05083716071360268,0.10167432142720537,0.515224998465222,0.03506096538455442,0.01817713109764835,0.0363542621952967,0.02817102590147283,0.04317779244866693,0.011951387804284577,0.023902775608569155,0.04336075205640423
5,64,0.550506128424891,0.043031492116638474,0.08606298423327695,0.5489130434782609,0.03895655986057759,0.016198268430497886,0.03239653686099577,0.03399460708782742,0.05982917132848962,0.014883183791551919,0.029766367583103838,0.05946119682094437
