cores,pkt_sz,target_rate,target_pps,rate_median,rate_mean,pps_median,pps_mean,rate_95ci,pps_95ci
1,64,0.5,976.5625,0.47681236363636365,0.477054707070707,744.7272727272727,745.2323232323232,0.0019077260301900128,3.030437707444963
2,64,0.5,976.5625,0.4755389090909091,0.4759314747474748,742.9090909090909,743.5757575757575,0.0034766284183193,5.396322252012624
3,64,0.5,976.5625,0.47606254545454546,0.47594068686868685,743.5454545454545,743.5252525252524,0.0034214994678815106,5.255477026070437
4,64,0.5,976.5625,0.47557818181818184,0.4756239191919192,743.0,743.0303030303029,0.0011261283094251835,1.6948038126193146
5,64,0.5,976.5625,0.4758232727272727,0.47566917171717166,743.1818181818181,743.1010101010102,0.0015013664212659792,2.133203240600261
