cores,pkt_sz,target_rate,target_pps,rate_median,rate_mean,pps_median,pps_mean,rate_95ci,pps_95ci
1,64,1,1953.125,0.9528625454545454,0.9537526464646464,1488.8181818181818,1490.0404040404037,0.0032720288328172316,5.131949375969193
2,64,1,1953.125,0.95296,0.9524620606060606,1489.0,1488.121212121212,0.00441284554826859,6.945676658355478
3,64,1,1953.125,0.9515636363636364,0.9517515959595959,1486.8181818181818,1486.9797979797981,0.004642805098003004,7.192883830438501
4,64,1,1953.125,0.9517381818181818,0.9516352323232324,1487.090909090909,1486.7979797979797,0.004417069119653369,6.776927192258008
5,64,1,1953.125,0.9508654545454545,0.9507423636363637,1485.7272727272727,1485.3863636363635,0.00214773656756045,3.5346572185846874
