cores,pkt_sz,target_rate,target_pps,rate_median,rate_mean,pps_median,pps_mean,rate_95ci,pps_95ci
1,64,100,195312.5,5.210194181818181,5.000563151515152,8140.636363636364,7813.181818181819,2.4430726028630643,3817.3487460586844
2,64,100,195312.5,4.96391709090909,4.910209131313131,7755.818181818182,7672.10101010101,3.1118851230841407,4862.2019653487905
3,64,100,195312.5,5.138618181818182,4.8090101010101005,8029.090909090909,7513.979797979798,2.981427011426046,4658.443991374522
4,64,100,195312.5,3.373109818181818,2.862048161616161,5270.181818181818,4471.818181818181,1.7338357135498657,2709.0159829649574
5,64,100,195312.5,2.0982690909090906,2.2615644444444447,3278.5454545454545,3533.5959595959594,0.9811116045664567,1533.1168133415922
