cores,pkt_sz,total_mean,total_stdev,total_95ci,total_median,user_mean,user_stdev,user_95ci,user_median,system_mean,system_stdev,system_95ci,system_median
1,64,0.002765414664715026,0.0022198508864319515,0.004439701772863903,0.0025188916876573986,0.0009940654476132303,0.0012300974155249368,0.0024601948310498736,0.0,0.0017403297272757623,0.0015121591174907204,0.003024318234981441,0.002512562814070352
2,64,0.00419240267196663,0.0028362005891478534,0.005672401178295707,0.005063291139240533,0.0014704593149030218,0.0013708156765247083,0.0027416313530494165,0.0025252525252525255,0.0026907267393095576,0.0020168094871224457,0.0040336189742448915,0.0025380710659898475
3,64,0.0131417571954607,0.007524032185305906,0.015048064370611812,0.010204081632653073,0.0043995962708745055,0.003150158274870903,0.006300316549741806,0.002564102564102564,0.008694839051867506,0.004999395571887093,0.009998791143774185,0.007633587786259542
4,64,0.026552604674442225,0.013999835866767615,0.02799967173353523,0.024076644305651984,0.009993438015255533,0.0055856325710487795,0.011171265142097559,0.010037656956461506,0.01649621105053681,0.009085098026032254,0.01817019605206451,0.015228426395939087
5,64,0.02879931152646174,0.016274795244592064,0.03254959048918413,0.025575447570332477,0.009527910746039795,0.005642970242752051,0.011285940485504102,0.007751937984496124,0.019224594173106044,0.01145913941266711,0.02291827882533422,0.015463917525773196
6,64,0.04230242966635349,0.011622721963593307,0.023245443927186613,0.043256997455470736,0.012643327807845585,0.004964922066442834,0.009929844132885668,0.01272264631043257,0.029596227520631412,0.009177803928117291,0.018355607856234583,0.028277634961439587
7,64,0.05998079882889492,0.014840516061294187,0.029681032122588373,0.06305180266137445,0.012629163178338563,0.00433010908557735,0.0086602181711547,0.012594458438287154,0.04716596885705314,0.012208730170246507,0.024417460340493014,0.04828470311672543
8,64,0.012393966667361235,0.00956391883714684,0.01912783767429368,0.010810810810810811,0.003195888252055451,0.002981146661930007,0.005962293323860014,0.002702702702702703,0.008999672092686472,0.007367225064617495,0.01473445012923499,0.008064516129032258
