cores,pkt_sz,total_mean,total_stdev,total_95ci,total_median,user_mean,user_stdev,user_95ci,user_median,system_mean,system_stdev,system_95ci,system_median
1,64,0.026382615908257797,0.0027300331418506317,0.005460066283701263,0.025575447570332477,0.024557552260399698,0.002222674430206222,0.004445348860412444,0.02544529262086514,0.0013847445088780227,0.0013007721107716418,0.0026015442215432836,0.0025380710659898475
2,64,0.02851668231096249,0.0029485105794351163,0.005897021158870233,0.028205128205128216,0.02489617288439106,0.002381040440934373,0.004762080881868746,0.02557544757033248,0.003035887891133531,0.0013373701259199314,0.002674740251839863,0.002564102564102564
3,64,0.03720074754759873,0.018798429392713485,0.03759685878542697,0.03324808184143224,0.0320089368796464,0.01681527431760261,0.03363054863520522,0.028132992327365727,0.004273079427148038,0.0022956125774575217,0.0045912251549150435,0.00510204081632653
4,64,0.03561609018654669,0.0035542445225732098,0.0071084890451464195,0.03589743589743588,0.029554882430483518,0.003008921620231028,0.006017843240462056,0.028350515463917526,0.004480436646370585,0.0015125071415476232,0.0030250142830952464,0.005115089514066497
5,64,0.03934542046040419,0.0037649511841855994,0.007529902368371199,0.03856041131105403,0.03283196450675529,0.003184735190759659,0.006369470381519318,0.03316326530612245,0.004807310383921189,0.0015468499814027534,0.003093699962805507,0.005121647321135812
6,64,0.042703996723992096,0.005563730275543043,0.011127460551086085,0.04336734693877553,0.03514851022837308,0.004870341955535162,0.009740683911070323,0.03571428571428571,0.005644094448050694,0.0017771152578927418,0.0035542305157854836,0.005128205128205128
7,64,0.14973823389996105,0.015577634537583696,0.031155269075167392,0.15597508955356126,0.08639178655791811,0.009912434662276488,0.019824869324552977,0.08838383838383838,0.01577931805009713,0.0028229737760508172,0.0056459475521016345,0.015151515151515152
8,64,0.15421207916955293,0.018651287835459482,0.037302575670918964,0.16223093233952324,0.08898179068606321,0.011583340205037583,0.023166680410075167,0.09296482412060302,0.017058639108716245,0.003008214965831422,0.006016429931662844,0.017587939698492462
