cores,pkt_sz,total_mean,total_stdev,total_95ci,total_median,user_mean,user_stdev,user_95ci,user_median,system_mean,system_stdev,system_95ci,system_median
1,64,0.23097641015509737,0.002037190299022065,0.00407438059804413,0.23057644110275688,0.12300845595934426,0.001231990370137389,0.002463980740274778,0.12280701754385964,0.002114133674542892,0.00125894727360553,0.00251789454721106,0.0025
2,64,0.3021853925376484,0.0032448675471783736,0.006489735094356747,0.301768997270617,0.18393111446896615,0.003264933374598522,0.006529866749197044,0.18434343434343434,0.008441248691461123,0.0017061966188412635,0.003412393237682527,0.007614213197969543
3,64,0.34718590808516503,0.003092876802431277,0.006185753604862554,0.34750000000000003,0.21004553671659884,0.00391535754639048,0.00783071509278096,0.21,0.011778611796449777,0.0019885395921873834,0.003977079184374767,0.0125
4,64,0.3526271636739719,0.0036063136263500485,0.007212627252700097,0.35250000000000004,0.21317478416799002,0.004383605065790193,0.008767210131580386,0.21303258145363407,0.014234095992196587,0.0018005547815051353,0.0036011095630102707,0.014962593516209476
5,64,0.3874016070654075,0.004779418189152417,0.009558836378304835,0.3879093198992444,0.24599140358400953,0.005287991360514231,0.010575982721028462,0.24654127058466135,0.01590909199348322,0.0019497994798272635,0.003899598959654527,0.015151515151515152
6,64,0.39553642044723675,0.008055004358114926,0.016110008716229852,0.39397717826645506,0.25337819604906725,0.00795318845999986,0.01590637691999972,0.25252525252525254,0.016903213278414264,0.0023703913837050563,0.004740782767410113,0.0175
7,64,0.33080186527672084,0.00470734680482663,0.00941469360965326,0.3308457711442786,0.21215553800082554,0.005187019703864088,0.010374039407728176,0.2119700748129676,0.014691062718500965,0.0020436309988428277,0.0040872619976856555,0.01488833746898263
8,64,0.33741329154310024,0.005295639436670774,0.010591278873341547,0.3375,0.21683515158307648,0.005959104450363907,0.011918208900727815,0.2169576059850374,0.015374950863330634,0.002135218676298195,0.00427043735259639,0.015
