cores,pkt_sz,total_mean,total_stdev,total_95ci,total_median,user_mean,user_stdev,user_95ci,user_median,system_mean,system_stdev,system_95ci,system_median
1,64,0.0034669873641939865,0.0021275210051048534,0.004255042010209707,0.002525252525252486,0.0015858577511480623,0.0013387779839780791,0.0026775559679561582,0.002512562814070352,0.0018344834706818945,0.0014533492674737862,0.0029066985349475724,0.0025188916876574307
2,64,0.005295672941208858,0.001953223321317145,0.00390644664263429,0.005076142131979711,0.0021310182942355827,0.0014069912713910893,0.0028139825427821786,0.0025380710659898475,0.0031333204362820424,0.0014757351177946089,0.0029514702355892177,0.002544529262086514
3,64,0.01823106051289893,0.004991607732469069,0.009983215464938138,0.017766497461928932,0.006284060257921849,0.0023793034052628764,0.004758606810525753,0.00510204081632653,0.01190054434734019,0.0032888721043691426,0.006577744208738285,0.012626262626262626
4,64,0.02996696705719289,0.008676042824520128,0.017352085649040255,0.030303030303030276,0.011038593319543641,0.003857756888398565,0.00771551377679713,0.010165200656152723,0.0186933220895209,0.005369720744297811,0.010739441488595621,0.020050125313283207
5,64,0.03678537437893748,0.010040453275148426,0.020080906550296852,0.03675109877399951,0.012292549860164263,0.004168595819722826,0.008337191639445652,0.012626262626262626,0.024461648561671302,0.006978908750937607,0.013957817501875214,0.02518891687657431
6,64,0.04646377595239934,0.008832226577779082,0.017664453155558164,0.04580152671755722,0.013976125349101287,0.0036225441595136047,0.007245088319027209,0.012836991628765407,0.03244068653763701,0.007323977306780994,0.014647954613561987,0.03286983761667306
7,64,0.0548566060710173,0.009736723920304285,0.01947344784060857,0.05463381555153707,0.01253805296028186,0.0035404139918184456,0.007080827983636891,0.012690355329949238,0.04158249541600238,0.008211231790467515,0.01642246358093503,0.04081632653061224
8,64,0.020556348876650064,0.006560509684749098,0.013121019369498195,0.021276595744680882,0.005651888206966632,0.0026701638573826208,0.0053403277147652415,0.0053475935828877,0.014196517025547792,0.005101004935518239,0.010202009871036479,0.013368983957219251
