cores,pkt_sz,total_mean,total_stdev,total_95ci,total_median,user_mean,user_stdev,user_95ci,user_median,system_mean,system_stdev,system_95ci,system_median
1,64,0.047539694912641144,0.007294746738816676,0.014589493477633352,0.04663212435233166,0.04350760227329349,0.006641633653446487,0.013283267306892974,0.04155844155844156,0.003536664159270413,0.0013772095474219805,0.002754419094843961,0.0026041666666666665
2,64,0.08879951145270086,0.004135926027121348,0.008271852054242697,0.08823529411764708,0.0765460839548283,0.0037124576628493585,0.007424915325698717,0.07702536824877251,0.011105083821100767,0.0020671457901483086,0.004134291580296617,0.010652482269503546
3,64,0.0582021489410764,0.005060475626073984,0.010120951252147969,0.05804749340369397,0.04823255748409817,0.004740646759370117,0.009481293518740235,0.047619047619047616,0.009431837764121188,0.0018132404194878817,0.0036264808389757635,0.010471204188481676
4,64,0.06086556964498164,0.005061978867940931,0.010123957735881862,0.060846560846560815,0.04778347721892678,0.004698595350669734,0.009397190701339469,0.047619047619047616,0.011890511195848679,0.0019208154897788988,0.0038416309795577977,0.0106951871657754
5,64,0.07358895600953763,0.009890884089220706,0.019781768178441413,0.07161803713527848,0.05836083804623486,0.008224072658981688,0.016448145317963375,0.05592553191489362,0.013837016921639753,0.002648188051437999,0.005296376102875998,0.013297872340425532
6,64,0.08027423452111371,0.005790419998001361,0.011580839996002722,0.07957559681697612,0.06321269136099149,0.005030646353212004,0.010061292706424007,0.0633245382585752,0.015838365563941012,0.0024458615834286597,0.004891723166857319,0.015873015873015872
7,64,0.11712701600880315,0.007395911323704887,0.014791822647409775,0.11704834605597969,0.06253861957267974,0.005217040393264951,0.010434080786529902,0.06153846153846154,0.01788010020637889,0.0023201678097392545,0.004640335619478509,0.017857142857142856
8,64,0.1250487923591899,0.0070571807144174,0.0141143614288348,0.12484096692111957,0.06690260598368533,0.004892365220759781,0.009784730441519562,0.06649616368286446,0.019869033200432346,0.0024922288149422113,0.004984457629884423,0.02030456852791878
