cores,pkt_sz,total_mean,total_stdev,total_95ci,total_median,user_mean,user_stdev,user_95ci,user_median,system_mean,system_stdev,system_95ci,system_median
1,64,0.004852559065704943,0.0022230590014891815,0.004446118002978363,0.005037783375314908,0.0024111627312030873,0.0013506010492142547,0.0027012020984285095,0.0025188916876574307,0.0023792796122582976,0.001511371186713645,0.00302274237342729,0.0025188916876574307
2,64,0.006626828094068062,0.0021955878130579727,0.004391175626115945,0.0075949367088608,0.002914537889054796,0.0014144973998804643,0.0028289947997609285,0.002544529262086514,0.00366536821609209,0.0016872142396489576,0.0033744284792979152,0.002551020408163265
3,64,0.017087513059062726,0.0035894552200305967,0.007178910440061193,0.017766497461928932,0.006181404126980609,0.001999123670359041,0.003998247340718082,0.00510204081632653,0.010890401961328499,0.0028111389680009497,0.005622277936001899,0.01015228426395939
4,64,0.028823735131860356,0.0054622004352550225,0.010924400870510045,0.027883441495855588,0.011330034673533235,0.00307798897443405,0.0061559779488681,0.010178117048346057,0.017415719903421705,0.003965938624853602,0.007931877249707203,0.017676767676767676
5,64,0.03437790369059809,0.007153502927202701,0.014307005854405402,0.03562340966921118,0.01195861771941667,0.003044904924154663,0.006089809848309326,0.012626262626262626,0.022372403645818044,0.005345357486988876,0.010690714973977751,0.022900763358778626
6,64,0.04515073671220952,0.007565162902826716,0.015130325805653431,0.04580152671755722,0.014370678483956822,0.0034709047803824296,0.006941809560764859,0.013991713424771405,0.03070164014315225,0.005707383406259496,0.011414766812518993,0.030573298021498677
7,64,0.05351335781177552,0.008354878154124999,0.016709756308249998,0.0535714285714286,0.01324873034106549,0.0031550359143568386,0.006310071828713677,0.012836991628765407,0.03902155751978446,0.0072689590488435,0.014537918097687,0.03836317135549872
8,64,0.02580262861780009,0.006010859261040421,0.012021718522080843,0.025227513227513265,0.007663000594519149,0.0027003870764201366,0.005400774152840273,0.007957559681697613,0.016764883777589484,0.004507824283625475,0.00901564856725095,0.016
