cores,pkt_sz,target_rate,target_pps,rate_median,rate_mean,pps_median,pps_mean,rate_95ci,pps_95ci
1,64,0.1,195.3125,0.09309090909090909,0.09320129292929294,145.45454545454547,145.4949494949495,0.00024686433562599614,0.09034618090905673
2,64,0.1,195.3125,0.09309090909090909,0.09320129292929293,145.45454545454547,145.4949494949495,0.0002468643356259961,0.09034618090905673
3,64,0.1,195.3125,0.09309090909090909,0.09320129292929294,145.45454545454547,145.4949494949495,0.00024686433562599614,0.09034618090905673
4,64,0.1,195.3125,0.09309090909090909,0.09322925252525252,145.45454545454547,145.5050505050505,0.0004134121828086501,0.15117807623326954
5,64,0.1,195.3125,0.09309090909090909,0.09320129292929294,145.45454545454547,145.4949494949495,0.0004130185042693622,0.15117807623327123
6,64,0.1,195.3125,0.09309090909090909,0.09320129292929293,145.45454545454547,145.4949494949495,0.0002468643356259961,0.09034618090905673
7,64,0.1,195.3125,0.09309090909090909,0.09320129292929293,145.45454545454547,145.4949494949495,0.0002468643356259961,0.09034618090905673
8,64,0.1,195.3125,0.09309090909090909,0.09320129292929294,145.45454545454547,145.4949494949495,0.0004130185042693622,0.15117807623327123
