cores,pkt_sz,target_rate,target_pps,rate_median,rate_mean,pps_median,pps_mean,rate_95ci,pps_95ci
1,64,1000,1953125.0,732.2056269090908,732.183671919192,1144071.0,1144036.888888889,0.11522840664244623,180.12096288127236
2,64,1000,1953125.0,744.7923389090909,744.7894566464646,1163737.7272727273,1163733.393939394,0.06546131648908345,102.47766223936881
3,64,1000,1953125.0,689.2639607272728,689.5952812929294,1076974.6363636365,1077492.4949494947,1.7114873641835227,2674.132314136114
4,64,1000,1953125.0,637.2944290909091,637.3130865454546,995772.5454545454,995801.5656565657,1.1281995822600084,1762.8016493449368
5,64,1000,1953125.0,680.7468218181818,676.1575956363636,1063666.9090909092,1056496.111111111,32.61362553041255,50958.915854331855
6,64,1000,1953125.0,721.2603534545455,710.3493284848486,1126969.0,1109920.7272727273,42.23459459780925,65991.44089811192
7,64,1000,1953125.0,562.3502545454545,563.2728808080809,878672.2727272727,880113.7777777778,4.539390706794983,7092.706591188954
8,64,1000,1953125.0,614.2925570909091,614.0709414141414,959831.8181818182,959485.7474747476,1.5224728230624607,2378.784242078316
