cores,pkt_sz,target_rate,target_pps,rate_median,rate_mean,pps_median,pps_mean,rate_95ci,pps_95ci
1,64,0.5,976.5625,0.4803490909090909,0.48040355555555553,750.5454545454545,750.5656565656565,0.00020378804676248228,0.07558903811667106
2,64,0.5,976.5625,0.4803490909090909,0.48045947474747464,750.5454545454545,750.5858585858585,0.00024686433562601023,0.09034618090911321
3,64,0.5,976.5625,0.4803490909090909,0.48045947474747475,750.5454545454545,750.5858585858584,0.00024686433562601023,0.09034618090911323
4,64,0.5,976.5625,0.4803490909090909,0.48045947474747464,750.5454545454545,750.5858585858585,0.0004130185042693391,0.15117807623334212
5,64,0.5,976.5625,0.4803490909090909,0.48045947474747464,750.5454545454545,750.5858585858585,0.0004130185042693391,0.15117807623334212
6,64,0.5,976.5625,0.4803490909090909,0.48045947474747464,750.5454545454545,750.5858585858585,0.00024686433562601023,0.09034618090911321
7,64,0.5,976.5625,0.4803490909090909,0.4804050101010101,750.5454545454545,750.5656565656565,0.00020923045750690294,0.07558903811667106
8,64,0.5,976.5625,0.4803490909090909,0.4804315151515151,750.5454545454545,750.5757575757575,0.00033042984499129273,0.12121212121216256
