cores,pkt_sz,target_rate,target_pps,rate_median,rate_mean,pps_median,pps_mean,rate_95ci,pps_95ci
1,64,10,19531.25,9.550965090909092,9.550929616161616,14923.09090909091,14923.262626262627,0.004559208722429687,7.2131114392493085
2,64,10,19531.25,9.549730909090908,9.551649292929293,14921.454545454546,14924.353535353535,0.008557698679595943,13.449205722944972
3,64,10,19531.25,9.547287272727273,9.546983919191918,14917.636363636364,14917.0303030303,0.0028292599939655177,4.254528187826593
4,64,10,19531.25,9.547345454545454,9.546982363636364,14917.727272727272,14917.011363636364,0.0016805834091297926,2.8465398743386516
5,64,10,19531.25,9.546472727272727,9.54683684848485,14916.363636363636,14916.89898989899,0.004544278525847709,7.133744971230515
6,64,10,19531.25,9.549207272727273,9.549440484848484,14920.636363636364,14920.868686868685,0.007274167550314279,11.352960192484415
7,64,10,19531.25,9.548974545454545,9.549664646464645,14920.272727272728,14921.252525252523,0.006269745643260711,9.737709034840865
8,64,10,19531.25,9.549801454545456,9.549050505050506,14921.272727272728,14920.292929292928,0.00536796505287572,8.265021509530984
