cores,pkt_sz,total_mean,total_stdev,total_95ci,total_median,user_mean,user_stdev,user_95ci,user_median,system_mean,system_stdev,system_95ci,system_median
5,64,0.09433707064730361,0.0066162476941604865,0.013232495388320973,0.09387496667555317,0.06723165327622008,0.004647911204538521,0.009295822409077042,0.06711421488079794,0.02464632179759221,0.0033192623496352274,0.006638524699270455,0.02429154221607052
5,256,0.1859890914803753,0.006295304702088632,0.012590609404177264,0.18678160919540232,0.12481926633777575,0.005837487724703382,0.011674975449406764,0.1258943921408105,0.058368601471323084,0.0040377835481063785,0.008075567096212757,0.05772017790808082
5,512,0.1058242861771282,0.00535436136506319,0.01070872273012638,0.10597826086956519,0.06482345822343737,0.003682381276855907,0.007364762553711814,0.06495275763568448,0.040099285991447506,0.0032345367243126295,0.006469073448625259,0.04059547352230279
5,1518,0.06219534787761047,0.003958927145355374,0.007917854290710747,0.0625,0.03189633833495377,0.0027817431781796305,0.005563486356359261,0.031331592689295036,0.027624533507046287,0.002815387848714039,0.005630775697428078,0.02849740932642487
