cores,pkt_sz,total_mean,total_stdev,total_95ci,total_median,user_mean,user_stdev,user_95ci,user_median,system_mean,system_stdev,system_95ci,system_median
5,64,0.08636218268082156,0.003606358824697429,0.007212717649394858,0.08661417322834641,0.05080906031832249,0.0032551869114417218,0.0065103738228834435,0.05013192612137203,0.035261295233172577,0.002807619080910848,0.005615238161821696,0.035520374525610125
5,256,0.04724830179858372,0.004744346932405185,0.00948869386481037,0.0474925514804756,0.021483766857220834,0.0032092604735803032,0.0064185209471606065,0.020645195663176963,0.025551948985049474,0.0033334024833019775,0.006666804966603955,0.025673983257530814
5,512,0.04398013716191923,0.006337645730829013,0.012675291461658026,0.04452631306329641,0.018248998417807045,0.0032956629762955947,0.006591325952591189,0.017879978078187794,0.025518732182134792,0.005257784427069209,0.010515568854138417,0.025542825825982565
5,1518,0.027685760794880564,0.009120269201593274,0.018240538403186547,0.02577319587628868,0.011178961048631869,0.003657355827362579,0.007314711654725158,0.010322597831588481,0.016364326186053615,0.0062824874774187025,0.012564974954837405,0.015463917525773196
