cores,pkt_sz,total_mean,total_stdev,total_95ci,total_median,user_mean,user_stdev,user_95ci,user_median,system_mean,system_stdev,system_95ci,system_median
5,64,0.018188785482339258,0.007819428242699506,0.015638856485399012,0.01558441558441559,0.006729857023849411,0.0033373498985946257,0.006674699797189251,0.005194805194805195,0.011388604970444829,0.004756046380103679,0.009512092760207359,0.010376152345064261
5,256,0.023546003342336957,0.011945326973415809,0.023890653946831618,0.02187740174383168,0.008373300941529752,0.004315909751611471,0.008631819503222941,0.007731958762886598,0.015030432553708105,0.008218573621377505,0.01643714724275501,0.015345268542199489
5,512,0.0210431397345182,0.01423989474524949,0.02847978949049898,0.018111285161532154,0.007157245206827808,0.0051402531592595994,0.010280506318519199,0.005194805194805195,0.013814117324130236,0.009584805199819286,0.019169610399638572,0.011651632302405499
5,1518,0.0234152272681068,0.011188853764189679,0.022377707528379358,0.02438863621382903,0.007824663845316274,0.003253454645420366,0.006506909290840732,0.007702194977259245,0.015590563422790507,0.009264301221252897,0.018528602442505794,0.015345268542199489
