cores,pkt_sz,total_mean,total_stdev,total_95ci,total_median,user_mean,user_stdev,user_95ci,user_median,system_mean,system_stdev,system_95ci,system_median
5,64,0.040469215382334806,0.006990936546939376,0.013981873093878753,0.040712468193384255,0.017023504348369484,0.003401365323606556,0.006802730647213112,0.017676767676767676,0.0233041679875695,0.005113588032298466,0.010227176064596931,0.02295918367346939
5,256,0.027028342496597885,0.00795065111706538,0.01590130223413076,0.02574006837516235,0.010244359232943454,0.003441760584534567,0.006883521169069134,0.010256410256410256,0.016713121585649908,0.005555727821850646,0.011111455643701291,0.01540438995451849
5,512,0.023408202825957496,0.006399139298441418,0.012798278596882836,0.02441845096484274,0.008568057982011306,0.003287780747753734,0.006575561495507468,0.007782114258798196,0.014769283165941637,0.004956089922595022,0.009912179845190045,0.015424164524421594
5,1518,0.024515569774299757,0.01503071728971533,0.03006143457943066,0.018111285161532154,0.008488365102717945,0.004992126026953896,0.009984252053907792,0.007731958762886598,0.016027204671581793,0.010662929757817581,0.021325859515635162,0.012919896640826873
