cores,pkt_sz,target_rate,target_pps,rate_median,rate_mean,pps_median,pps_mean,rate_95ci,pps_95ci
5,64,10,19531.25,9.541824363636362,9.541824363636362,14908.954545454546,14908.954545454546,1.236363636358817e-05,0.2727272727279342
5,256,10,4882.8125,9.36569018181818,9.36569018181818,4573.090909090909,4573.090909090909,0.0,0.0
5,512,10,2441.40625,9.699328,9.699328,2368.0,2368.0,0.0,0.0
5,1518,10,823.4519104084321,9.91944,9.91944,816.8181818181818,816.8181818181818,0.06844800000000006,5.636363636363626
