cores,pkt_sz,total_mean,total_stdev,total_95ci,total_median,user_mean,user_stdev,user_95ci,user_median,system_mean,system_stdev,system_95ci,system_median
1,64,0.27255639691683736,0.018676204031577076,0.03735240806315415,0.265625,0.10287861035336093,0.012419763397046908,0.024839526794093816,0.10362694300518134,0.1568568600915523,0.01321175354982313,0.02642350709964626,0.15625
1,128,0.26415403511628316,0.007298124150510797,0.014596248301021594,0.2615384615384615,0.10735391416657052,0.014519619804742976,0.029039239609485953,0.10714285714285714,0.14869051046055673,0.014630985235967339,0.029261970471934677,0.14833856619570907
1,256,0.2642604788281966,0.008777698529020453,0.017555397058040906,0.26262626262626265,0.10416363929857558,0.009387208490083374,0.01877441698016675,0.10230245944531659,0.15402837772341893,0.009447007932041339,0.018894015864082677,0.15656565656565657
1,512,0.2617060130354788,0.0075948425874050336,0.015189685174810067,0.25888324873096447,0.10682647507641466,0.015481102257914221,0.030962204515828443,0.1065989847715736,0.14994790223518772,0.016609765894626604,0.03321953178925321,0.15189970773727118
1,1024,0.2614653057783777,0.010434058453998599,0.020868116907997197,0.25757575757575757,0.11138633380151283,0.008997115858475182,0.017994231716950363,0.1111111111111111,0.14811203095764044,0.010972897898434461,0.021945795796868922,0.14935647625884524
1,1280,0.2594811033207931,0.007195579084775595,0.01439115816955119,0.25757575757575757,0.10861652165763548,0.015341114788323411,0.030682229576646822,0.1111111111111111,0.14918100861587819,0.01655530693501855,0.0331106138700371,0.1511344601796863
1,1518,0.2586420916393932,0.008030171680272835,0.01606034336054567,0.2551020408163265,0.10724277411705821,0.011922961418010749,0.023845922836021497,0.10857587429533455,0.15027694738803768,0.012292078118915431,0.024584156237830862,0.1511344601796863
