cores,pkt_sz,total_mean,total_stdev,total_95ci,total_median,user_mean,user_stdev,user_95ci,user_median,system_mean,system_stdev,system_95ci,system_median
1,64,0.6126709372643558,0.018943656664759483,0.037887313329518967,0.6079962450930193,0.04472950076813989,0.00943870974965278,0.01887741949930556,0.04531490015360983,0.20466127833460757,0.014168084510766147,0.028336169021532295,0.20485324033711133
1,128,0.6286891773984686,0.012201107518451751,0.024402215036903502,0.6270270270270271,0.03939057662934195,0.009921656275255443,0.019843312550510885,0.038147422190544074,0.22147900486821837,0.011152592647695676,0.022305185295391352,0.2191797273764487
1,256,0.6548220474202266,0.019979554858376138,0.039959109716752275,0.6539501039501039,0.040339054701977295,0.009086116412838165,0.01817223282567633,0.04128454296993623,0.21708174502450595,0.01359860427561933,0.02719720855123866,0.21483115302707637
1,512,0.6332063887747214,0.026029939893599804,0.05205987978719961,0.637646835922698,0.04743154218250368,0.009427959298852826,0.01885591859770565,0.04637720123672537,0.19681584626327045,0.014141071086976945,0.02828214217395389,0.19715181604389861
1,1024,0.34229701287258796,0.016469345476298514,0.03293869095259703,0.33939393939393936,0.08045219941582568,0.010662509287841912,0.021325018575683825,0.0797666102013928,0.17201582522561057,0.018308240476691186,0.03661648095338237,0.17073170731707318
1,1280,0.3165897190625629,0.015370904296600376,0.03074180859320075,0.31176470588235294,0.08741155277464903,0.010927921320990196,0.021855842641980393,0.08771929824561403,0.164377683832713,0.016566815418279215,0.03313363083655843,0.16519317786286114
1,1518,0.3070212140043245,0.012430362322410626,0.024860724644821253,0.3023255813953488,0.08810749514870357,0.011076617012412509,0.022153234024825018,0.0872093023255814,0.1611525294234906,0.012959724445559663,0.025919448891119325,0.16148041104688504
