cores,pkt_sz,total_mean,total_stdev,total_95ci,total_median,user_mean,user_stdev,user_95ci,user_median,system_mean,system_stdev,system_95ci,system_median
1,64,0.26081300454148953,0.008992138613610184,0.017984277227220367,0.25757575757575757,0.11334012310077068,0.013754995120968668,0.027509990241937336,0.11586975280442617,0.1459310673250477,0.01435806110111554,0.02871612220223108,0.14393031145575594
1,128,0.2582245877332563,0.006916230996561518,0.013832461993123036,0.2569285823054667,0.10760760005482987,0.014615323979571746,0.029230647959143492,0.1111111111111111,0.14977663259754764,0.016138198020411557,0.032276396040823115,0.15151515151515152
1,256,0.2600878104504604,0.010604217809516137,0.021208435619032275,0.25757575757575757,0.10943251113875961,0.009778572074160065,0.01955714414832013,0.11027638190954775,0.14995525024481748,0.011903197947879564,0.023806395895759128,0.1511344601796863
1,512,0.2577528568454858,0.006516582331523698,0.013033164663047396,0.2562814070351759,0.1071244853223486,0.01224377136517214,0.02448754273034428,0.1082994923857868,0.1503463636269161,0.013863925852624795,0.02772785170524959,0.15075757575757576
1,1024,0.25925798169950404,0.01065045282363904,0.02130090564727808,0.25380710659898476,0.11145815646108995,0.015181946976302083,0.030363893952604165,0.10885504794134235,0.14765953343145563,0.015963255673551207,0.031926511347102414,0.14720812182741116
1,1280,0.25912341701041974,0.009114844134466107,0.018229688268932214,0.2562814070351759,0.1108982038578747,0.010630654196031415,0.02126130839206283,0.1113931190073322,0.14794603950653717,0.01329021767334195,0.0265804353466839,0.1457286432160804
1,1518,0.25952473717840313,0.009675994550372389,0.019351989100744777,0.2569285823054667,0.11119074116015251,0.014840721767492949,0.029681443534985898,0.1111111111111111,0.1480548223722428,0.013903778577097759,0.027807557154195518,0.1511344601796863
