cores,pkt_sz,total_mean,total_stdev,total_95ci,total_median,user_mean,user_stdev,user_95ci,user_median,system_mean,system_stdev,system_95ci,system_median
1,64,0.5238038837725086,0.12716694445708024,0.2543338889141605,0.5150901942645698,0.029321664377860473,0.02867906808850807,0.05735813617701614,0.018891463197291035,0.101049484309657,0.09021450332841051,0.18042900665682102,0.0922502613110348
1,128,0.6448061082424128,0.0659221891146216,0.1318443782292432,0.6494201605709189,0.0550292473970806,0.020166478776907908,0.040332957553815815,0.05428234677841802,0.18279212566411684,0.052123692267494456,0.10424738453498891,0.19616735379447245
1,256,0.7011244234363687,0.02749064012393309,0.05498128024786618,0.6971153846153846,0.05789666448331175,0.011097936056993444,0.022195872113986888,0.055867665418227214,0.1926307074374823,0.017367641555855833,0.034735283111711666,0.18903903903903904
1,512,0.7019169932719327,0.05256637558711651,0.10513275117423301,0.6990566037735849,0.056631758653239134,0.015457084745597522,0.030914169491195045,0.05882521162205445,0.1894040426133908,0.03769397871958514,0.07538795743917028,0.1915508157176411
1,1024,0.5332511631101119,0.039227062692047523,0.07845412538409505,0.5369194035229986,0.030519564335620714,0.007547951026965964,0.015095902053931928,0.028070521028267507,0.20647915026061425,0.018720927329416468,0.037441854658832936,0.20684909963041598
1,1280,0.40568889334169916,0.035660051910994243,0.07132010382198849,0.39655172413793105,0.055434071982707556,0.015805087411851562,0.031610174823703124,0.05054217495568762,0.18053593627087777,0.015325610591756196,0.030651221183512392,0.18338603046852545
1,1518,0.3756402073411617,0.02257181476909661,0.04514362953819322,0.36877428470505125,0.07160525908268572,0.014426117699862252,0.028852235399724504,0.0738255033557047,0.16901697940760008,0.016725288922163864,0.03345057784432773,0.16938290467702233
