cores,pkt_sz,target_rate,target_pps,rate_median,rate_mean,pps_median,pps_mean,rate_95ci,pps_95ci
1,64,100,195312.5,0.9601745454545455,0.9601745454545455,1500.2727272727273,1500.2727272727273,1.868218181818182,2919.090909090909
1,128,100,97656.25,3.8032152727272726,3.8032152727272726,3714.0,3714.0,1.027565090909091,1003.636363636364
1,256,100,48828.125,9.625725818181818,9.625725818181818,4700.045454545454,4700.045454545454,0.14199127272727452,69.36363636363694
1,512,100,24414.0625,19.06011709090909,19.06011709090909,4653.363636363636,4653.363636363636,0.8123767272727243,198.36363636363697
1,1024,100,12207.03125,95.81636436363637,95.81636436363637,11696.363636363636,11696.363636363636,0.09930036363635963,12.181818181818016
1,1280,100,9765.625,97.35726545454546,97.35726545454546,9507.545454545454,9507.545454545454,0.00744727272729051,0.7272727272720658
1,1518,100,8234.519104084322,97.615128,97.615128,8038.136363636364,8038.136363636364,0.06955200000000161,5.727272727272975
