cores,pkt_sz,target_rate,target_pps,rate_median,rate_mean,pps_median,pps_mean,rate_95ci,pps_95ci
1,64,1,1953.125,0.960824,0.960824,1501.1363636363635,1501.1363636363635,0.0002516363636364538,0.0909090909092356
1,128,1,976.5625,0.8699672727272727,0.8699672727272727,849.5,849.5,0.0002516363636363428,0.09090909090900823
1,256,1,488.28125,0.9294196363636363,0.9294196363636363,453.8181818181818,453.8181818181818,0.0,0.0
1,512,1,244.140625,0.953250909090909,0.953250909090909,232.72727272727272,232.72727272727272,0.0,0.0
1,1024,1,122.0703125,0.953250909090909,0.953250909090909,116.36363636363636,116.36363636363636,0.0,0.0
1,1280,1,97.65625,0.9831625454545454,0.9831625454545454,96.04545454545455,96.04545454545455,0.059823272727272836,5.9090909090909065
1,1518,1,82.34519104084322,1.0247603636363638,1.0247603636363638,84.45454545454545,84.45454545454545,0.07066254545454564,5.818181818181813
