cores,pkt_sz,target_rate,target_pps,rate_median,rate_mean,pps_median,pps_mean,rate_95ci,pps_95ci
1,64,0.5,976.5625,0.4804716363636363,0.4804716363636363,750.590909090909,750.590909090909,0.000245090909090917,0.09090909090912191
1,128,0.5,488.28125,0.4349207272727273,0.4349207272727273,424.72727272727275,424.72727272727275,0.0,0.0
1,256,0.5,244.140625,0.46470981818181817,0.46470981818181817,226.9090909090909,226.9090909090909,0.0,0.0
1,512,0.5,122.0703125,0.4766254545454545,0.4766254545454545,116.36363636363636,116.36363636363636,0.0,0.0
1,1024,0.5,61.03515625,0.4767512727272727,0.4767512727272727,58.22727272727273,58.22727272727273,0.0002516363636363428,0.09090909090909349
1,1280,0.5,48.828125,0.4767512727272727,0.4767512727272727,46.59090909090909,46.59090909090909,0.0002516363636363428,0.09090909090908639
1,1518,0.5,41.17259552042161,0.5653738181818182,0.5653738181818182,46.59090909090909,46.59090909090909,0.0002516363636363428,0.09090909090908639
