cores,pkt_sz,target_rate,target_pps,rate_median,rate_mean,pps_median,pps_mean,rate_95ci,pps_95ci
1,64,50,97656.25,3.4865745454545456,3.4865745454545456,5447.772727272728,5447.772727272728,0.19461818181818158,304.090909090909
1,128,50,48828.125,11.307037454545455,11.307037454545455,11041.954545454546,11041.954545454546,0.17011127272727222,166.27272727272793
1,256,50,24414.0625,25.04809345454545,25.04809345454545,12230.5,12230.5,0.4022800000000011,196.45454545454413
1,512,50,12207.03125,46.38546072727273,46.38546072727273,11324.59090909091,11324.59090909091,0.11071927272727322,27.0
1,1024,50,6103.515625,48.776407636363636,48.776407636363636,5954.181818181818,5954.181818181818,0.0009898181818215335,0.18181818181801646
1,1280,50,4882.8125,48.942668,48.942668,4779.590909090909,4779.590909090909,0.030034181818187733,3.0
1,1518,50,4117.259552042161,49.125792,49.125792,4045.2727272727275,4045.2727272727275,0.0,0.0
