cores,pkt_sz,total_mean,total_stdev,total_95ci,total_median,user_mean,user_stdev,user_95ci,user_median,system_mean,system_stdev,system_95ci,system_median
1,64,0.020456775050075805,0.0052683034921243216,0.010536606984248643,0.020618556701030966,0.002147092919243131,0.0030670563755076136,0.006134112751015227,0.0,0.014157250087220583,0.006057367290020428,0.012114734580040856,0.012900641025641025
1,128,0.02150920822526979,0.011359448906891344,0.02271889781378269,0.02051282051282055,0.003697956503665108,0.003538502445845362,0.007077004891690724,0.00510204081632653,0.013115394495282057,0.0040474955004469754,0.008094991000893951,0.0103896804835924
1,256,0.020341767675523106,0.009400470572032115,0.01880094114406423,0.020408163265306145,0.003264078961332063,0.003638578550764271,0.007277157101528542,0.0025380710659898475,0.013096233958200986,0.006094991254667341,0.012189982509334682,0.010256410256410256
1,512,0.019126966249520046,0.00965940967085191,0.01931881934170382,0.01538461538461533,0.003253977175296973,0.005671543666789236,0.011343087333578472,0.0,0.012473676520442073,0.0046666942931850525,0.009333388586370105,0.010309278350515464
1,1024,0.013462701280487108,0.006095902547832938,0.012191805095665876,0.01276885237322728,0.0032575827251832925,0.0032105702914541462,0.0064211405829082925,0.005076142131979695,0.009357641405554503,0.004236391227202666,0.008472782454405333,0.01020408163265306
1,1280,0.015151348714784277,0.009678006789255691,0.019356013578511383,0.015228426395939132,0.0028244832836411475,0.004690387762530512,0.009380775525061023,0.0,0.01119517799971289,0.005421034542335409,0.010842069084670818,0.010256410256410256
1,1518,0.016151928379587226,0.007442593946028009,0.014885187892056019,0.015306122448979553,0.0032561135987531926,0.003434124009535844,0.006868248019071688,0.005076142131979695,0.012186456457262537,0.005662678745162191,0.011325357490324381,0.010256410256410256
