cores,pkt_sz,total_mean,total_stdev,total_95ci,total_median,user_mean,user_stdev,user_95ci,user_median,system_mean,system_stdev,system_95ci,system_median
1,64,0.03514549061774457,0.010458148267782184,0.020916296535564368,0.03626943005181349,0.003478495884164307,0.0034688784181524063,0.0069377568363048125,0.0051813471502590676,0.021642790706901324,0.007168028304456551,0.014336056608913102,0.020942408376963352
1,128,0.02793667722200953,0.010326878453375448,0.020653756906750895,0.02577319587628868,0.0032933479923336136,0.0036759422107011286,0.007351884421402257,0.005115122972265829,0.01920143462389832,0.007550624350973013,0.015101248701946027,0.01801658163265306
1,256,0.021817841480567052,0.007373753139600544,0.014747506279201088,0.02056568860692576,0.003279471511640898,0.0036733547908316174,0.007346709581663235,0.005089091474153113,0.013830006695386764,0.005064692642577322,0.010129385285154644,0.015306122448979591
1,512,0.021056431256592647,0.00896438185110996,0.01792876370221992,0.020408163265306145,0.0031267317680263554,0.0036699184661975154,0.007339836932395031,0.0025380710659898475,0.013093483587327698,0.0055702227821510745,0.011140445564302149,0.010362694300518135
1,1024,0.014767436248892271,0.005128738174660293,0.010257476349320586,0.01538461538461533,0.0034079972147094814,0.0026960787827227757,0.005392157565445551,0.00510204081632653,0.010083121208223066,0.003850246257581018,0.007700492515162036,0.010256410256410256
1,1280,0.013924968235512394,0.00469735078011538,0.00939470156023076,0.015267274422459343,0.0029748324889731703,0.003677437903117026,0.007354875806234052,0.0,0.009812677957142331,0.0034743295590470382,0.0069486591180940764,0.010256410256410256
1,1518,0.01530237554635912,0.005439081337219601,0.010878162674439203,0.015228426395939132,0.0025475196390022463,0.0028145923610988547,0.005629184722197709,0.0,0.011764935993699963,0.004266288112812952,0.008532576225625903,0.01028284430346286
