cores,pkt_sz,total_mean,total_stdev,total_95ci,total_median,user_mean,user_stdev,user_95ci,user_median,system_mean,system_stdev,system_95ci,system_median
1,64,0.015021856548523168,0.005415615639625451,0.010831231279250902,0.015306122448979553,0.0025482456312855353,0.003061413651892304,0.006122827303784608,0.0,0.01148368373683429,0.00497337706644308,0.00994675413288616,0.010309278350515464
1,128,0.013036700784119622,0.005256251378419866,0.010512502756839731,0.015228426395939132,0.0028323530559450313,0.002804319589798217,0.005608639179596434,0.0050633235912423726,0.009214427814517687,0.0037446428225488826,0.007489285645097765,0.010178182948306226
1,256,0.019789186078341237,0.022036355966447953,0.04407271193289591,0.015345368916797442,0.005229449357158462,0.007423277730583119,0.014846555461166238,0.005076142131979695,0.014135278682511564,0.015406539601970172,0.030813079203940344,0.010230245944531658
1,512,0.015134382178021547,0.005782212245385361,0.011564424490770721,0.015306122448979553,0.0036776498463711427,0.0022808476756630202,0.0045616953513260405,0.005076142131979695,0.011032267026232723,0.004380632266077517,0.008761264532155035,0.01020408163265306
1,1024,0.015520202720320472,0.006257946319687861,0.012515892639375721,0.015228426395939132,0.003242451337349323,0.003991835414002561,0.007983670828005123,0.005050505050505051,0.011997872753008766,0.004771662787232592,0.009543325574465184,0.010230245944531658
1,1280,0.011751132385201583,0.005560136127214411,0.011120272254428822,0.01025641025641022,0.0019791424432468673,0.002481052183061916,0.004962104366123832,0.0,0.009205089139375901,0.00459316623571745,0.0091863324714349,0.010178182948306226
1,1518,0.015015777172307822,0.008751198453181223,0.017502396906362447,0.015267274422459343,0.004392051403774875,0.0034334889882006755,0.006866977976401351,0.00510204081632653,0.010623725768532953,0.006842066346816231,0.013684132693632462,0.01020408163265306
