cores,pkt_sz,total_mean,total_stdev,total_95ci,total_median,user_mean,user_stdev,user_95ci,user_median,system_mean,system_stdev,system_95ci,system_median
1,64,0.42796111093392786,0.03990272424425915,0.0798054484885183,0.4149154589371981,0.004431654975219728,0.004792263375711196,0.009584526751422393,0.005434782608695652,0.035559286492337555,0.028891442766908807,0.057782885533817614,0.030543090026559208
1,128,0.510934862541043,0.0394075515185607,0.0788151030371214,0.5055867665418228,0.007805349685358103,0.0038402408276060566,0.007680481655212113,0.005714285714285714,0.08599417451045241,0.011521548360390576,0.023043096720781153,0.08791474202215982
1,256,0.5561123821221711,0.03261287288217124,0.06522574576434248,0.5506996156617823,0.008263570849617024,0.0038577787915026088,0.0077155575830052175,0.005866363886595101,0.10653615832078983,0.012116018137377149,0.024232036274754298,0.10669642857142857
1,512,0.5636199742946959,0.07105027541766291,0.14210055083532583,0.569047619047619,0.009103452257337,0.004096567613014611,0.008193135226029222,0.011080417434008595,0.10861712463791792,0.015745249574277594,0.03149049914855519,0.11236309692895244
1,1024,0.5354736326661077,0.04787988871814535,0.0957597774362907,0.5532563025210084,0.015322622442183513,0.004638960049319791,0.009277920098639581,0.015182648401826484,0.16707748279798293,0.013242257286725389,0.026484514573450777,0.1662062615101289
1,1280,0.36506505787962923,0.02246975899364358,0.04493951798728716,0.37052854998188123,0.021071289643415758,0.008673004091652859,0.017346008183305717,0.021277665995975855,0.167746086539684,0.014262623572720555,0.02852524714544111,0.16785768975549997
1,1518,0.31441629765668666,0.0259756768323861,0.0519513536647722,0.315083274689186,0.025107122705833942,0.010249307051127025,0.02049861410225405,0.026001435144147565,0.15108675283471126,0.017139911841892806,0.03427982368378561,0.1478946585329564
