cores,pkt_sz,total_mean,total_stdev,total_95ci,total_median,user_mean,user_stdev,user_95ci,user_median,system_mean,system_stdev,system_95ci,system_median
1,64,0.3432304382779663,0.019162762964106923,0.038325525928213845,0.3472222222222222,0.014291997387064029,0.005613351671352622,0.011226703342705244,0.013745866792631081,0.17858932883492218,0.01674602584417901,0.03349205168835802,0.17832681017612523
1,128,0.1856480796899297,0.01464296690964322,0.02928593381928644,0.18710709580274798,0.009464744678103938,0.005053910019017948,0.010107820038035896,0.009097035040431266,0.08965185512732353,0.012318879286932562,0.024637758573865125,0.09146341463414634
1,256,0.10171633276665049,0.021001394390545814,0.04200278878109163,0.09639907699781392,0.007129319694753455,0.004856827671010022,0.009713655342020044,0.0056179775280898875,0.043626198288879085,0.00960238178934325,0.0192047635786865,0.03899751707014277
1,512,0.07445330056453403,0.012630664908096077,0.025261329816192155,0.07486631016042777,0.0032739477628338388,0.0031544915334505244,0.006308983066901049,0.005305077113587752,0.030351752576434785,0.006039758066117824,0.012079516132235648,0.0316624895572264
1,1024,0.039645514261424424,0.012131756921841616,0.02426351384368323,0.03703703703703709,0.004226923104108309,0.0042449679407167065,0.008489935881433413,0.005221967713787086,0.02202422775736553,0.006238031330904932,0.012476062661809863,0.021108326371484264
1,1280,0.03202638650511923,0.009735132840991903,0.019470265681983807,0.03157894736842104,0.004365426017364158,0.00399947126711529,0.00799894253423058,0.005235602094240838,0.01906791112235115,0.007190063928522744,0.014380127857045488,0.015873015873015872
1,1518,0.03257709042379379,0.0052328111604601135,0.010465622320920227,0.03149627996693305,0.0043374766733938475,0.0033498370459952424,0.006699674091990485,0.0051813471502590676,0.019544980138013382,0.0056307697302885205,0.011261539460577041,0.02072538860103627
