cores,pkt_sz,target_rate,target_pps,rate_median,rate_mean,pps_median,pps_mean,rate_95ci,pps_95ci
1,64,10,19531.25,9.516489454545454,9.516489454545454,14869.363636363636,14869.363636363636,0.0034138181818175184,5.636363636363967
1,128,10,9765.625,8.681285818181818,8.681285818181818,8477.818181818182,8477.818181818182,0.0,0.0
1,256,10,4882.8125,9.294754909090909,9.294754909090909,4538.454545454545,4538.454545454545,0.0,0.0
1,512,10,2441.40625,9.616663272727273,9.616663272727273,2347.818181818182,2347.818181818182,0.02383127272727137,5.818181818181529
1,1024,10,1220.703125,9.771566545454546,9.771566545454546,1192.8181818181818,1192.8181818181818,0.0,0.0
1,1280,10,976.5625,9.807127272727273,9.807127272727273,957.7272727272727,957.7272727272727,0.0,0.0
1,1518,10,823.4519104084321,9.916253818181819,9.916253818181819,816.590909090909,816.590909090909,0.0002516363636360097,0.09090909090912191
