cores,pkt_sz,total_mean,total_stdev,total_95ci,total_median,user_mean,user_stdev,user_95ci,user_median,system_mean,system_stdev,system_95ci,system_median
5,64,0.0334881864997157,0.006988524610857364,0.013977049221714728,0.03316326530612246,0.012601020270613661,0.003480181114315637,0.006960362228631274,0.012738874175624448,0.02088716622910205,0.004520220711122799,0.009040441422245598,0.020460358056265986
5,256,0.026665660864776775,0.006264441118466462,0.012528882236932925,0.026919966600700895,0.009814593336513744,0.0026759645167728635,0.005351929033545727,0.010230179028132993,0.016780205850258485,0.004505593733060243,0.009011187466120486,0.015424164524421594
5,512,0.02722210360498469,0.009092075979772494,0.018184151959544988,0.026884082681915944,0.009707806696145635,0.004194623379428575,0.00838924675885715,0.01020408163265306,0.017442519705278894,0.005858290090689427,0.011716580181378854,0.017789101148267268
5,1518,0.028737167902785465,0.016179898770642704,0.03235979754128541,0.026887008984195715,0.010682475791188422,0.0061120130405866325,0.012224026081173265,0.010230179028132993,0.017984368623552034,0.010407360566543736,0.020814721133087473,0.016703344634112494
