cores,pkt_sz,total_mean,total_stdev,total_95ci,total_median,user_mean,user_stdev,user_95ci,user_median,system_mean,system_stdev,system_95ci,system_median
5,64,0.07544270691001015,0.046738782603216886,0.09347756520643377,0.04793617021276597,0.02526738983982062,0.01582875832736027,0.03165751665472054,0.0160857908847185,0.0486609048350137,0.03109806068370182,0.06219612136740364,0.031788135236411094
5,256,0.09974291295048103,0.00428823098433572,0.00857646196867144,0.09931053376558147,0.030331191839090405,0.003136234640017631,0.006272469280035262,0.03038674033149171,0.06726755757320121,0.0029602667694048493,0.005920533538809699,0.0664819944598338
5,512,0.07005168504001515,0.0034383582637435334,0.006876716527487067,0.06924113475177307,0.02184844598761201,0.00230805297036564,0.00461610594073128,0.02127659574468085,0.047316706905381346,0.0031358752039277985,0.006271750407855597,0.04768220285461665
5,1518,0.04581348483824231,0.0030052530179164117,0.006010506035832823,0.04675324675324677,0.011707224899990328,0.0018797641085759223,0.0037595282171518445,0.010471275946903504,0.0273842145840593,0.0030862687852362125,0.006172537570472425,0.02853441894892672
