cores,pkt_sz,total_mean,total_stdev,total_95ci,total_median,user_mean,user_stdev,user_95ci,user_median,system_mean,system_stdev,system_95ci,system_median
5,64,0.025650645177712227,0.01077536361355765,0.0215507272271153,0.02564102564102566,0.009002232678979863,0.004054720020068718,0.008109440040137436,0.01015228426395939,0.01664841249873236,0.007493232847338352,0.014986465694676704,0.017857142857142856
5,256,0.02778889563616978,0.015732174379295416,0.03146434875859083,0.024355847178482437,0.010410863338538924,0.006400171426338734,0.012800342852677468,0.007761979354942362,0.017306807226405777,0.00997720440953382,0.01995440881906764,0.01407416151838298
5,512,0.02140445482463007,0.010849410209381564,0.02169882041876313,0.020645195663176963,0.007675935720019192,0.004651382998280527,0.009302765996561053,0.007712082262210797,0.013658017130555592,0.006824291624136494,0.013648583248272988,0.012886683538922434
5,1518,0.02935688447286958,0.014618145161947997,0.029236290323895995,0.02567398325753084,0.010350169477445362,0.005655177800419169,0.011310355600838339,0.007741948373691361,0.018937958119736642,0.009709824037269492,0.019419648074538984,0.015463917525773196
