cores,pkt_sz,total_mean,total_stdev,total_95ci,total_median,user_mean,user_stdev,user_95ci,user_median,system_mean,system_stdev,system_95ci,system_median
5,64,0.050969349298049985,0.004626022719114708,0.009252045438229417,0.050976049868766415,0.015393160081492767,0.0024822338247418975,0.004964467649483795,0.015706806282722512,0.0351421545934259,0.00417134323715219,0.00834268647430438,0.03416563061196298
5,256,0.03896184897489904,0.003840455890752901,0.007680911781505802,0.038461538461538436,0.013864609087256057,0.0024831643449019173,0.004966328689803835,0.01407416151838298,0.024955876235583166,0.003019358031683243,0.006038716063366486,0.02557544757033248
5,512,0.04256658873885408,0.006765044827306687,0.013530089654613374,0.043202102788649055,0.016460044477391952,0.004226954201151791,0.008453908402303582,0.017543969849246232,0.02603622077341714,0.004634014976577995,0.00926802995315599,0.025477748351248896
5,1518,0.030337250235950502,0.008722590523922796,0.017445181047845593,0.03069053708439895,0.011191047895661485,0.004776436861241274,0.009552873722482548,0.01020408163265306,0.01886217315327547,0.0051693766632700125,0.010338753326540025,0.017971788280271572
