cores,pkt_sz,target_rate,target_pps,rate_median,rate_mean,pps_median,pps_mean,rate_95ci,pps_95ci
5,64,100,195312.5,94.58363127272727,94.58363127272727,147786.7727272727,147786.7727272727,0.002578909090914294,3.72727272726479
5,256,100,48828.125,92.60091127272727,92.60091127272727,45215.27272727273,45215.27272727273,0.0034167272727358977,1.636363636367605
5,512,100,24414.0625,96.55327199999999,96.55327199999999,23572.590909090908,23572.590909090908,0.014401454545478032,3.5454545454558684
5,1518,100,8234.519104084322,99.42250181818181,99.42250181818181,8187.0,8187.0,0.023435636363629445,2.0
