cores,pkt_sz,target_rate,target_pps,rate_median,rate_mean,pps_median,pps_mean,rate_95ci,pps_95ci
5,64,10,19531.25,9.545286181818183,9.545286181818183,14914.363636363636,14914.363636363636,0.0012341818181802466,1.636363636363967
5,256,10,4882.8125,9.365533454545453,9.365533454545453,4573.0,4573.0,0.00031345454545395057,0.18181818181801646
5,512,10,2441.40625,9.699141818181818,9.699141818181818,2367.9545454545455,2367.9545454545455,0.0003723636363623939,0.09090909090900823
5,1518,10,823.4519104084321,9.888528,9.888528,814.2727272727273,814.2727272727273,0.015455999999998582,1.272727272727252
