cores,pkt_sz,total_mean,total_stdev,total_95ci,total_median,user_mean,user_stdev,user_95ci,user_median,system_mean,system_stdev,system_95ci,system_median
1,64,0.0329615409061461,0.002128337894686351,0.004256675789372702,0.0330788804071247,0.029518973748844518,0.001858977415689173,0.003717954831378346,0.030456852791878174,0.0032856558975122093,0.0014862662181237074,0.002972532436247415,0.002551020408163265
2,64,0.03797978699551889,0.002526550535625673,0.005053101071251346,0.038363171355498715,0.030223833661967743,0.0021136100837165716,0.004227220167433143,0.030690537084398978,0.007535212040474839,0.001728673051556157,0.003457346103112314,0.0076726342710997444
3,64,0.04636497445457294,0.002653642253964621,0.005307284507929242,0.046391752577319534,0.0348905466048978,0.002309752428755675,0.00461950485751135,0.035897435897435895,0.01130003625885574,0.00190789631397895,0.0038157926279579,0.0103359173126615
4,64,0.05161260240642228,0.0033005339651626434,0.006601067930325287,0.05167958656330751,0.03684727993328009,0.00283419280794827,0.00566838561589654,0.03626943005181347,0.014494491117473066,0.0021682708282009934,0.004336541656401987,0.015444041025097395
5,64,0.06131789786741349,0.0035591427567424764,0.007118285513484953,0.06217616580310881,0.043447297490733096,0.0029580301044885423,0.005916060208977085,0.04404145077720207,0.017582620561329088,0.002254439513956109,0.004508879027912218,0.01815826660386246
6,64,0.06947611410863642,0.0042550384171411645,0.008510076834282329,0.0703125,0.04831995442091671,0.003468521785945236,0.006937043571890472,0.04935064935064935,0.020721623432303937,0.0028253129131786798,0.0056506258263573595,0.020887728459530026
7,64,0.08451024470485766,0.00431692622763263,0.00863385245526526,0.08419243986254299,0.046379453449383046,0.00338707974292704,0.00677415948585408,0.046511627906976744,0.02401790389197034,0.00284778131019691,0.00569556262039382,0.023376623376623377
8,64,0.0896582187501353,0.0043750030149478664,0.008750006029895733,0.08877284595300261,0.048966867348886736,0.003583665157407305,0.00716733031481461,0.04935064935064935,0.026279197834587837,0.0031430318817743277,0.0062860637635486554,0.026041666666666668
