cores,pkt_sz,total_mean,total_stdev,total_95ci,total_median,user_mean,user_stdev,user_95ci,user_median,system_mean,system_stdev,system_95ci,system_median
1,64,0.0510352653581761,0.0027050772384006466,0.005410154476801293,0.05089058524173029,0.04813324211135458,0.0022725802174410853,0.0045451604348821706,0.04834605597964377,0.002479285410924044,0.0013214613670212824,0.002642922734042565,0.002544529262086514
2,64,0.05128773821724473,0.003365676099972216,0.006731352199944432,0.05128205128205132,0.04798870732885587,0.002960221967416867,0.005920443934833734,0.04859335038363171,0.002684526695592807,0.0013247126600267848,0.0026494253200535695,0.002560823660567906
3,64,0.05707799695446378,0.0037069076295343224,0.007413815259068645,0.05655526992287918,0.05180140013140226,0.003092960283751316,0.006185920567502632,0.051480136750324645,0.0038202118062189354,0.00145702526714062,0.00291405053428124,0.0025873264516474543
4,64,0.06499972453417777,0.00929598783758566,0.01859197567517132,0.06459948320413433,0.05783328174180278,0.008220436159612559,0.016440872319225117,0.05692118193624399,0.006098272703075687,0.0017557209288492207,0.0035114418576984415,0.005194805194805195
5,64,0.07792688594548626,0.004518921494548495,0.00903784298909699,0.07731958762886593,0.06962212324714681,0.004092429950382772,0.008184859900765545,0.06958762886597938,0.006098745542547982,0.0015267381256616904,0.003053476251323381,0.00516795865633075
6,64,0.15088993212842394,0.10909519005111064,0.21819038010222128,0.08706800445930885,0.1344584374711835,0.09723722631914107,0.19447445263828214,0.07692307692307693,0.012661581697308747,0.0102521074216577,0.0205042148433154,0.007692307692307693
7,64,0.20431725825354355,0.0236755249096855,0.047351049819371,0.21303258145363413,0.14476144352302153,0.017715298267938513,0.035430596535877025,0.1507537688442211,0.017400510336448377,0.0033639854878730465,0.006727970975746093,0.017543859649122806
8,64,0.2107224972218842,0.014912463372637358,0.029824926745274715,0.21410579345088165,0.15132925210509438,0.010390129692701214,0.020780259385402428,0.15365239294710328,0.0184936114350878,0.0026060996198381307,0.005212199239676261,0.017811704834605598
