cores,pkt_sz,total_mean,total_stdev,total_95ci,total_median,user_mean,user_stdev,user_95ci,user_median,system_mean,system_stdev,system_95ci,system_median
1,64,0.22948817400723448,0.001994290724994082,0.003988581449988164,0.22999999999999998,0.1231406295646425,0.001247529943171153,0.002495059886342306,0.12280701754385964,0.0020218530154467278,0.0012588498991801431,0.0025176997983602863,0.0025
2,64,0.35591730692414636,0.0017726392150981974,0.003545278430196395,0.3558897243107769,0.24554068453546368,0.001606246371292374,0.003212492742584748,0.24561403508771928,0.004262277812842615,0.0014218147887974013,0.0028436295775948026,0.005012531328320802
3,64,0.422399683286644,0.0025690180460337985,0.005138036092067597,0.42211055276381915,0.28751648485874554,0.003021503574273077,0.006043007148546154,0.2875,0.009477864630648484,0.0019419436028613737,0.0038838872057227474,0.010025062656641603
4,64,0.5080798818435864,0.0031033661060287134,0.006206732212057427,0.507537688442211,0.36807702616772225,0.0038333728455312846,0.007666745691062569,0.3681592039800995,0.014892714098360404,0.002321436029221682,0.004642872058443364,0.014962593516209476
5,64,0.5856526728565363,0.0028521300432294036,0.005704260086458807,0.585427135678392,0.4460486007256214,0.003577704619678836,0.007155409239357672,0.44611528822055135,0.014100139049269574,0.0019698893029162054,0.003939778605832411,0.014962593516209476
6,64,0.7535432397439785,0.017442899225195537,0.034885798450391074,0.7618456812005199,0.6135468997329602,0.01861806812944747,0.03723613625889494,0.6228077889447237,0.014861318287023455,0.0020743222580758666,0.004148644516151733,0.015
7,64,0.4262667300035505,0.0047769875954202096,0.009553975190840419,0.42643391521197005,0.30753814880816144,0.005246026405988946,0.010492052811977891,0.3075,0.016689272319630636,0.0021847836877800352,0.0043695673755600704,0.017412935323383085
8,64,0.45909842935485073,0.010784957832601291,0.021569915665202583,0.4597989949748744,0.3367312516348486,0.011536245180892461,0.023072490361784923,0.33668341708542715,0.01911111614497972,0.0022623687274011253,0.004524737454802251,0.01990049751243781
