cores,pkt_sz,total_mean,total_stdev,total_95ci,total_median,user_mean,user_stdev,user_95ci,user_median,system_mean,system_stdev,system_95ci,system_median
1,64,0.005030264827784744,0.0017754909225778626,0.0035509818451557253,0.005050505050505083,0.003535973484318098,0.0013249636905359168,0.0026499273810718336,0.002531645569620253,0.0014631546507943459,0.001335107256210316,0.002670214512420632,0.002515727250863891
2,64,0.007990860273280536,0.0019244079279266857,0.0038488158558533715,0.007633587786259555,0.004403114035914351,0.001312567772750715,0.00262513554550143,0.005063291139240506,0.003556491353790625,0.0015004294650034615,0.003000858930006923,0.002544529262086514
3,64,0.01829920814822325,0.0037812860151362608,0.0075625720302725215,0.017766497461928932,0.007515046725445942,0.0018483368711253122,0.0036966737422506244,0.007614213197969543,0.010737356436381395,0.0028035037213259882,0.0056070074426519765,0.010178117048346057
4,64,0.029969507913604206,0.00518255818001321,0.01036511636002642,0.03037974683544309,0.011963524858383175,0.0026847998476015955,0.005369599695203191,0.012626262626262626,0.017880922453569398,0.0036723213418722567,0.0073446426837445134,0.017721518987341773
5,64,0.04047180232698071,0.005985664879958418,0.011971329759916835,0.040506329113924044,0.015892564066590707,0.0031456601112276814,0.006291320222455363,0.015267175572519083,0.024517042810480023,0.004319704611793801,0.008639409223587602,0.02518891687657431
6,64,0.04945234629919379,0.006503681304960781,0.013007362609921563,0.05063291139240511,0.017267409714125128,0.0033149567807013633,0.006629913561402727,0.017676767676767676,0.03207546154571196,0.004825461267931929,0.009650922535863858,0.032953158131465654
7,64,0.05730637714005713,0.008518330126183004,0.01703666025236601,0.056122448979591844,0.015986578787246887,0.0037717536008897465,0.007543507201779493,0.015306122448979591,0.03995249996005435,0.007773915317464421,0.015547830634928842,0.04060913705583756
8,64,0.029114629621551875,0.005191821198221953,0.010383642396443906,0.02917771883289122,0.009819782833281318,0.0028330317983487423,0.005666063596697485,0.010554089709762533,0.017888108716357452,0.003835553627121263,0.007671107254242526,0.018518518518518517
