cores,pkt_sz,total_mean,total_stdev,total_95ci,total_median,user_mean,user_stdev,user_95ci,user_median,system_mean,system_stdev,system_95ci,system_median
1,64,0.04441839734673279,0.0033843007127595,0.006768601425519,0.04347826086956519,0.04208684756521361,0.0030531703447448503,0.006106340689489701,0.04092071611253197,0.0020956629049029177,0.0012965977321971055,0.002593195464394211,0.002551020408163265
2,64,0.08753007006946728,0.009802100843963922,0.019604201687927845,0.08627465722526756,0.0800550883062603,0.009174526967839164,0.018349053935678327,0.08000013319481072,0.006691107085111237,0.0018009814315761308,0.0036019628631522617,0.007731958762886598
3,64,0.10131554922532619,0.015033293879357708,0.030066587758715416,0.106951871657754,0.09025072129985125,0.01356160334417257,0.02712320668834514,0.09574468085106383,0.010397430447503117,0.002440279409247648,0.004880558818495296,0.010582010582010581
4,64,0.11791790139793026,0.030207258611797246,0.06041451722359449,0.11170212765957444,0.10137031873368389,0.025827038028083636,0.05165407605616727,0.09574468085106383,0.014783355976253854,0.004375753649643101,0.008751507299286202,0.013368983957219251
5,64,0.23235525371674765,0.005370146131337333,0.010740292262674665,0.23224043715846998,0.2011739545553363,0.005259557114149808,0.010519114228299617,0.20136840287942592,0.02867319809794718,0.002958558011795434,0.005917116023590868,0.027777777777777776
6,64,0.2547450638483503,0.00589538980628405,0.0117907796125681,0.254821082988654,0.21844296886221037,0.005616319732553276,0.011232639465106551,0.21823204419889503,0.033174944060595804,0.0032176062197026554,0.006435212439405311,0.03310351125519383
7,64,0.17606019974955753,0.021774129310601548,0.043548258621203095,0.1833343195849853,0.11853454935024228,0.015420422676144267,0.030840845352288534,0.12339331619537275,0.019959905340583846,0.0035287808453580453,0.007057561690716091,0.020356234096692113
8,64,0.3057192933564798,0.020429441572033934,0.04085888314406787,0.31007751937984496,0.2073532183107851,0.014804366312715816,0.029608732625431632,0.21038961038961038,0.03547570272361414,0.003679200462729703,0.007358400925459406,0.03598971722365039
