cores,pkt_sz,total_mean,total_stdev,total_95ci,total_median,user_mean,user_stdev,user_95ci,user_median,system_mean,system_stdev,system_95ci,system_median
1,64,0.0016946198279893692,0.001934014739343477,0.003868029478686954,0.0025188916876573986,0.0007772812133616994,0.00122882159134262,0.00245764318268524,0.0,0.0008862411863849936,0.0012658307552058004,0.0025316615104116007,0.0
2,64,0.003600619041429757,0.0026123500740932565,0.005224700148186513,0.0025510204081632404,0.0014561436056017966,0.0013738038586685792,0.0027476077173371584,0.0025252525252525255,0.002081965069227618,0.0018402747091943767,0.0036805494183887533,0.0025380710659898475
3,64,0.013989202302201072,0.0077907442486614235,0.015581488497322847,0.012722646310432517,0.004506489185166594,0.002981271084745548,0.005962542169491096,0.005050505050505051,0.009451339040935255,0.005384643347143293,0.010769286694286586,0.007653061224489796
4,64,0.025933832206668058,0.011976796713660035,0.02395359342732007,0.025316455696202556,0.009522091245929629,0.0050802230125959365,0.010160446025191873,0.007692307692307693,0.016349070725716185,0.007668500185606508,0.015337000371213017,0.015267175572519083
5,64,0.033422909795874756,0.012659906990543965,0.02531981398108793,0.032994923857868064,0.011067846714162704,0.004807399035314172,0.009614798070628344,0.010230179028132993,0.022307940740973076,0.009176355965290092,0.018352711930580183,0.020512820512820513
6,64,0.04545043096232781,0.010680887998212752,0.021361775996425504,0.045685279187817285,0.013919314994858146,0.004596548378350161,0.009193096756700322,0.014943983325268917,0.03151560632046921,0.008284056193181854,0.016568112386363708,0.030573298021498677
7,64,0.059060491263338934,0.015218449815875466,0.030436899631750933,0.06075949367088607,0.0130678370897789,0.005108151562931479,0.010216303125862958,0.012690355329949238,0.04583623028830934,0.012031105508073504,0.024062211016147007,0.04779881776641393
8,64,0.012517952247766249,0.009032687067057073,0.018065374134114145,0.010810810810810811,0.003302250168429713,0.0028111638585041564,0.005622327717008313,0.0027063649014868528,0.009050771965970627,0.007054942955707199,0.014109885911414398,0.008064516129032258
