cores,pkt_sz,total_mean,total_stdev,total_95ci,total_median,user_mean,user_stdev,user_95ci,user_median,system_mean,system_stdev,system_95ci,system_median
1,64,0.0030662461487126927,0.001739540039045595,0.00347908007809119,0.002525252525252486,0.001930755146501659,0.0011736321118179691,0.0023472642236359383,0.0025188916876574307,0.0010888837296592262,0.0012483249475579682,0.0024966498951159363,0.0
2,64,0.005640788822863986,0.0020627136056704264,0.004125427211340853,0.0050890585241730735,0.002789479302987326,0.0012651262756753375,0.002530252551350675,0.002544529262086514,0.0028513095198766554,0.0014554312278491246,0.0029108624556982493,0.002544529262086514
3,64,0.016768355136664432,0.004846001120722576,0.009692002241445152,0.017721518987341756,0.006235881526310792,0.002100546568134766,0.004201093136269532,0.00510204081632653,0.010485709076765343,0.003362200513282143,0.006724401026564286,0.01015228426395939
4,64,0.030520608131269125,0.007171201035784961,0.014342402071569922,0.030303030303030276,0.011465953493100626,0.0033126306251463227,0.0066252612502926455,0.012515664160401003,0.019023517945496227,0.004967822010126718,0.009935644020253437,0.018930915073944402
5,64,0.0391907193307775,0.008723859059403913,0.017447718118807826,0.03807106598984766,0.013846644475868785,0.003559953014361368,0.007119906028722736,0.01278772378516624,0.025266205567787397,0.006349807793960269,0.012699615587920538,0.02531645569620253
6,64,0.04797338830273474,0.007702928952471335,0.01540585790494267,0.048223350253807085,0.01467307103405182,0.0036830116390998238,0.0073660232781996475,0.015189873417721518,0.033237162898764425,0.006098281751983776,0.012196563503967552,0.03299492385786802
7,64,0.054331817829350884,0.009765861887403561,0.019531723774807122,0.05477300167473742,0.014033585205848334,0.0037388331672144255,0.007477666334428851,0.015056485434692258,0.039544602094571786,0.008067321071613178,0.016134642143226356,0.04060913705583756
8,64,0.021525578751504817,0.005773102403033783,0.011546204806067566,0.021333333333333315,0.006465729340002883,0.002285804062713558,0.004571608125427116,0.005390835579514825,0.014271006839107115,0.004493741445222845,0.00898748289044569,0.013368983957219251
