cores,pkt_sz,target_rate,target_pps,rate_median,rate_mean,pps_median,pps_mean,rate_95ci,pps_95ci
1,64,1000,1953125.0,695.0422690909091,695.0395673535354,1086003.5454545454,1085999.1919191917,0.1433220164285182,223.80112916097895
2,64,1000,1953125.0,717.5189650909091,717.5606164848484,1121123.0909090908,1121188.3636363638,0.19180040048761673,299.6967429604181
3,64,1000,1953125.0,632.9616414545455,634.2028597171717,989002.2727272727,990941.8686868687,10.910183211364906,17047.302034636923
4,64,1000,1953125.0,622.6942836363636,622.1615485252524,972959.8181818182,972127.3535353536,2.7001953664559677,4219.033184236968
5,64,1000,1953125.0,654.3577018181819,654.2809604848485,1022433.9090909091,1022313.8686868687,1.6871082379622933,2636.070865124562
6,64,1000,1953125.0,659.9490909090908,659.749002020202,1031170.4545454546,1030857.7171717172,1.8860270001380515,2946.9590065328507
7,64,1000,1953125.0,492.9350589090909,493.0793623434343,770210.7272727273,770436.4040404041,2.815144256439811,4398.649816308315
8,64,1000,1953125.0,512.5083345454545,512.4715562828283,800794.2727272727,800736.7070707071,4.107791410590426,6418.409071878999
