cores,pkt_sz,target_rate,target_pps,rate_median,rate_mean,pps_median,pps_mean,rate_95ci,pps_95ci
1,64,10,19531.25,9.557236363636363,9.558073777777778,14933.181818181818,14934.424242424242,0.0033620914815468655,5.289072540429916
2,64,10,19531.25,9.551418181818182,9.552543515151516,14924.09090909091,14925.71717171717,0.006264215517345305,9.844127500199733
3,64,10,19531.25,9.544797818181818,9.545436767676767,14913.454545454546,14914.646464646465,0.002632110032994991,3.976463762526476
4,64,10,19531.25,9.546181818181818,9.546020686868687,14915.90909090909,14915.525252525254,0.0018684520841859306,2.6910425543997705
5,64,10,19531.25,9.546445818181818,9.546389171717172,14916.272727272728,14916.10101010101,0.0018608244121105547,2.8587107800093854
6,64,10,19531.25,9.544804363636363,9.54539797979798,14913.454545454546,14914.585858585859,0.002013073717189502,3.143475889730753
7,64,10,19531.25,9.546821818181819,9.546489131313132,14916.90909090909,14916.323232323231,0.0021525561614893596,3.5630087172602756
8,64,10,19531.25,9.545786909090909,9.546353373737373,14915.0,14916.111111111111,0.004053904349771066,6.408085903165796
