cores,pkt_sz,target_rate,target_pps,rate_median,rate_mean,pps_median,pps_mean,rate_95ci,pps_95ci
1,64,50,97656.25,47.85752509090909,47.86719515151515,74777.09090909091,74792.39393939394,0.05176988202914372,80.85175587404117
2,64,50,97656.25,47.87776,47.86823806060606,74809.0,74793.9898989899,0.04904246428135546,76.7802700994438
3,64,50,97656.25,47.46358254545455,47.46351240404041,74161.54545454546,74161.60606060606,0.0028445423950071427,4.485667410896707
4,64,50,97656.25,47.461352727272725,47.46062917171717,74158.36363636363,74157.10101010102,0.005033747660645606,7.775757313328692
5,64,50,97656.25,47.467985454545456,47.46700121212121,74168.72727272728,74167.0909090909,0.007909158702135306,12.248423372616466
6,64,50,97656.25,47.46612363636363,47.46647757575758,74165.81818181818,74166.27272727274,0.004675602218987811,7.457254989221674
7,64,50,97656.25,47.45210181818182,47.453368,74143.90909090909,74145.78787878789,0.008806070026065486,13.605756897463287
8,64,50,97656.25,47.461876363636364,47.46182375757576,74159.18181818182,74159.0,0.007946757364469132,12.438867962157039
