cores,pkt_sz,total_mean,total_stdev,total_95ci,total_median,user_mean,user_stdev,user_95ci,user_median,system_mean,system_stdev,system_95ci,system_median
1,64,0.19160488391259556,0.03902090895342377,0.07804181790684754,0.18571428571428572,0.0070858528169785145,0.006690885127888706,0.013381770255777413,0.006993006993006993,0.023736536175768732,0.012137812321476458,0.024275624642952916,0.02142857142857143
1,128,0.11492445061509299,0.033490656167430764,0.06698131233486153,0.11176857330703488,0.005394347316765262,0.005908862346710407,0.011817724693420814,0.005917159763313609,0.019031335892488503,0.011676953548449736,0.02335390709689947,0.01775147928994083
1,256,0.0780255121573315,0.030309145945669445,0.06061829189133889,0.07428571428571429,0.0046568525464712514,0.005788947630310649,0.011577895260621298,0.0055248618784530384,0.014874504074554684,0.012618128233296982,0.025236256466593963,0.011267695042214181
1,512,0.058772998266681885,0.014426921653230305,0.02885384330646061,0.05405405405405406,0.004173301550879961,0.004162922433269628,0.008325844866539256,0.0053475935828877,0.0126656938948602,0.0071770810046894685,0.014354162009378937,0.010810810810810811
1,1024,0.021612309626242835,0.011132528173705265,0.02226505634741053,0.020942408376963373,0.004042325995998968,0.004597572664556214,0.009195145329112428,0.005235602094240838,0.011442649387495007,0.006359745923078231,0.012719491846156462,0.010582010582010581
1,1280,0.021281552695862477,0.01227480062535415,0.0245496012507083,0.015873015873015928,0.004477903502817127,0.00482604383460518,0.00965208766921036,0.005235602094240838,0.011677608737567163,0.007236097504074873,0.014472195008149747,0.010526315789473684
1,1518,0.02082942822786275,0.014210666271317967,0.028421332542635933,0.01583124477861325,0.003911803812211151,0.005417560439118714,0.010835120878237427,0.00514142215173143,0.01206533690810047,0.007918606077727625,0.01583721215545525,0.010526315789473684
