cores,pkt_sz,total_mean,total_stdev,total_95ci,total_median,user_mean,user_stdev,user_95ci,user_median,system_mean,system_stdev,system_95ci,system_median
1,64,0.018802676151756813,0.010871174882159145,0.02174234976431829,0.015306122448979553,0.004440036175485345,0.004608054004505979,0.009216108009011958,0.005076142131979695,0.013071796741619703,0.007088845532027139,0.014177691064054278,0.010256410256410256
1,128,0.01798041719013289,0.010585966266205019,0.021171932532410037,0.015306122448979553,0.004659824151943133,0.004252301709900086,0.008504603419800172,0.00510204081632653,0.012090000170018936,0.007717186799844171,0.015434373599688342,0.010256410256410256
1,256,0.01727824244577921,0.010460190587951796,0.020920381175903592,0.015228426395939132,0.004153328419941582,0.004164243586221935,0.00832848717244387,0.005076142131979695,0.012307335463382203,0.007615642614081063,0.015231285228162125,0.01020408163265306
1,512,0.017731757123720507,0.009829520039250236,0.019659040078500473,0.015228426395939132,0.004744540723097764,0.004738228080466139,0.009476456160932277,0.005076142131979695,0.01216864244820195,0.0063918569235983476,0.012783713847196695,0.01020408163265306
1,1024,0.027173141471446904,0.04630143643282747,0.09260287286565494,0.015228426395939132,0.003898991420474169,0.005185736559250981,0.010371473118501963,0.005050505050505051,0.012706914540313523,0.009436076587202842,0.018872153174405683,0.01020408163265306
1,1280,0.016852058441284706,0.01007223246397542,0.02014446492795084,0.015228426395939132,0.003960529708062192,0.00423733601867149,0.00847467203734298,0.005076142131979695,0.012577216011565088,0.007172956086698331,0.014345912173396662,0.01020408163265306
1,1518,0.017540790960601578,0.0098994043339593,0.0197988086679186,0.015306122448979553,0.004432972079622793,0.004392782494116627,0.008785564988233255,0.005076142131979695,0.012857928462265562,0.007327862501463439,0.014655725002926877,0.010256410256410256
