cores,pkt_sz,total_mean,total_stdev,total_95ci,total_median,user_mean,user_stdev,user_95ci,user_median,system_mean,system_stdev,system_95ci,system_median
1,64,0.026698754156049567,0.012717008460832013,0.025434016921664027,0.025906735751295318,0.004090179094471728,0.004442545440803844,0.008885090881607688,0.0051813471502590676,0.012236070674955595,0.0074016812719183665,0.014803362543836733,0.010471204188481676
1,128,0.02331158158590196,0.011519534800918883,0.023039069601837766,0.020725388601036232,0.003922274973396166,0.004479747461972413,0.008959494923944825,0.005128205128205128,0.012215931575281606,0.007401704873031182,0.014803409746062365,0.010362694300518135
1,256,0.0250257980362842,0.01551071076619591,0.03102142153239182,0.02051282051282055,0.005043564097436973,0.005532574228057321,0.011065148456114641,0.005128205128205128,0.013416503356222293,0.010056276618618312,0.020112553237236624,0.010309278350515464
1,512,0.0226462438921775,0.011549862782127655,0.02309972556425531,0.020460491889063348,0.004199988978770124,0.004215394812102593,0.008430789624205187,0.00510204081632653,0.012543301670849185,0.007113780573028621,0.014227561146057242,0.010256410256410256
1,1024,0.01985679363400913,0.01486945890128852,0.02973891780257704,0.01538461538461533,0.004831840295378521,0.005164202338870602,0.010328404677741205,0.00510204081632653,0.013164806928457529,0.010089240349722252,0.020178480699444504,0.010256410256410256
1,1280,0.01752601451170955,0.013027765095886714,0.026055530191773427,0.015306122448979553,0.004456814558239068,0.005447810946392003,0.010895621892784006,0.00510204081632653,0.012470313143073867,0.0088128966770056,0.0176257933540112,0.010256410256410256
1,1518,0.016716124782990727,0.010012891873604357,0.020025783747208713,0.015306122448979553,0.004443584940245622,0.004910016321508663,0.009820032643017326,0.005076142131979695,0.011642313927472467,0.0064301892566560066,0.012860378513312013,0.010256410256410256
