cores,pkt_sz,total_mean,total_stdev,total_95ci,total_median,user_mean,user_stdev,user_95ci,user_median,system_mean,system_stdev,system_95ci,system_median
1,64,0.016959698210580167,0.009622577550908163,0.019245155101816326,0.015306122448979553,0.00399684001541696,0.0045565561992647104,0.009113112398529421,0.005076142131979695,0.012336637486967205,0.006815246561043981,0.013630493122087962,0.010256410256410256
1,128,0.01767340188322989,0.010282924949034255,0.02056584989806851,0.015306122448979553,0.004183909970040283,0.00439154382042886,0.00878308764085772,0.005076142131979695,0.012924980341813334,0.007274265215421406,0.014548530430842812,0.010230245944531658
1,256,0.018260668191883524,0.015099374301025242,0.030198748602050483,0.015306122448979553,0.004504400082458469,0.0047185436880439365,0.009437087376087873,0.005076142131979695,0.012530525860718204,0.009919476171456726,0.01983895234291345,0.01020408163265306
1,512,0.01697020182818887,0.00888300622359302,0.01776601244718604,0.015228426395939132,0.004117350393797199,0.004101502263816732,0.008203004527633465,0.005076142131979695,0.012443886966192102,0.0065812498231312775,0.013162499646262555,0.01020408163265306
1,1024,0.017427685952961305,0.012986014164681847,0.025972028329363694,0.015228426395939132,0.0045000395175011825,0.00493484164797542,0.00986968329595084,0.005076142131979695,0.012676806446522393,0.00914407050323143,0.01828814100646286,0.01020408163265306
1,1280,0.019270565392153296,0.014638611501441745,0.02927722300288349,0.015306122448979553,0.004465122309789904,0.004981102877603114,0.009962205755206227,0.005076142131979695,0.013862348129520974,0.009807663048283165,0.01961532609656633,0.01020408163265306
1,1518,0.016379597657060707,0.008528052379219286,0.01705610475843857,0.015228426395939132,0.003927594924002775,0.003587654687863103,0.007175309375726206,0.005076142131979695,0.012294850459503529,0.006522343171974142,0.013044686343948285,0.01020408163265306
