cores,pkt_sz,total_mean,total_stdev,total_95ci,total_median,user_mean,user_stdev,user_95ci,user_median,system_mean,system_stdev,system_95ci,system_median
1,64,0.10501009756450083,0.06799101529921443,0.13598203059842887,0.08188254608885998,0.0058470693485348745,0.0070812458137435,0.014162491627487,0.00586515307877537,0.017326253862220826,0.013526911925532327,0.027053823851064654,0.012269938650306749
1,128,0.06127820273798567,0.024407892051249273,0.048815784102498545,0.05555555555555558,0.004709307226405975,0.005309607019150779,0.010619214038301558,0.00546448087431694,0.01616603024629121,0.013329889428410705,0.02665977885682141,0.0111731843575419
1,256,0.038729957638047194,0.010230451497651956,0.020460902995303912,0.037234042553191515,0.0037398195659975406,0.004126470422718314,0.008252940845436627,0.005263157894736842,0.01198124180002136,0.00672941692869798,0.01345883385739596,0.010638297872340425
1,512,0.03777345310181266,0.012434777762784082,0.024869555525568163,0.03645833333333337,0.004350994899743497,0.004608954481001822,0.009217908962003644,0.005208333333333333,0.011515563910995936,0.006653719468414157,0.013307438936828314,0.010471204188481676
1,1024,0.021355588374527414,0.012000396310667525,0.02400079262133505,0.018109813397771513,0.004734177080558004,0.004283415776435158,0.008566831552870316,0.0051813471502590676,0.012310520200162895,0.007397879408320535,0.01479575881664107,0.010416666666666666
1,1280,0.01863996768309451,0.013287569835008306,0.026575139670016613,0.015544041450777257,0.0040942543526071695,0.005270356313068999,0.010540712626137998,0.005128205128205128,0.012056014273485658,0.008815508817461251,0.017631017634922502,0.010362694300518135
1,1518,0.017399459810673444,0.009572077560583519,0.019144155121167038,0.015544041450777257,0.0037004707088872063,0.004427745881299558,0.008855491762599116,0.00510204081632653,0.011370214419713691,0.0060578435314347446,0.012115687062869489,0.010362694300518135
