cores,pkt_sz,target_rate,target_pps,rate_median,rate_mean,pps_median,pps_mean,rate_95ci,pps_95ci
1,64,50,97656.25,4.657163636363637,4.660178262626262,7276.818181818182,7281.49494949495,0.019712946543818607,30.87117235749641
1,128,50,48828.125,4.279947636363636,4.2785892525252525,4179.636363636364,4178.242424242425,0.01745904023982187,17.063377782276177
1,256,50,24414.0625,4.587957818181819,4.591237171717172,2240.181818181818,2241.79797979798,0.013851223533572926,6.748684340863787
1,512,50,12207.03125,4.757317818181819,4.758490101010101,1161.4545454545455,1161.7474747474748,0.017192532545267092,4.1969666581568505
1,1024,50,6103.515625,4.862569454545454,4.862489939393939,593.6363636363636,593.6060606060605,0.0002342204623368193,0.08570991287112589
1,1280,50,4882.8125,4.862138181818182,4.862165414141414,474.8181818181818,474.8282828282829,0.00015404928340007849,0.057139941914083926
1,1518,50,4117.259552042161,4.899552,4.899634424242424,403.45454545454544,403.4848484848485,0.000233158186921516,0.0857099128711259
