cores,pkt_sz,target_rate,target_pps,rate_median,rate_mean,pps_median,pps_mean,rate_95ci,pps_95ci
1,64,0.5,976.5625,0.04328727272727273,0.04341866666666667,67.63636363636364,67.8080808080808,0.0008923362059781809,1.2696772818158104
1,128,0.5,488.28125,0.041053090909090914,0.04118723232323233,40.09090909090909,40.17171717171718,0.0004915446025710205,0.5174241808026544
1,256,0.5,244.140625,0.035746909090909086,0.0357469898989899,17.454545454545453,17.434343434343436,0.0005733162432230512,0.28138158135725444
1,512,0.5,122.0703125,0.04766254545454546,0.047441535353535354,11.636363636363637,11.585858585858585,0.0008598321250909612,0.19377097063889806
1,1024,0.5,61.03515625,0.04790763636363636,0.047800161616161616,5.909090909090909,5.8686868686868685,0.00024622167855057643,0.09034618090908232
1,1280,0.5,48.828125,nan,nan,nan,nan,nan,nan
1,1518,0.5,41.17259552042161,nan,nan,nan,nan,nan,nan
