cores,pkt_sz,target_rate,target_pps,rate_median,rate_mean,pps_median,pps_mean,rate_95ci,pps_95ci
1,64,100,195312.5,9.277685090909092,9.281023272727273,14496.09090909091,14501.434343434343,0.018376010475592272,28.77170554016254
1,128,100,97656.25,8.511674181818181,8.513570505050504,8312.181818181818,8314.0,0.0127154857855676,12.414926292880141
1,256,100,48828.125,9.157976727272727,9.154181171717171,4471.636363636364,4469.797979797979,0.023440705333308613,11.4450105506033
1,512,100,24414.0625,9.492293818181817,9.492072808080808,2317.4545454545455,2317.40404040404,0.027643612620332374,6.743421028728432
1,1024,100,12207.03125,9.676486545454544,9.67640703030303,1181.2727272727273,1181.2424242424242,0.00023422046233645034,0.08570991287101871
1,1280,100,9765.625,9.695418181818182,9.695472646464648,946.8181818181819,946.8383838383838,0.0002037880467628977,0.07558903811657652
1,1518,100,8234.519104084322,9.774816,9.774871191919193,804.9090909090909,804.929292929293,0.00020653230226459445,0.07558903811667106
