cores,pkt_sz,target_rate,target_pps,rate_median,rate_mean,pps_median,pps_mean,rate_95ci,pps_95ci
1,64,10,19531.25,0.9447563636363636,0.9438720808080809,1476.1818181818182,1474.767676767677,0.005384012588687642,8.302415863622624
1,128,10,9765.625,0.8565018181818183,0.8569329292929294,836.2727272727273,836.7474747474748,0.0029312292801740333,2.907547289677298
1,256,10,4882.8125,0.914525090909091,0.9146492121212122,446.54545454545456,446.6060606060606,0.003479824016322193,1.699132820469821
1,512,10,2441.40625,0.9510167272727273,0.9447555555555555,232.1818181818182,230.66666666666666,0.01755036261334834,4.2751980820723485
1,1024,10,1220.703125,0.953250909090909,0.953361292929293,116.36363636363636,116.40404040404039,0.0002468643356260089,0.09034618090908497
1,1280,10,976.5625,0.953250909090909,0.9533061010101009,93.0909090909091,93.11111111111113,0.00020653230226380288,0.07558903811664743
1,1518,10,823.4519104084321,0.9894290909090909,0.9893495757575756,81.54545454545455,81.51515151515152,0.0002342204623364007,0.08570991287109911
