cores,pkt_sz,target_rate,target_pps,rate_median,rate_mean,pps_median,pps_mean,rate_95ci,pps_95ci
1,64,1,1953.125,0.09070545454545455,0.09105850505050504,141.72727272727272,142.08080808080805,0.0012038689485407796,1.7427682283789618
1,128,1,976.5625,0.08219927272727272,0.08251991919191919,80.27272727272727,80.58585858585857,0.0009209723310101521,0.899387042002101
1,256,1,488.28125,0.08310254545454546,0.08297511111111111,40.54545454545455,40.494949494949495,0.0011611117618989307,0.5692526385295108
1,512,1,244.140625,0.07149381818181817,0.07106634343434343,17.454545454545453,17.363636363636363,0.0015222384411273297,0.3927721635398716
1,1024,1,122.0703125,0.09532509090909091,0.09532509090909091,11.636363636363637,11.636363636363637,0.0,0.0
1,1280,1,97.65625,0.059578181818181815,0.05968783838383837,5.818181818181818,5.858585858585858,0.000245228654422154,0.09034618090908234
1,1518,1,82.34519104084322,0.070656,0.07073915151515152,5.818181818181818,5.848484848484849,0.00023521498674791211,0.08570991287109658
