cores,pkt_sz,total_mean,total_stdev,total_95ci,total_median,user_mean,user_stdev,user_95ci,user_median,system_mean,system_stdev,system_95ci,system_median
1,64,0.003776248281675677,0.0023321805939605553,0.004664361187921111,0.002525252525252486,0.0013988648424388263,0.0016212026126232895,0.003242405225246579,0.0012531328320802004,0.0023077649485657306,0.001373075734580753,0.002746151469161506,0.0025188916876574307
1,128,0.00460920096352928,0.0022493870027964383,0.0044987740055928765,0.005031454501727817,0.0016052546330377218,0.0013436727742876554,0.002687345548575311,0.002506265664160401,0.0029343278398204203,0.0016205706970932052,0.0032411413941864104,0.0025188916876574307
1,256,0.0051675402911787365,0.0017639824621606237,0.0035279649243212473,0.005025125628140725,0.0018151596300360802,0.001125719457671951,0.002251438915343902,0.002512562814070352,0.003212792956925479,0.0011216363573742557,0.0022432727147485114,0.0025188916876574307
1,512,0.004192006824304712,0.001671712325857198,0.003343424651714396,0.005025125628140725,0.001467070714885199,0.001239905979231997,0.002479811958463994,0.002512562814070352,0.002724936109419509,0.0012375034739489864,0.002475006947897973,0.0025188916876574307
1,1024,0.00405382641765349,0.0015959596443850213,0.0031919192887700427,0.005025125628140725,0.0014672456290401729,0.0013742096183456192,0.0027484192366912384,0.002512562814070352,0.002586580788613312,0.0012548254062491276,0.0025096508124982553,0.0025188916876574307
1,1280,0.0034235822714513576,0.001885248461015819,0.003770496922031638,0.002525252525252486,0.0012566374238654728,0.0012566426266489216,0.0025132852532978433,0.0012531328320802004,0.002166944847585889,0.00105266994692008,0.00210533989384016,0.002515727250863891
1,1518,0.0034263871532098735,0.0015846109509816213,0.0031692219019632427,0.002525252525252486,0.00111862929440532,0.0012506679965419538,0.0025013359930839076,0.0,0.002307757858804554,0.0009127655158606643,0.0018255310317213285,0.0025188916876574307
