cores,pkt_sz,total_mean,total_stdev,total_95ci,total_median,user_mean,user_stdev,user_95ci,user_median,system_mean,system_stdev,system_95ci,system_median
1,64,0.004509653905210008,0.002241804975493568,0.004483609950987136,0.005076142131979711,0.001409872824395947,0.0012610409509259913,0.0025220819018519827,0.0025284490474363893,0.0026066224246774276,0.0016335807886849784,0.0032671615773699567,0.0025380710659898475
1,128,0.0038644348359928274,0.0018315278193457938,0.0036630556386915876,0.0037911563187006947,0.00119515043093313,0.0012635061328234447,0.0025270122656468894,0.0,0.0025291692880344157,0.0013302682052255578,0.0026605364104511156,0.002531645569620253
1,256,0.004831959163674586,0.0016049052337080017,0.0032098104674160035,0.005050505050505083,0.0016803265920388056,0.0011881780959316704,0.002376356191863341,0.002515727250863891,0.0030120457486318615,0.001302841194590026,0.002605682389180052,0.0025252525252525255
1,512,0.004754759808875329,0.0025638091704884547,0.0051276183409769095,0.005037783375314908,0.0015379207077540322,0.0018998600220894932,0.0037997200441789863,0.002506265664160401,0.0031472206104501566,0.001609052117651977,0.003218104235303954,0.0025252525252525255
1,1024,0.005098986346240671,0.0020006060279893637,0.004001212055978727,0.005037783375314908,0.0017455455521070843,0.0012998596912922441,0.0025997193825844883,0.002512562814070352,0.0033534407941335693,0.0013208181644100289,0.0026416363288200577,0.0025252525252525255
1,1280,0.005725020035422101,0.0019218413696638786,0.003843682739327757,0.005037783375314908,0.0018846049623028774,0.00123952429445079,0.00247904858890158,0.0025094142391153765,0.0037707965824480827,0.0012529861019955307,0.0025059722039910614,0.003768891926786664
1,1518,0.005861810702547953,0.001950001910554798,0.003900003821109596,0.005037783375314908,0.002023495607009174,0.0011556772001215633,0.0023113544002431267,0.002512562814070352,0.00376887065109431,0.001504058670729707,0.003008117341459414,0.0025252525252525255
