cores,pkt_sz,total_mean,total_stdev,total_95ci,total_median,user_mean,user_stdev,user_95ci,user_median,system_mean,system_stdev,system_95ci,system_median
1,64,0.0035995750045005447,0.0028371631643349434,0.005674326328669887,0.0027100271002710175,0.00029989776765949644,0.0008482433256093265,0.001696486651218653,0.0,0.0007495376865431645,0.0012085958784476675,0.002417191756895335,0.0
1,128,0.0028340624925837065,0.002251026567496276,0.004502053134992552,0.002624671916010457,0.0005084482844448985,0.0010348984737827945,0.002069796947565589,0.0,0.001163283251097584,0.0013005967010549639,0.0026011934021099277,0.0
1,256,0.005544560946852597,0.0023678440300296632,0.0047356880600593265,0.005333333333333301,0.000442874671136531,0.0009903044247281986,0.001980608849456397,0.0,0.0011824333870749648,0.0013220079613591631,0.0026440159227183262,0.0
1,512,0.006148178311556497,0.0022375944911936273,0.004475188982387255,0.00536193029490617,0.001185662788379875,0.0014700645085417355,0.002940129017083471,0.0,0.002962967511646487,0.0013666878710618916,0.002733375742123783,0.00267379679144385
1,1024,0.0056552212153902735,0.0015619930954744858,0.0031239861909489715,0.005221932114882533,0.0013041629026758227,0.0013041669925943362,0.0026083339851886724,0.0013020833333333333,0.003117719430698521,0.001029047649500569,0.002058095299001138,0.0026109660574412533
1,1280,0.00539977782218124,0.0020469505492838433,0.004093901098567687,0.0051948051948051965,0.0012961068110515714,0.0012961307739340858,0.0025922615478681716,0.001288659793814433,0.00288157112713709,0.0011854048098857387,0.0023708096197714774,0.0025974025974025974
1,1518,0.005513207564325221,0.0021925153000406186,0.004385030600081237,0.005154639175257714,0.0011458577448264966,0.00128112122122642,0.00256224244245284,0.0,0.0031510070042631727,0.0014995070887968533,0.0029990141775937066,0.002583979328165375
