cores,pkt_sz,total_mean,total_stdev,total_95ci,total_median,user_mean,user_stdev,user_95ci,user_median,system_mean,system_stdev,system_95ci,system_median
1,64,0.0045607605117931015,0.00239123964327668,0.00478247928655336,0.005270101374809044,0.0008078276931846322,0.0012179147348886984,0.0024358294697773967,0.0,0.0016934373694284098,0.0014214678787462095,0.002842935757492419,0.0026281254316894596
1,128,0.004711940212852952,0.0020743597647133916,0.004148719529426783,0.005291005291005346,0.0006621636671148363,0.0011469120988909386,0.002293824197781877,0.0,0.00176700076120825,0.0012494807061456674,0.002498961412291335,0.0026420125364716393
1,256,0.005755446470056735,0.002433908418676655,0.00486781683735331,0.0051948051948051965,0.0015108727186685022,0.0012769400478162502,0.0025538800956325003,0.002577319587628866,0.003238385468936175,0.0014089256988857432,0.0028178513977714864,0.002600784632034632
1,512,0.005884093484313892,0.0020582042940128506,0.004116408588025701,0.007623900492114533,0.0017006904245734165,0.0012025805079093294,0.0024051610158186587,0.002544529262086514,0.003758230217719211,0.0012682655338191514,0.002536531067638303,0.002564102564102564
1,1024,0.0045707021621739135,0.0027785964813585398,0.0055571929627170795,0.005063291139240533,0.0012660102785227655,0.0012660197035091521,0.0025320394070183043,0.0012594458438287153,0.0030241073751016293,0.0017675074324580119,0.0035350148649160237,0.0025380710659898475
1,1280,0.004777581782764933,0.0020352161014650463,0.0040704322029300926,0.005063291139240533,0.00147431421540995,0.0013796075947453382,0.0027592151894906764,0.0025252525252525255,0.0030931823488945507,0.001208186167019038,0.002416372334038076,0.002531645569620253
1,1518,0.004769961743080546,0.0026389610869402723,0.0052779221738805445,0.005050505050505083,0.0015430466130474567,0.0013659915566562885,0.002731983113312577,0.0025188916876574307,0.003016830799461763,0.0017644679726290967,0.0035289359452581933,0.0025348583178050506
