cores,pkt_sz,total_mean,total_stdev,total_95ci,total_median,user_mean,user_stdev,user_95ci,user_median,system_mean,system_stdev,system_95ci,system_median
1,64,0.1256081175160122,0.0008554753588776662,0.0017109507177553323,0.12531328320802004,0.0001388888888888889,0.000572653559113564,0.001145307118227128,0.0,0.0002777777777777778,0.0007856742013183864,0.0015713484026367729,0.0
1,128,0.006647696457520163,0.002586604498625778,0.005173208997251556,0.005464480874316946,0.00030172892070046684,0.0008534207027825354,0.0017068414055650709,0.0,0.0008305230299864503,0.001252064757626007,0.002504129515252014,0.0
1,256,0.0029905607521021923,0.0029098642664093415,0.005819728532818683,0.0026315789473684292,0.0005105467435657527,0.0010391704231626118,0.0020783408463252236,0.0,0.0010943837598053527,0.0012948968781323544,0.002589793756264709,0.0
1,512,0.0053174399853408195,0.0017723281403693636,0.003544656280738727,0.0053404634581105115,0.0004426942392326754,0.00098992180833955,0.0019798436166791,0.0,0.0011820945304042369,0.0013216834467822823,0.0026433668935645646,0.0
1,1024,0.00620171347289639,0.002348362249660399,0.004696724499320798,0.00536193029490617,0.0009569798648353742,0.0012730078374569892,0.0025460156749139784,0.0,0.002659411171707326,0.0012582289159115008,0.0025164578318230017,0.0026702317290552583
1,1280,0.004968769112841341,0.0020898469091182956,0.004179693818236591,0.005333333333333301,0.0008148285106551618,0.0012284150654713589,0.0024568301309427177,0.0,0.00200141604787362,0.001455731092675942,0.002911462185351884,0.0026666666666666666
1,1518,0.005502186555301307,0.00209039880271792,0.00418079760543584,0.005291005291005346,0.0012465567319912456,0.00131785255988819,0.00263570511977638,0.0,0.0030827521503625473,0.0013193492302608172,0.0026386984605216344,0.0026455026455026454
