cores,pkt_sz,target_rate,target_pps,rate_median,rate_mean,pps_median,pps_mean,rate_95ci,pps_95ci
1,64,0.1,195.3125,0.09333927272727273,0.09333927272727273,145.54545454545453,145.54545454545453,6.545454545453522e-06,0.0
1,128,0.1,97.65625,0.08353527272727274,0.08353527272727274,81.5,81.5,0.00025163636363635666,0.09090909090909349
1,256,0.1,48.828125,0.08353527272727274,0.08353527272727274,40.77272727272727,40.77272727272727,0.00025163636363635666,0.09090909090909349
1,512,0.1,24.4140625,0.07161963636363636,0.07161963636363636,17.5,17.5,0.00025163636363637054,0.09090909090909349
1,1024,0.1,12.20703125,0.09532509090909091,0.09532509090909091,11.636363636363637,11.636363636363637,0.0,0.0
1,1280,0.1,9.765625,0.11915636363636363,0.11915636363636363,11.636363636363637,11.636363636363637,0.0,0.0
1,1518,0.1,8.234519104084322,0.141312,0.141312,11.636363636363637,11.636363636363637,0.0,0.0
