cores,pkt_sz,target_rate,target_pps,rate_median,rate_mean,pps_median,pps_mean,rate_95ci,pps_95ci
1,64,10,19531.25,9.536261818181817,9.536261818181817,14900.409090909092,14900.409090909092,0.0038981818181813566,6.090909090909917
1,128,10,9765.625,8.707025454545455,8.707025454545455,8502.954545454546,8502.954545454546,0.0026996363636371257,2.636363636363967
1,256,10,4882.8125,9.351942181818181,9.351942181818181,4566.363636363636,4566.363636363636,0.002293090909089912,1.0909090909090082
1,512,10,2441.40625,9.699450545454546,9.699450545454546,2368.0454545454545,2368.0454545454545,0.0002450909090914166,0.09090909090900823
1,1024,10,1220.703125,9.694237454545455,9.694237454545455,1183.409090909091,1183.409090909091,0.0062029090909074824,0.8181818181817562
1,1280,10,976.5625,9.717882545454547,9.717882545454547,949.0454545454545,949.0454545454545,0.1603614545454537,15.727272727272748
1,1518,10,823.4519104084321,9.638594545454545,9.638594545454545,793.7272727272727,793.7272727272727,0.31267709090909257,25.818181818181756
