cores,pkt_sz,target_rate,target_pps,rate_median,rate_mean,pps_median,pps_mean,rate_95ci,pps_95ci
1,64,100,195312.5,84.29134545454545,84.29134545454545,131705.2272727273,131705.2272727273,0.22033454545454845,344.2727272727352
1,128,100,97656.25,86.08795927272726,86.08795927272726,84070.27272727272,84070.27272727272,0.002048000000002048,2.0
1,256,100,48828.125,92.45606181818182,92.45606181818182,45144.545454545456,45144.545454545456,0.01942836363636502,9.454545454544132
1,512,100,24414.0625,95.92751490909092,95.92751490909092,23419.818181818184,23419.818181818184,0.2344683636363527,57.272727272724296
1,1024,100,12207.03125,98.3871629090909,98.3871629090909,12010.181818181818,12010.181818181818,0.15390690909090665,18.727272727272066
1,1280,100,9765.625,98.54523127272728,98.54523127272728,9623.590909090908,9623.590909090908,0.00347200000000214,0.2727272727261152
1,1518,100,8234.519104084322,98.239992,98.239992,8089.590909090909,8089.590909090909,0.04305600000000709,3.5454545454540494
