cores,pkt_sz,target_rate,target_pps,rate_median,rate_mean,pps_median,pps_mean,rate_95ci,pps_95ci
1,64,50,97656.25,47.40111490909091,47.40111490909091,74064.09090909091,74064.09090909091,0.0071374545454574445,11.45454545454413
1,128,50,48828.125,43.10386981818182,43.10386981818182,42093.545454545456,42093.545454545456,0.018459636363637344,18.181818181816197
1,256,50,24414.0625,46.28082981818182,46.28082981818182,22598.045454545456,22598.045454545456,0.010174545454546546,5.0
1,512,50,12207.03125,48.193661818181816,48.193661818181816,11766.045454545456,11766.045454545456,0.024324363636367252,5.909090909090081
1,1024,50,6103.515625,49.33086036363636,49.33086036363636,6021.863636363636,6021.863636363636,0.012167272727275247,1.5454545454549589
1,1280,50,4882.8125,49.41777454545455,49.41777454545455,4825.954545454546,4825.954545454546,0.08657454545454613,8.454545454545041
1,1518,50,4117.259552042161,48.77196,48.77196,4016.136363636364,4016.136363636364,0.5177759999999978,42.63636363636351
