cores,pkt_sz,total_mean,total_stdev,total_95ci,total_median,user_mean,user_stdev,user_95ci,user_median,system_mean,system_stdev,system_95ci,system_median
1,64,0.32593810567613235,0.0333265839745327,0.0666531679490654,0.30918684047175665,0.22579078577450568,0.010556214860359413,0.021112429720718827,0.22560975609756098,0.01841675986141852,0.007434531012547967,0.014869062025095935,0.017964071856287425
2,64,0.5907715051376129,0.045061448758739166,0.09012289751747833,0.6034001155846658,0.4028042316650995,0.03366044297646297,0.06732088595292594,0.4046242774566474,0.03339706293026096,0.007674049098595113,0.015348098197190225,0.03389830508474576
3,64,0.14274807298232953,0.023069670301311497,0.046139340602622994,0.14416415662650606,0.005568848105541178,0.0049383912468508005,0.009876782493701601,0.006097560975609756,0.036579789264028675,0.010403618753832913,0.020807237507665825,0.03669759090228939
4,64,0.3892305692006452,0.3921263623735077,0.7842527247470154,0.1498502994011976,0.20097979923629075,0.2995784271500948,0.5991568543001896,0.006192009815198221,0.04104393694508504,0.015582064368109728,0.031164128736219456,0.0383390494855463
