cores,pkt_sz,total_mean,total_stdev,total_95ci,total_median,user_mean,user_stdev,user_95ci,user_median,system_mean,system_stdev,system_95ci,system_median
1,64,0.054437664511070426,0.015082863844771989,0.030165727689543977,0.05641025641025643,0.040323700315182266,0.01080389774391141,0.02160779548782282,0.041237113402061855,0.009322087864226237,0.005718639310165274,0.011437278620330548,0.01020408163265306
2,64,0.07172164602493657,0.010903697645492231,0.021807395290984462,0.07216494845360821,0.0469799962999579,0.00808039696362067,0.01616079392724134,0.0467535621761658,0.01830742634291272,0.006355568683602105,0.01271113736720421,0.018057484774014317
3,64,0.08469746684477787,0.009110490567368967,0.018220981134737933,0.08333333333333337,0.05020603929701148,0.007065179385403691,0.014130358770807382,0.0514142215173143,0.02579277005130617,0.007122278080844944,0.014244556161689887,0.025906735751295335
4,64,0.09633434094287893,0.013864040409862763,0.027728080819725526,0.09424083769633507,0.052651472446107773,0.008180196328991607,0.016360392657983214,0.05235602094240838,0.03367012021267149,0.01076289357939599,0.02152578715879198,0.031496279966933036
