cores,pkt_sz,total_mean,total_stdev,total_95ci,total_median,user_mean,user_stdev,user_95ci,user_median,system_mean,system_stdev,system_95ci,system_median
1,64,0.5253244961227237,0.11919154937524784,0.23838309875049568,0.575268817204301,0.17139178938736105,0.09411657572911626,0.18823315145823252,0.22043010752688172,0.01887879797239291,0.01047307422831024,0.02094614845662048,0.02127659574468085
2,64,0.5179327332416221,0.19947552885500985,0.3989510577100197,0.4027747769992901,0.13645697623719702,0.18735289208757014,0.3747057841751403,0.005681818181818182,0.030539001123314036,0.013229499617847902,0.026458999235695804,0.02849025974025974
3,64,0.38480307066218034,0.035282360065579325,0.07056472013115865,0.3833333333333333,0.0037950698117317893,0.004668359510785656,0.009336719021571313,0.00546448087431694,0.03027322484636823,0.014637316853661235,0.02927463370732247,0.027932960893854747
4,64,0.37337293538554234,0.04918261717692058,0.09836523435384116,0.3717607973421927,0.0035176320169820123,0.004798083127262958,0.009596166254525916,0.0,0.029747691138761263,0.011928714878422541,0.023857429756845083,0.027932960893854747
