cores,pkt_sz,total_mean,total_stdev,total_95ci,total_median,user_mean,user_stdev,user_95ci,user_median,system_mean,system_stdev,system_95ci,system_median
1,64,0.10140887370046234,0.030330140331058936,0.06066028066211787,0.10230245944531657,0.08091576157614494,0.023369520296369038,0.046739040592738076,0.08247422680412371,0.011555720789297574,0.008928575073641058,0.017857150147282116,0.0103359863255168
2,64,0.1347000683656577,0.01985547075434556,0.03971094150869112,0.13756613756613756,0.09875722823771163,0.01456562453523184,0.02913124907046368,0.09947643979057591,0.019853070855730806,0.007698723961612106,0.015397447923224212,0.02072538860103627
3,64,0.05140272188982974,0.03983018455195251,0.07966036910390502,0.03357371794871794,0.02183251063149835,0.03244003038783257,0.06488006077566515,0.005208333333333333,0.01959739904559042,0.007309781150801584,0.014619562301603169,0.020512820512820513
4,64,0.15179146899745466,0.014483880672024826,0.02896776134404965,0.15104166666666663,0.09611975033070516,0.010185937559828247,0.020371875119656494,0.09549138804457953,0.034890861050851416,0.009188677368659639,0.018377354737319277,0.03626943005181347
