cores,pkt_sz,total_mean,total_stdev,total_95ci,total_median,user_mean,user_stdev,user_95ci,user_median,system_mean,system_stdev,system_95ci,system_median
1,64,0.0243427338991783,0.0065474489391289395,0.013094897878257879,0.025380710659898442,0.012856712198439244,0.004917526521817516,0.009835053043635031,0.010256410256410256,0.010417916252429372,0.004184275181449799,0.008368550362899598,0.01020408163265306
2,64,0.03469941346331096,0.008010262475770191,0.016020524951540382,0.03589743589743588,0.014661220614607118,0.005956060350586629,0.011912120701173258,0.015306122448979591,0.018326263354621612,0.005655890776974279,0.011311781553948559,0.020460491889063317
3,64,0.04628959176507757,0.010287203517913877,0.020574407035827753,0.046391752577319534,0.015863994953097434,0.005720970006764946,0.011441940013529892,0.015544041450777202,0.028451243223494675,0.0075977334319789055,0.015195466863957811,0.026041666666666668
4,64,0.0566123820651473,0.009895452840355364,0.01979090568071073,0.05670103092783507,0.016898956595713097,0.00608297093818219,0.01216594187636438,0.015706806282722512,0.03740899153611925,0.007686670921716345,0.01537334184343269,0.0363638816925734
