cores,pkt_sz,total_mean,total_stdev,total_95ci,total_median,user_mean,user_stdev,user_95ci,user_median,system_mean,system_stdev,system_95ci,system_median
1,64,0.5355824648937397,0.12252058259113871,0.24504116518227742,0.5891891891891892,0.1349291528697539,0.09563540790687781,0.19127081581375563,0.18399715504978664,0.01772494442507778,0.010609153069168717,0.021218306138337435,0.01871296243023992
2,64,0.624797763067945,0.13720464288294965,0.2744092857658993,0.6594594594594594,0.1954554366576558,0.1237754710951336,0.2475509421902672,0.20485324033711133,0.03414900222401605,0.013404239300123896,0.026808478600247793,0.03278688524590164
3,64,0.4182347716350598,0.06325217762389224,0.12650435524778447,0.38857142857142857,0.004502447722384465,0.005525320318546525,0.01105064063709305,0.005494505494505495,0.026219477878371148,0.011690957038021595,0.02338191407604319,0.022727272727272728
4,64,0.398038992598406,0.046854300358226963,0.09370860071645393,0.3846191311124099,0.003233339619762538,0.0038362469463558476,0.007672493892711695,0.0,0.027813148167211286,0.009816144629433855,0.01963228925886771,0.02824858757062147
