cores,pkt_sz,target_rate,target_pps,rate_median,rate_mean,pps_median,pps_mean,rate_95ci,pps_95ci
1,64,1,1953.125,0.9609432727272728,0.9607912727272727,1501.1818181818182,1501.070707070707,0.00042057077836479373,0.44352522020404744
2,64,1,1953.125,0.935389090909091,0.9336565656565656,1461.5454545454545,1458.8383838383838,0.00920209668996581,14.37827607807165
3,64,1,1953.125,0.48244363636363635,0.5616475959595959,753.8181818181819,877.4747474747476,0.3071963285265078,479.96125324006556
4,64,1,1953.125,0.8900654545454546,0.8924772525252526,1390.7272727272727,1394.3636363636365,0.027245818058029787,42.45349640734493
