cores,pkt_sz,total_mean,total_stdev,total_95ci,total_median,user_mean,user_stdev,user_95ci,user_median,system_mean,system_stdev,system_95ci,system_median
1,64,0.4365741382143073,0.07266127646611438,0.14532255293222876,0.4407104523383593,0.01406070417484705,0.009746258385162387,0.019492516770324774,0.011235955056179775,0.015904882175879435,0.008025055054017008,0.016050110108034015,0.016574585635359115
2,64,0.4657072117914716,0.05402068553791807,0.10804137107583614,0.46977930742988255,0.010809079983931703,0.008128977469814377,0.016257954939628755,0.010869565217391304,0.023124751979290124,0.01589808425165385,0.0317961685033077,0.021739130434782608
