cores,pkt_sz,total_mean,total_stdev,total_95ci,total_median,user_mean,user_stdev,user_95ci,user_median,system_mean,system_stdev,system_95ci,system_median
1,64,0.3996155817794196,0.04555645078662078,0.09111290157324156,0.4022346368715084,0.020899779644301793,0.014906070385781279,0.029812140771562558,0.016853932584269662,0.016985814413224814,0.008154265732643193,0.016308531465286387,0.016853932584269662
2,64,0.41548115034707106,0.03222944350409837,0.06445888700819674,0.4164414414414414,0.018074575185071037,0.011102101682451099,0.022204203364902197,0.01662062615101289,0.023294627887473215,0.010599168913958245,0.02119833782791649,0.0223463687150838
