cores,pkt_sz,total_mean,total_stdev,total_95ci,total_median,user_mean,user_stdev,user_95ci,user_median,system_mean,system_stdev,system_95ci,system_median
1,64,0.012888093002199036,0.006532417680909954,0.013064835361819908,0.012795560348228652,0.0022996245762051996,0.002894717821198417,0.005789435642396834,0.0,0.009550569759405582,0.004962741364766963,0.009925482729533926,0.01020408163265306
2,64,0.029064860255875194,0.013334881812501692,0.026669763625003385,0.02577319587628868,0.006225164471389076,0.005373142142675307,0.010746284285350615,0.005154639175257732,0.021159091945078572,0.009118127247344395,0.01823625449468879,0.020512820512820513
