cores,pkt_sz,total_mean,total_stdev,total_95ci,total_median,user_mean,user_stdev,user_95ci,user_median,system_mean,system_stdev,system_95ci,system_median
1,64,0.18963776903893526,0.05840340198693967,0.11680680397387934,0.21014492753623193,0.030939588013241533,0.01215429135296374,0.02430858270592748,0.02847011144883485,0.019512748691830475,0.00970654398249643,0.01941308796499286,0.019802195887068663
2,64,0.2558125414095333,0.05275642761640481,0.10551285523280962,0.2666666666666667,0.03440718291966564,0.011246821844699467,0.022493643689398934,0.033670415381824775,0.030319714291611,0.013845696173676873,0.027691392347353745,0.0273972602739726
