cores,pkt_sz,total_mean,total_stdev,total_95ci,total_median,user_mean,user_stdev,user_95ci,user_median,system_mean,system_stdev,system_95ci,system_median
1,64,0.023853420966475726,0.01287377208477537,0.02574754416955074,0.020942408376963373,0.004213415056286327,0.005457751831081061,0.010915503662162122,0.005208333333333333,0.010074237792595123,0.007306538877423155,0.01461307775484631,0.010416666666666666
2,64,0.041083991494644034,0.015176867773414144,0.030353735546828287,0.0368421052631579,0.008331199089834816,0.006462038201173259,0.012924076402346519,0.005291005291005291,0.019632150624517616,0.009612763945537074,0.019225527891074148,0.0158312447786132
