cores,pkt_sz,total_mean,total_stdev,total_95ci,total_median,user_mean,user_stdev,user_95ci,user_median,system_mean,system_stdev,system_95ci,system_median
1,64,0.018408400846194686,0.011751986972135276,0.02350397394427055,0.015544041450777257,0.003785474364071974,0.004036008723108323,0.008072017446216646,0.005128205128205128,0.009855794531568778,0.00899253316636484,0.01798506633272968,0.010256410256410256
2,64,0.032275091179148375,0.011680681459297598,0.023361362918595197,0.031088082901554404,0.005924477027428597,0.005291268726664265,0.01058253745332853,0.0051813471502590676,0.01915253569110912,0.007438039905423931,0.014876079810847861,0.020512820512820513
