cores,pkt_sz,mwatt_mean,mwatt_stdev,mwatt_95ci,mwatt_median
1,64,1970.2666666666667,485.51938131204366,18.360110808739023,1799.0
2,64,1944.9955555555555,411.74028309237326,15.570124516077726,1825.0
