cores,pkt_sz,mwatt_mean,mwatt_stdev,mwatt_95ci,mwatt_median
1,64,1827.5933333333332,249.08219785622757,9.993687934187392,1779.0
2,64,1846.3585185185186,231.37034362449378,8.749362662561907,1747.0
