cores,pkt_sz,target_rate,target_pps,rate_median,rate_mean,pps_median,pps_mean,rate_95ci,pps_95ci
1,64,1,1953.125,0.9521454545454546,0.9517070707070706,1487.7272727272727,1486.909090909091,0.006239618580898896,9.949366763261775
2,64,1,1953.125,0.9498181818181818,0.9494214949494949,1484.090909090909,1483.3737373737374,0.003779034880130424,5.828554166258917
