cores,pkt_sz,target_rate,target_pps,rate_median,rate_mean,pps_median,pps_mean,rate_95ci,pps_95ci
1,64,10,19531.25,9.392833454545455,9.394653090909092,14676.0,14678.979797979797,0.03336555717763535,52.3415201455775
2,64,10,19531.25,9.367866909090909,9.37594593939394,14637.0,14649.818181818184,0.057145808961964126,89.35582135438823
