cores,pkt_sz,target_rate,target_pps,rate_median,rate_mean,pps_median,pps_mean,rate_95ci,pps_95ci
1,64,50,97656.25,8.938414545454545,8.213303595959594,13966.272727272728,12833.121212121212,3.6708679567306555,5735.544664200717
2,64,50,97656.25,6.299008727272727,6.4527081212121224,9841.90909090909,10082.191919191919,4.050235695508649,6328.449999871807
