cores,pkt_sz,total_mean,total_stdev,total_95ci,total_median,user_mean,user_stdev,user_95ci,user_median,system_mean,system_stdev,system_95ci,system_median
1,64,0.0028877360324859385,0.0015943606123650044,0.0031887212247300087,0.0025413001640381405,0.0008442415397753619,0.001193941515319414,0.002387883030638828,0.0,0.0019731710046655836,0.0010547163114891878,0.0021094326229783755,0.0025348583178050506
1,128,0.0025980711707917336,0.001515173710926751,0.003030347421853502,0.0025316455696202667,0.0007027048242743254,0.0011330815454825293,0.0022661630909650587,0.0,0.0017552512294921375,0.0013069464052245705,0.002613892810449141,0.0025252525252525255
1,256,0.002731104295172577,0.002002615484019032,0.004005230968038064,0.002525252525252486,0.0009097800175881598,0.0012101246722063268,0.0024202493444126535,0.0,0.0017515308660824634,0.0011618410109136142,0.0023236820218272285,0.0025188916876574307
1,512,0.0027991308005990857,0.0015427486633472988,0.0030854973266945976,0.002525252525252486,0.0009087207658780888,0.0012087130283243072,0.0024174260566486145,0.0,0.0018904100347210105,0.0010914365283221622,0.0021828730566443243,0.0025188916876574307
1,1024,0.002867161752214628,0.0017920559280294155,0.003584111856058831,0.0025188916876573986,0.0009085458517231149,0.0012084813693340327,0.0024169627386680654,0.0,0.0018888224889895713,0.001240948404909903,0.002481896809819806,0.0025188916876574307
1,1280,0.0034256830704961307,0.0016904649334675659,0.0033809298669351317,0.002525252525252486,0.0011181010003839516,0.0012500767013828176,0.0025001534027656353,0.0,0.0023075820701121846,0.0012394615455145297,0.0024789230910290594,0.0025188916876574307
1,1518,0.003354841021898298,0.0018701825554823942,0.0037403651109647884,0.002525252525252486,0.0009778127316302082,0.00122575622869357,0.00245151245738714,0.0,0.0023074097995969714,0.001087991539616275,0.00217598307923255,0.0025188916876574307
