cores,pkt_sz,total_mean,total_stdev,total_95ci,total_median,user_mean,user_stdev,user_95ci,user_median,system_mean,system_stdev,system_95ci,system_median
1,64,0.002170109311082848,0.0021550254935805966,0.004310050987161193,0.0025188916876573986,0.000839985718197094,0.0015728874960936213,0.0031457749921872426,0.0,0.0013301235928857669,0.0012581741462009126,0.0025163482924018253,0.002512562814070352
1,128,0.003286273825314533,0.00165593372826339,0.00331186745652678,0.002525252525252486,0.0011884235937963854,0.0012563909970661601,0.0025127819941323203,0.0,0.002097850231518151,0.0012576381066208544,0.002515276213241709,0.0025188916876574307
1,256,0.0032852243203571113,0.001756608858555966,0.003513217717111932,0.002525252525252486,0.0010476061498080206,0.0012395474265995338,0.0024790948531990676,0.0,0.0021676489570030587,0.0013460475838413713,0.0026920951676827425,0.002512562814070352
1,512,0.004330901033718887,0.002011625475568695,0.00402325095113739,0.0050188284782307635,0.0012569881467403901,0.0012569930559704194,0.0025139861119408387,0.0012531328320802004,0.0029343251827613393,0.001386087562213528,0.002772175124427056,0.0025188916876574307
1,1024,0.002377033604318639,0.0018664562620958566,0.003732912524191713,0.0025188916876573986,0.0009092570376173486,0.0012094349243977763,0.0024188698487955526,0.0,0.0014677765667013025,0.0013739789745597344,0.002747957949119469,0.0025094142391153765
1,1280,0.0014674223122975079,0.0019085181003948074,0.0038170362007896147,0.0,0.0005586997773170583,0.0010452334305753894,0.0020904668611507787,0.0,0.0008387533214344144,0.0011861795658438348,0.0023723591316876695,0.0
1,1518,0.0025865807886133,0.001725534538461541,0.003451069076923082,0.0025188916876573986,0.0008382250274130463,0.0011854313858612228,0.0023708627717224456,0.0,0.0017483557612002656,0.001159734742337165,0.00231946948467433,0.002512562814070352
