cores,pkt_sz,total_mean,total_stdev,total_95ci,total_median,user_mean,user_stdev,user_95ci,user_median,system_mean,system_stdev,system_95ci,system_median
1,64,0.12571163465604984,0.0010569302680628557,0.0021138605361257115,0.12531328320802004,0.0002079869770019396,0.0006898152857125658,0.0013796305714251316,0.0,0.00034687586589082846,0.0008637146906761655,0.001727429381352331,0.0
1,128,0.005041671178081362,0.0034887843982693025,0.006977568796538605,0.004072424920434525,0.0004506550027335424,0.0010076973062072016,0.0020153946124144033,0.0,0.0007519736862102323,0.0012125250672070655,0.002425050134414131,0.0
1,256,0.0027575504648661093,0.0019375494719041412,0.0038750989438082824,0.002617801047120394,0.00043478424679469066,0.0009722093214991707,0.0019444186429983415,0.0,0.0011611927498889158,0.0012982584180619321,0.0025965168361238643,0.0
1,512,0.0024096138072993312,0.0022651010442489403,0.0045302020884978806,0.0026212364815654254,0.0003651153690363443,0.0009091337257114589,0.0018182674514229179,0.0,0.0010216731149838522,0.0012807449593287446,0.002561489918657489,0.0
1,1024,0.006348323812065336,0.002455903499705544,0.004911806999411088,0.0067241504238823024,0.0011933428686238153,0.0013342011060571313,0.0026684022121142626,0.0,0.004034701504162309,0.0014816153302853283,0.0029632306605706566,0.0027100271002710027
1,1280,0.006114780319149773,0.0022281410151841407,0.0044562820303682815,0.005319148936170248,0.0013260670970379944,0.0013260696587208858,0.0026521393174417716,0.0013227513227513227,0.003905708428717314,0.0013189811965956,0.0026379623931912,0.0026666666666666666
1,1518,0.006061525888987757,0.0022084199025505877,0.0044168398051011755,0.00527704485488123,0.0015333690373191813,0.0012959441894301326,0.0025918883788602653,0.002621236481565459,0.003799077293440158,0.0013049359963840013,0.0026098719927680025,0.002638522427440633
