cores,pkt_sz,total_mean,total_stdev,total_95ci,total_median,user_mean,user_stdev,user_95ci,user_median,system_mean,system_stdev,system_95ci,system_median
1,64,0.0030586854488062754,0.001685697411872605,0.00337139482374521,0.002564102564102555,0.0009244733039409063,0.0013708491581705259,0.0027416983163410518,0.0,0.0019212637176312362,0.0011092552262197538,0.0022185104524395077,0.0025575447570332483
1,128,0.0031736806263489045,0.0022646767528841857,0.0045293535057683715,0.0025445292620864812,0.000987033079847086,0.001237317022042805,0.00247463404408561,0.0,0.002045643598391277,0.0014416446107142374,0.0028832892214284748,0.0025380710659898475
1,256,0.002807621839409327,0.0018594943963061259,0.0037189887926122518,0.0025316455696202667,0.0009122563943364079,0.0012134198945110354,0.002426839789022071,0.0,0.0018253962315268784,0.001132070631788661,0.002264141263577322,0.0025252525252525255
1,512,0.002943134017761121,0.0013904199069448974,0.0027808398138897948,0.002525252525252486,0.0009110177552400357,0.0012117729624231762,0.0024235459248463523,0.0,0.0019623228510191417,0.0012060239690363183,0.0024120479380726366,0.002522072106454978
1,1024,0.0028687475289113145,0.0017937203415748114,0.0035874406831496227,0.002525252525252486,0.000908897455811286,0.0012089488324584976,0.002417897664916995,0.0,0.0019598500731000316,0.0012041341810259461,0.0024082683620518922,0.0025188916876574307
1,1280,0.00251837938265479,0.001776672995748478,0.003553345991496956,0.0025188916876573986,0.0008394618839877337,0.00118718639312133,0.00237437278624266,0.0,0.0016789174986670708,0.001326035051932202,0.002652070103864404,0.002515727250863891
1,1518,0.003426215790678949,0.001689670401022044,0.003379340802044088,0.002525252525252486,0.0011885993891646131,0.0012565766752114559,0.0025131533504229118,0.0,0.0020978537764663433,0.0015109997060625375,0.003021999412125075,0.0025188916876574307
