cores,pkt_sz,total_mean,total_stdev,total_95ci,total_median,user_mean,user_stdev,user_95ci,user_median,system_mean,system_stdev,system_95ci,system_median
1,64,0.125599155654445,0.0008140511914233596,0.0016281023828467191,0.12531328320802004,6.944444444444444e-05,0.0004108388738263623,0.0008216777476527246,0.0,0.0003468758658908285,0.0008637146906761655,0.001727429381352331,0.0
1,128,0.1257102472580715,0.0013287454508514062,0.0026574909017028124,0.12531328320802004,0.0001383702159747122,0.0005705154843167618,0.0011410309686335236,0.0,0.00027777864583875873,0.0007856780376495922,0.0015713560752991843,0.0
1,256,0.006501252998720052,0.0023226002553232293,0.004645200510646459,0.005464480874316946,0.00030193348192482307,0.0008539986237527554,0.0017079972475055108,0.0,0.0011332792341839574,0.0013409205132080563,0.0026818410264161127,0.0
1,512,0.003269803923465724,0.0028463452856070963,0.0056926905712141925,0.002617801047120394,0.00036263713351460954,0.0009029634473666724,0.0018059268947333447,0.0,0.0009443726928308645,0.0012561398359206782,0.0025122796718413565,0.0
1,1024,0.0037933497450754966,0.002656012174844657,0.005312024349689314,0.0026560471809921604,0.0005101670377364485,0.0010384013816293134,0.002076802763258627,0.0,0.0014585560515164738,0.0013045946560774732,0.0026091893121549465,0.002617801047120419
1,1280,0.0036128100672950833,0.0019989394631490104,0.003997878926298021,0.0026525198938992522,0.000589455086363367,0.0011027769710719258,0.0022055539421438515,0.0,0.0013268800534337415,0.0013269136214457838,0.0026538272428915676,0.0013192612137203166
1,1518,0.0024306274160782893,0.002281632704934219,0.004563265409868438,0.0026385224274406704,0.00044192825918942693,0.000988231612953001,0.001976463225906002,0.0,0.0010339470450156968,0.0012961841897237152,0.0025923683794474304,0.0
