cores,pkt_sz,total_mean,total_stdev,total_95ci,total_median,user_mean,user_stdev,user_95ci,user_median,system_mean,system_stdev,system_95ci,system_median
1,64,0.004308167877842322,0.0022388805076591486,0.004477761015318297,0.003937226004390892,0.0002918260930072446,0.0008254158195854483,0.0016508316391708965,0.0,0.0007296632043829653,0.0011765612432296276,0.0023531224864592553,0.0
1,128,0.0016845735632241411,0.002072956087914666,0.004145912175829332,0.0,0.00036569096293412795,0.0009105652042976325,0.001821130408595265,0.0,0.0006598275633054753,0.0011428589222214633,0.0022857178444429267,0.0
1,256,0.005437237086770377,0.0024012260054168118,0.0048024520108336235,0.005291005291005346,0.0011755922590397832,0.0013143598342450673,0.0026287196684901346,0.0,0.003527362617476008,0.0015226970859922443,0.0030453941719844886,0.002656047180992155
1,512,0.0045965456560148055,0.001832759868531507,0.003665519737063014,0.0051679586563307955,0.0012923644422274448,0.0014286906981968524,0.0028573813963937047,0.0,0.002873516075402693,0.0010115869009792975,0.002023173801958595,0.0025906735751295338
1,1024,0.0038958053895813017,0.0017423853562750333,0.0034847707125500666,0.0050890585241730735,0.0010613088046057012,0.0012557656968334176,0.0025115313936668352,0.0,0.002551404979309682,0.0013438597640883614,0.0026877195281767227,0.0025542825825982567
1,1280,0.0033179119321118267,0.002053302987319358,0.004106605974638716,0.0025510204081632404,0.0010586096240511676,0.001252569165753084,0.002505138331506168,0.0,0.0020477954775690943,0.0014436313664602043,0.0028872627329204086,0.0025380710659898475
1,1518,0.004017383997019153,0.0021824876324290404,0.004364975264858081,0.0038007627293341617,0.0011972877764082814,0.0012657640929000695,0.002531528185800139,0.0,0.0023974413482997716,0.001024838092106619,0.002049676184213238,0.0025380710659898475
