cores,pkt_sz,target_rate,target_pps,rate_median,rate_mean,pps_median,pps_mean,rate_95ci,pps_95ci
1,64,50,97656.25,44.492363636363635,44.492363636363635,69519.31818181818,69519.31818181818,0.030894545454536626,48.27272727272065
1,128,50,48828.125,43.07325672727273,43.07325672727273,42063.72727272727,42063.72727272727,0.0003723636363588412,0.36363636363239493
1,256,50,24414.0625,46.212840727272734,46.212840727272734,22564.86363636364,22564.86363636364,0.002792727272726836,1.363636363636033
1,512,50,12207.03125,48.05774581818182,48.05774581818182,11732.863636363636,11732.863636363636,0.0019890909090918285,0.45454545454595063
1,1024,50,6103.515625,49.165155272727276,49.165155272727276,6001.636363636364,6001.636363636364,0.021842181818186646,2.7272727272729753
1,1280,50,4882.8125,49.235904363636365,49.235904363636365,4808.227272727272,4808.227272727272,0.09843127272727514,9.545454545454959
1,1518,50,4117.259552042161,49.53881054545455,49.53881054545455,4079.318181818182,4079.318181818182,0.04612290909090433,3.7272727272725206
