cores,pkt_sz,target_rate,target_pps,rate_median,rate_mean,pps_median,pps_mean,rate_95ci,pps_95ci
1,64,100,195312.5,44.44009345454545,44.44009345454545,69437.5,69437.5,0.11030036363636242,172.63636363635305
1,128,100,97656.25,71.05936290909091,71.05936290909091,69393.90909090909,69393.90909090909,0.0673978181818029,65.81818181817653
1,256,100,48828.125,92.32653963636363,92.32653963636363,45081.318181818184,45081.318181818184,0.009122909090905296,4.454545454544132
1,512,100,24414.0625,95.727616,95.727616,23371.0,23371.0,0.1154327272727187,28.181818181816197
1,1024,100,12207.03125,97.39841163636363,97.39841163636363,11889.454545454544,11889.454545454544,0.14298763636364242,17.45454545454595
1,1280,100,9765.625,98.22779127272727,98.22779127272727,9592.590909090908,9592.590909090908,0.07049745454546041,6.8181818181819835
1,1518,100,8234.519104084322,98.12143781818182,98.12143781818182,8079.863636363636,8079.863636363636,0.13052363636364817,10.818181818181984
