cores,pkt_sz,target_rate,target_pps,rate_median,rate_mean,pps_median,pps_mean,rate_95ci,pps_95ci
1,64,10,19531.25,9.536232727272726,9.536232727272726,14900.363636363636,14900.363636363636,0.0037236363636363734,5.8181818181819835
1,128,10,9765.625,8.711540363636365,8.711540363636365,8507.363636363636,8507.363636363636,0.0005585454545453672,0.5454545454540494
1,256,10,4882.8125,9.350456000000001,9.350456000000001,4565.636363636364,4565.636363636364,0.00030690909091113383,0.18181818181801646
1,512,10,2441.40625,9.69945381818182,9.69945381818182,2368.0454545454545,2368.0454545454545,0.0002516363636377861,0.09090909090900823
1,1024,10,1220.703125,9.866272727272726,9.866272727272726,1204.409090909091,1204.409090909091,0.0002516363636377861,0.0909090909092356
1,1280,10,976.5625,9.890104000000001,9.890104000000001,965.8636363636364,965.8636363636364,0.0002516363636377861,0.09090909090900823
1,1518,10,823.4519104084321,9.508325818181817,9.508325818181817,783.0,783.0,0.06538763636363676,5.454545454545496
