cores,pkt_sz,target_rate,target_pps,rate_median,rate_mean,pps_median,pps_mean,rate_95ci,pps_95ci
1,64,0.5,976.5625,0.4803490909090909,0.4803490909090909,750.5454545454545,750.5454545454545,0.0,0.0
1,128,0.5,488.28125,0.4349207272727273,0.4349207272727273,424.72727272727275,424.72727272727275,0.0,0.0
1,256,0.5,244.140625,0.46470981818181817,0.46470981818181817,226.9090909090909,226.9090909090909,0.0,0.0
1,512,0.5,122.0703125,0.4766254545454545,0.4766254545454545,116.36363636363636,116.36363636363636,0.0,0.0
1,1024,0.5,61.03515625,0.3981792727272727,0.3981792727272727,48.63636363636364,48.63636363636364,0.1573825454545455,19.272727272727273
1,1280,0.5,48.828125,0.4809370909090909,0.4809370909090909,47.0,47.0,0.11102327272727275,10.909090909090907
1,1518,0.5,41.17259552042161,0.5301683636363637,0.5301683636363637,43.72727272727273,43.72727272727273,0.07066254545454542,5.818181818181813
