cores,pkt_sz,target_rate,target_pps,rate_median,rate_mean,pps_median,pps_mean,rate_95ci,pps_95ci
1,64,1,1953.125,0.9609465454545455,0.9609465454545455,1501.1818181818182,1501.1818181818182,6.545454545481277e-06,0.0
1,128,1,976.5625,0.8700898181818182,0.8700898181818182,849.5454545454545,849.5454545454545,6.545454545481277e-06,0.0
1,256,1,488.28125,0.9295454545454545,0.9295454545454545,453.8636363636364,453.8636363636364,0.0002516363636363428,0.09090909090912191
1,512,1,244.140625,0.9533767272727272,0.9533767272727272,232.77272727272725,232.77272727272725,0.0002516363636363428,0.09090909090909349
1,1024,1,122.0703125,0.8895767272727273,0.8895767272727273,108.5909090909091,108.5909090909091,0.1273483636363636,15.545454545454547
1,1280,1,97.65625,0.789410909090909,0.789410909090909,77.0909090909091,77.0909090909091,0.32767999999999997,32.0
1,1518,1,82.34519104084322,0.719256,0.719256,59.227272727272734,59.227272727272734,0.13358399999999993,11.000000000000007
