cores,pkt_sz,total_mean,total_stdev,total_95ci,total_median,user_mean,user_stdev,user_95ci,user_median,system_mean,system_stdev,system_95ci,system_median
1,64,0.004302572293827174,0.0017604821694253716,0.003520964338850743,0.005221932114882533,0.0008019941510762268,0.001209063702564296,0.002418127405128592,0.0,0.00145874873444335,0.0013047680079233907,0.0026095360158467813,0.0026109660574412533
1,128,0.006372378402566942,0.0021933326933178967,0.004386665386635793,0.006663158493571519,0.0011847932811637442,0.001324642203188758,0.002649284406377516,0.0,0.0029649583446210923,0.0012194844521022583,0.0024389689042045165,0.0026702317290552583
1,256,0.0062914102276487955,0.0024975696774626388,0.0049951393549252775,0.00527704485488123,0.0014629608001463985,0.0013085220206433322,0.0026170440412866644,0.0026246719160104987,0.003366839777016287,0.0014692850279549095,0.002938570055909819,0.002638522427440633
1,512,0.006162343594803717,0.0022833733626987786,0.004566746725397557,0.005181347150259086,0.001719147541048154,0.0013582712000027755,0.002716542400005551,0.002577319587628866,0.004014008977573392,0.001411977843430734,0.002823955686861468,0.005134796651506163
1,1024,0.006513723459106203,0.0021889238249113733,0.004377847649822747,0.00512820512820511,0.001982152787406282,0.0014838084502296186,0.0029676169004592373,0.002544529262086514,0.0037538934792280226,0.0014034222355580686,0.002806844471116137,0.0025575447570332483
1,1280,0.0078368981082478,0.00300222293367084,0.00600444586734168,0.007633587786259555,0.0016938495095916806,0.0015872013530992524,0.003174402706198505,0.0025348583178050506,0.00324777968862912,0.0014128570259938154,0.002825714051987631,0.002551020408163265
1,1518,0.009920121865164009,0.0023211367034369616,0.004642273406873923,0.010126582278481067,0.0013350852795642495,0.0019288534591223388,0.0038577069182446776,0.0,0.003447829633113719,0.0012130694980388708,0.0024261389960777415,0.0025380710659898475
