cores,pkt_sz,total_mean,total_stdev,total_95ci,total_median,user_mean,user_stdev,user_95ci,user_median,system_mean,system_stdev,system_95ci,system_median
1,64,0.006103026339231395,0.002095055633519828,0.004190111267039656,0.00512820512820511,0.0018449519780435256,0.001291862929912725,0.00258372585982545,0.002551020408163265,0.003904124752814643,0.0012693892624328416,0.0025387785248656832,0.005082600328076362
1,128,0.006548500446245127,0.002405986315825959,0.004811972631651918,0.0075949367088608,0.002181461439906839,0.0014792720558382546,0.002958544111676509,0.002531645569620253,0.004156068542203252,0.0012127170113374398,0.0024254340226748795,0.005063291139240506
1,256,0.005821602312039098,0.0017600277384599169,0.0035200554769198337,0.005063291139240533,0.0018230912107021584,0.0011306398690142164,0.002261279738028433,0.002522072106454978,0.003858395984311652,0.0012574849917955135,0.002514969983591027,0.005037783375314861
1,512,0.004901228700775979,0.001666045645947641,0.003332091291895282,0.005037783375314908,0.0016799758692314917,0.001187932357326186,0.002375864714652372,0.0025188916876574307,0.0032212528315444643,0.00112346121055103,0.00224692242110206,0.0025252525252525255
1,1024,0.0037106715090389148,0.001622764133777778,0.003245528267555556,0.003778385598880496,0.0013299460150634581,0.001258005004964074,0.002516010009928148,0.002515727250863891,0.0022409628689274586,0.001298168430606758,0.002596336861213516,0.0025188916876574307
1,1280,0.0028694587080620817,0.0019799597541238054,0.003959919508247611,0.002525252525252486,0.0009795734224142562,0.001364613430905204,0.002729226861810408,0.0,0.0015398616400953266,0.0013630549955496202,0.0027261099910992404,0.002515727250863891
1,1518,0.002940308741121266,0.001388718835462155,0.00277743767092431,0.002525252525252486,0.0008394574241757261,0.0011871753308927706,0.002374350661785541,0.0,0.0017511810512594386,0.0013038653960928792,0.0026077307921857583,0.0025188916876574307
