cores,pkt_sz,total_mean,total_stdev,total_95ci,total_median,user_mean,user_stdev,user_95ci,user_median,system_mean,system_stdev,system_95ci,system_median
1,64,0.004401634617137662,0.0026465305003659247,0.005293061000731849,0.005249343832021025,0.0011733636157318806,0.0013119686729531968,0.0026239373459063936,0.0,0.0023463322805242753,0.0013583455307342445,0.002716691061468489,0.0026246719160104987
1,128,0.005248993304693281,0.0019465736979940198,0.0038931473959880397,0.005249343832021025,0.001676498036257455,0.0012604142303599436,0.0025208284607198873,0.002617801047120419,0.0032087209321999166,0.0012500104355785274,0.002500020871157055,0.002631578947368421
1,256,0.006796696009137608,0.0018216018136620767,0.0036432036273241534,0.007712082262210762,0.0020029340719538167,0.0012301948685582895,0.002460389737116579,0.0025740068375162324,0.004364941049424268,0.001327372527759109,0.002654745055518218,0.005141388174807198
1,512,0.006576488489655684,0.0019178976528826791,0.0038357953057653583,0.0076142131979695105,0.002120999413124424,0.0012717527146090923,0.0025435054292181846,0.002544529262086514,0.004102978297929149,0.0012377010735672368,0.0024754021471344737,0.005076142131979695
1,1024,0.006044482695261967,0.001992407523585802,0.003984815047171604,0.005076142131979711,0.0018275326482396369,0.0011334006671541498,0.0022668013343082995,0.0025252525252525255,0.0037960710543600692,0.0012616066631023102,0.0025232133262046205,0.003784827445113609
1,1280,0.005966159720637604,0.0023091488447505326,0.004618297689501065,0.005063291139240533,0.0014032794944008273,0.001255138433579255,0.00251027686715851,0.0025188916876574307,0.0031590679713267046,0.0013775316057130689,0.0027550632114261378,0.002531645569620253
1,1518,0.005543506657958077,0.0020377689133528826,0.004075537826705765,0.005063291139240533,0.0011923081356332327,0.0012604990750333651,0.0025209981500667303,0.0,0.002878305878142081,0.0010552872579605796,0.002110574515921159,0.002531645569620253
