cores,pkt_sz,total_mean,total_stdev,total_95ci,total_median,user_mean,user_stdev,user_95ci,user_median,system_mean,system_stdev,system_95ci,system_median
1,64,0.006831903999401096,0.0022512104890112738,0.0045024209780225475,0.007518796992481258,0.0023691329936312636,0.0016652225963477013,0.0033304451926954026,0.002506265664160401,0.004393152515098694,0.001368055843091598,0.002736111686183196,0.005012531328320802
1,128,0.006555533532540982,0.0015874302478543338,0.0031748604957086675,0.007518796992481258,0.00244155729387164,0.0012543097861055117,0.0025086195722110235,0.0025094142391153765,0.004044357747998193,0.0012179935636811537,0.0024359871273623075,0.005012531328320802
1,256,0.0050935478720871685,0.002244330296259207,0.004488660592518414,0.005025125628140725,0.0018142911945082127,0.001270147815594632,0.002540295631189264,0.002506265664160401,0.0032096381869078138,0.0016288254767929708,0.0032576509535859415,0.0025188916876574307
1,512,0.006345799891732322,0.0018118187322100205,0.003623637464420041,0.007518796992481258,0.002231122227140449,0.0014206115109109852,0.0028412230218219704,0.002512562814070352,0.004114677664591852,0.0013376298135491758,0.0026752596270983517,0.005012531328320802
1,1024,0.0061378234299393885,0.0017074812821635558,0.0034149625643271116,0.005037783375314908,0.0020220909530829973,0.0011550798261223967,0.0023101596522447933,0.0025094142391153765,0.004046288032411921,0.0012206355595764523,0.0024412711191529046,0.005012531328320802
1,1280,0.005722208951791531,0.001514173966354908,0.003028347932709816,0.005037783375314908,0.001954049420032279,0.0010444944750385972,0.0020889889500771944,0.0025094142391153765,0.0036985410410881026,0.0012499379950955943,0.0024998759901911885,0.0025252525252525255
1,1518,0.004747380455520361,0.0020261352859689383,0.004052270571937877,0.005025125628140725,0.0018158672576304062,0.001126164458929867,0.002252328917859734,0.002512562814070352,0.0029315131978899346,0.0016180209829744691,0.0032360419659489383,0.0025188916876574307
