cores,pkt_sz,total_mean,total_stdev,total_95ci,total_median,user_mean,user_stdev,user_95ci,user_median,system_mean,system_stdev,system_95ci,system_median
1,64,0.004959231692167104,0.001907764874429169,0.003815529748858338,0.005037783375314908,0.0016052546330377216,0.0012068519622731178,0.0024137039245462357,0.002506265664160401,0.0033539770591293687,0.0011787558488771082,0.0023575116977542165,0.0025252525252525255
1,128,0.006073098376013938,0.001488073702930004,0.002976147405860008,0.005037783375314908,0.0019543957301650706,0.0010446742712381637,0.0020893485424763273,0.002512562814070352,0.004049084155177727,0.0013587113088955086,0.0027174226177910173,0.005012531328320802
1,256,0.005652065678867363,0.00215830922524625,0.0043166184504925,0.005037783375314908,0.0019531721590201594,0.0014618120816867156,0.002923624163373431,0.002512562814070352,0.0036291001083452335,0.0016127105730672593,0.0032254211461345186,0.0025252525252525255
1,512,0.006000329541285478,0.0018896267332797136,0.003779253466559427,0.005037783375314908,0.0020929330281839876,0.0012552996231477373,0.0025105992462954745,0.002512562814070352,0.00390739651310147,0.001611859037114623,0.003223718074229246,0.005012531328320802
1,1024,0.005372192336184498,0.002295877163888225,0.00459175432777645,0.005037783375314908,0.0020918843711940508,0.0017230848860250063,0.0034461697720500127,0.002512562814070352,0.003280307964990436,0.0014255750008975304,0.002851150001795061,0.0025188916876574307
1,1280,0.006555348017123529,0.001587299659821371,0.003174599319642742,0.007518796992481258,0.0023707064131136954,0.0010133162556668512,0.0020266325113337024,0.002512562814070352,0.004045229701836735,0.0013565951035668764,0.0027131902071337527,0.005012531328320802
1,1518,0.005443210186826425,0.0019997178669667586,0.003999435733933517,0.005037783375314908,0.0018142867750902288,0.001270141001467962,0.002540282002935924,0.002512562814070352,0.003559304921065055,0.0013686611601203898,0.0027373223202407796,0.0025188916876574307
