cores,pkt_sz,target_rate,target_pps,rate_median,rate_mean,pps_median,pps_mean,rate_95ci,pps_95ci
1,64,50,97656.25,47.72443127272727,47.72443127272727,74569.27272727274,74569.27272727274,0.010744727272729904,17.090909090897185
1,128,50,48828.125,43.424395636363634,43.424395636363634,42406.63636363637,42406.63636363637,0.057530181818179926,56.1818181818162
1,256,50,24414.0625,46.60577745454545,46.60577745454545,22756.727272727272,22756.727272727272,0.05846109090909124,28.54545454545587
1,512,50,12207.03125,48.47702727272727,48.47702727272727,11835.227272727272,11835.227272727272,0.0034785454545485095,0.8181818181819835
1,1024,50,6103.515625,49.00429418181818,49.00429418181818,5982.0,5982.0,0.03326763636363239,4.0
1,1280,50,4882.8125,48.89286436363636,48.89286436363636,4774.727272727272,4774.727272727272,0.09377672727272568,9.090909090909008
1,1518,50,4117.259552042161,48.951482545454546,48.951482545454546,4030.9545454545455,4030.9545454545455,0.05544509090908889,4.636363636363967
