cores,pkt_sz,target_rate,target_pps,rate_median,rate_mean,pps_median,pps_mean,rate_95ci,pps_95ci
1,64,0.5,976.5625,0.4804716363636363,0.4804716363636363,750.590909090909,750.590909090909,0.000245090909090917,0.09090909090912191
1,128,0.5,488.28125,0.4350432727272727,0.4350432727272727,424.77272727272725,424.77272727272725,0.0002450909090908615,0.09090909090906507
1,256,0.5,244.140625,0.46483236363636365,0.46483236363636365,226.95454545454544,226.95454545454544,0.00024509090909097253,0.09090909090909349
1,512,0.5,122.0703125,0.476748,0.476748,116.4090909090909,116.4090909090909,0.00024509090909097253,0.09090909090909349
1,1024,0.5,61.03515625,0.31166836363636363,0.31166836363636363,38.04545454545455,38.04545454545455,0.0960698181818182,11.727272727272727
1,1280,0.5,48.828125,0.38912,0.38912,38.0,38.0,0.033512727272727305,3.2727272727272663
1,1518,0.5,41.17259552042161,0.391368,0.391368,32.22727272727273,32.22727272727273,0.04747199999999996,3.9090909090909065
