cores,pkt_sz,target_rate,target_pps,rate_median,rate_mean,pps_median,pps_mean,rate_95ci,pps_95ci
1,64,100,195312.5,95.63147636363635,95.63147636363635,149424.18181818182,149424.18181818182,0.02781090909091688,43.45454545452958
1,128,100,97656.25,87.07779490909093,87.07779490909093,85036.90909090909,85036.90909090909,0.011915636363639237,11.636363636367605
1,256,100,48828.125,93.43143563636363,93.43143563636363,45620.81818181818,45620.81818181818,0.016011636363643333,7.8181818181838025
1,512,100,24414.0625,97.02772363636363,97.02772363636363,23688.40909090909,23688.40909090909,0.08750545454546454,21.363636363636033
1,1024,100,12207.03125,98.49961345454545,98.49961345454545,12023.90909090909,12023.90909090909,0.11518763636362905,14.0
1,1280,100,9765.625,98.71651527272728,98.71651527272728,9640.318181818182,9640.318181818182,0.13939127272726637,13.545454545455868
1,1518,100,8234.519104084322,99.14165636363637,99.14165636363637,8163.909090909091,8163.909090909091,0.04416654545454435,3.636363636363967
