cores,pkt_sz,target_rate,target_pps,rate_median,rate_mean,pps_median,pps_mean,rate_95ci,pps_95ci
1,64,1,1953.125,0.9606981818181818,0.9606981818181818,1501.090909090909,1501.090909090909,0.0,0.0
1,128,1,976.5625,0.869964,0.869964,849.5,849.5,0.0002450909090908615,0.09090909090900823
1,256,1,488.28125,0.9295421818181818,0.9295421818181818,453.8636363636364,453.8636363636364,0.00024509090909097253,0.09090909090912191
1,512,1,244.140625,0.9476018181818182,0.9476018181818182,231.36363636363637,231.36363636363637,0.011298181818181763,2.7272727272727195
1,1024,1,122.0703125,0.734177090909091,0.734177090909091,89.68181818181819,89.68181818181819,0.04096654545454548,5.0
1,1280,1,97.65625,0.7621974545454545,0.7621974545454545,74.5,74.5,0.015818909090909106,1.5454545454545325
1,1518,1,82.34519104084322,0.8353018181818181,0.8353018181818181,68.81818181818181,68.81818181818181,0.10462836363636363,8.545454545454547
