cores,pkt_sz,target_rate,target_pps,rate_median,rate_mean,pps_median,pps_mean,rate_95ci,pps_95ci
1,64,1,1953.125,0.960824,0.960824,1501.1363636363635,1501.1363636363635,0.0002516363636364538,0.0909090909092356
3,64,1,1953.125,0.9606981818181818,0.9606981818181818,1501.090909090909,1501.090909090909,0.0,0.0
5,64,1,1953.125,0.960824,0.960824,1501.1363636363635,1501.1363636363635,0.0002516363636364538,0.0909090909092356
7,64,1,1953.125,0.9606981818181818,0.9606981818181818,1501.090909090909,1501.090909090909,0.0,0.0
1,256,1,488.28125,0.9295454545454545,0.9295454545454545,453.8636363636364,453.8636363636364,0.0002516363636363428,0.09090909090912191
3,256,1,488.28125,0.9272785454545455,0.9272785454545455,452.77272727272725,452.77272727272725,0.004282181818181741,2.090909090909065
5,256,1,488.28125,0.9282421818181819,0.9282421818181819,453.22727272727275,453.22727272727275,0.002354909090909074,1.181818181818187
7,256,1,488.28125,0.9292334545454546,0.9292334545454546,453.72727272727275,453.72727272727275,0.00037236363636361514,0.18181818181818699
1,512,1,244.140625,0.9530043636363636,0.9530043636363636,232.6818181818182,232.6818181818182,0.000996363636363573,0.2727272727272805
3,512,1,244.140625,0.9487825454545453,0.9487825454545453,231.63636363636363,231.63636363636363,0.008936727272727318,2.181818181818187
5,512,1,244.140625,0.9506443636363636,0.9506443636363636,232.0909090909091,232.0909090909091,0.005213090909090834,1.272727272727252
7,512,1,244.140625,0.9522563636363637,0.9522563636363637,232.5,232.5,0.0024792727272726633,0.636363636363626
1,1518,1,82.34519104084322,0.914664,0.914664,75.31818181818181,75.31818181818181,0.08500799999999997,7.0
3,1518,1,82.34519104084322,0.9197578181818182,0.9197578181818182,75.77272727272728,75.77272727272728,0.048827636363636295,4.090909090909079
5,1518,1,82.34519104084322,0.9147865454545454,0.9147865454545454,75.36363636363637,75.36363636363637,0.064890909090909,5.272727272727266
7,1518,1,82.34519104084322,0.9153385454545455,0.9153385454545455,75.4090909090909,75.4090909090909,0.035082909090909054,2.818181818181813
