cores,pkt_sz,total_mean,total_stdev,total_95ci,total_median,user_mean,user_stdev,user_95ci,user_median,system_mean,system_stdev,system_95ci,system_median
1,64,0.019138173089032897,0.013409713803412928,0.026819427606825857,0.01538461538461533,0.0037835676911036694,0.005253539284079855,0.01050707856815971,0.0050633235912423726,0.013969152884092097,0.009131188502123643,0.018262377004247286,0.010309278350515464
1,128,0.019471915198363273,0.01528656494201249,0.03057312988402498,0.015306122448979553,0.0043192142714510795,0.005135160863475445,0.01027032172695089,0.005076142131979695,0.014114164628147798,0.011247410730919574,0.02249482146183915,0.010256410256410256
1,256,0.017863252158586453,0.013421387975966459,0.026842775951932917,0.015306122448979553,0.004402094312272394,0.004845163883156136,0.009690327766312273,0.005076142131979695,0.012643075256344567,0.009502163292190455,0.01900432658438091,0.01020408163265306
1,512,0.01655406650819262,0.00966480144498245,0.0193296028899649,0.015228426395939132,0.003998811061862701,0.0042321052854740054,0.008464210570948011,0.005076142131979695,0.011988169256863801,0.007082534065264859,0.014165068130529718,0.01020408163265306
1,1024,0.01736462994500633,0.009641556781411272,0.019283113562822543,0.015228426395939132,0.004814059283919049,0.004288130122609968,0.008576260245219937,0.005076142131979695,0.012267435487020084,0.006747344042766567,0.013494688085533134,0.01020408163265306
1,1280,0.018203992001162392,0.011664863680579812,0.023329727361159625,0.015228426395939132,0.004086837091540851,0.004411821270479834,0.008823642540959667,0.005076142131979695,0.013740495168956746,0.00866412691432881,0.01732825382865762,0.010256410256410256
1,1518,0.017606296969032435,0.012631974831477606,0.025263949662955212,0.015228426395939132,0.0043371924284067095,0.005131394932168701,0.010262789864337402,0.005076142131979695,0.01286062613900701,0.008695027034973442,0.017390054069946884,0.010256410256410256
