cores,pkt_sz,total_mean,total_stdev,total_95ci,total_median,user_mean,user_stdev,user_95ci,user_median,system_mean,system_stdev,system_95ci,system_median
1,64,0.35476619909457274,0.032344248362181555,0.06468849672436311,0.34931506849315064,0.01823261597315078,0.008156521901632921,0.016313043803265842,0.019933774834437087,0.17943521500745724,0.017843663613797738,0.035687327227595475,0.17965517241379308
1,128,0.19571925906202153,0.029725778205156445,0.05945155641031289,0.18902439024390238,0.010755157908826618,0.007040939537775093,0.014081879075550186,0.011976047904191617,0.09694602660110313,0.014825688666783993,0.029651377333567985,0.0963855421686747
1,256,0.11786703579978823,0.029137589488146105,0.05827517897629221,0.1179775280898876,0.007550743517055252,0.006510737831766391,0.013021475663532782,0.005649717514124294,0.053694068608063604,0.01346708891217941,0.02693417782435882,0.05172413793103448
1,512,0.07616497085656748,0.012901593165335495,0.02580318633067099,0.07506756368236445,0.005152820913728798,0.004203051721495553,0.008406103442991105,0.005376344086021506,0.03193531789120935,0.007881017223475548,0.015762034446951095,0.03225806451612903
1,1024,0.042463302844865436,0.015557251689838167,0.031114503379676334,0.03703703703703709,0.005547117559758519,0.004722483686517376,0.009444967373034753,0.005263157894736842,0.024198264370100243,0.010154418841189793,0.020308837682379587,0.021052631578947368
1,1280,0.03655451347928942,0.010261161707743913,0.020522323415487827,0.03645833333333337,0.005528280188264533,0.004240870358758872,0.008481740717517745,0.005235602094240838,0.021585399878365396,0.007903636273322134,0.01580727254664427,0.020942408376963352
1,1518,0.034982559252929264,0.011491074182057926,0.022982148364115853,0.03141361256544506,0.005479532236587348,0.004744707399697287,0.009489414799394575,0.005208333333333333,0.02118385494060761,0.008024026738097772,0.016048053476195544,0.020833333333333332
