cores,pkt_sz,total_mean,total_stdev,total_95ci,total_median,user_mean,user_stdev,user_95ci,user_median,system_mean,system_stdev,system_95ci,system_median
1,64,0.03658948065336121,0.016450037479951465,0.03290007495990293,0.03141361256544506,0.0051827305934739965,0.0061977874293911,0.0123955748587822,0.005208333333333333,0.02327111246019013,0.00991079825565487,0.01982159651130974,0.020942408376963352
1,128,0.029982059987939458,0.015119287634079971,0.030238575268159942,0.02577319587628868,0.0051921611536769685,0.005472746590786277,0.010945493181572554,0.005154639175257732,0.01800143817127086,0.009235469960567504,0.018470939921135007,0.015503979488275199
1,256,0.02506337376384817,0.009091352082188205,0.01818270416437641,0.020618556701030966,0.004121548728824412,0.004269456425430007,0.008538912850860014,0.00510204081632653,0.01571505486860766,0.006952335457896159,0.013904670915792318,0.015384615384615385
1,512,0.023032866904703454,0.009939300682939913,0.019878601365879826,0.02051282051282055,0.0042382884744901275,0.003929892383501576,0.007859784767003152,0.00510204081632653,0.013954830416359048,0.007278324382496725,0.01455664876499345,0.010362694300518135
1,1024,0.02087121085668708,0.011567699521973835,0.02313539904394767,0.01538461538461533,0.0045103873376049425,0.0053407564887484925,0.010681512977496985,0.005076142131979695,0.014850508923248141,0.007545287007338178,0.015090574014676356,0.015228426395939087
1,1280,0.019490591413527315,0.012438121020762688,0.024876242041525377,0.01538461538461533,0.004893700748269321,0.004872569075962796,0.009745138151925592,0.00510204081632653,0.013558817471013215,0.008711465446839036,0.017422930893678072,0.010309278350515464
1,1518,0.019131793741585957,0.01038500529828485,0.0207700105965697,0.01538461538461533,0.004283570608803694,0.004674140997140809,0.009348281994281619,0.005076142131979695,0.01364964363601867,0.007313680754026326,0.014627361508052652,0.010309278350515464
