cores,pkt_sz,total_mean,total_stdev,total_95ci,total_median,user_mean,user_stdev,user_95ci,user_median,system_mean,system_stdev,system_95ci,system_median
1,64,0.15368739754897848,0.01950195228528159,0.03900390457056318,0.14970059880239517,0.010007523499937623,0.005756913965429463,0.011513827930858925,0.01173030615755074,0.08429908819461981,0.01148359334940756,0.02296718669881512,0.08383233532934131
1,128,0.09076220651334616,0.021839400292798405,0.04367880058559681,0.0888888888888889,0.007693810492062736,0.006256457294076645,0.01251291458815329,0.005555555555555556,0.047283585477834914,0.010334023909458659,0.020668047818917318,0.04865007012622721
1,256,0.062053072594913335,0.023599102895955296,0.04719820579191059,0.05820105820105825,0.005501749276047811,0.007141131205852107,0.014282262411704215,0.005291005291005291,0.03144314248406294,0.013702295284682487,0.027404590569364975,0.031413612565445025
1,512,0.04491436538431179,0.013473582029873697,0.026947164059747394,0.04210526315789476,0.004390393464054188,0.005072822727898664,0.010145645455797329,0.005208333333333333,0.02093432062740087,0.008910477159139585,0.01782095431827917,0.020942408376963352
1,1024,0.02775201536825799,0.009054315108382647,0.018108630216765294,0.025906735751295318,0.004847006896421157,0.004284070595712383,0.008568141191424766,0.005154639175257732,0.016846896946301784,0.006458841674833184,0.012917683349666368,0.015544041450777202
1,1280,0.028223388977812756,0.015435985566831475,0.03087197113366295,0.02577319587628868,0.0049110815207260225,0.006101793476143844,0.012203586952287689,0.005154639175257732,0.017862933576547398,0.009590266157993025,0.01918053231598605,0.015544041450777202
1,1518,0.026178329870197487,0.013804722866657812,0.027609445733315623,0.02564102564102566,0.00486786857820393,0.0056083483164538735,0.011216696632907747,0.005154639175257732,0.016661579097821053,0.008912687207163506,0.01782537441432701,0.015463917525773196
