cores,pkt_sz,total_mean,total_stdev,total_95ci,total_median,user_mean,user_stdev,user_95ci,user_median,system_mean,system_stdev,system_95ci,system_median
1,64,0.017110067300763736,0.009559613208455966,0.01911922641691193,0.015306122448979553,0.004183588841469652,0.004348997695961672,0.008697995391923345,0.005076142131979695,0.012359715512203532,0.006348138248669109,0.012696276497338219,0.01020408163265306
1,128,0.016610555339743118,0.010023211292367539,0.020046422584735078,0.015228426395939132,0.004216025856035358,0.0044854630280592635,0.008970926056118527,0.005076142131979695,0.012238491444609001,0.007297767904169316,0.014595535808338632,0.01020408163265306
1,256,0.015637928744563247,0.00815360810221982,0.01630721620443964,0.015228426395939132,0.0037117598842731168,0.003713404347931918,0.007426808695863836,0.005076142131979695,0.011706185042422703,0.006085373379581919,0.012170746759163837,0.01020408163265306
1,512,0.016665737482544206,0.008178911017725407,0.016357822035450813,0.015228426395939132,0.004368496105380937,0.003955647643324547,0.007911295286649094,0.005076142131979695,0.012046086471535166,0.006127867879991492,0.012255735759982985,0.01020408163265306
1,1024,0.016658650982178478,0.012599200747107181,0.025198401494214363,0.015228426395939132,0.0038352090374418053,0.0051999641996479514,0.010399928399295903,0.005050505050505051,0.012698418403829544,0.008805175467320873,0.017610350934641746,0.01020408163265306
1,1280,0.0162359841418141,0.009821285882114825,0.01964257176422965,0.015228426395939132,0.004090015529250219,0.004115982765735867,0.008231965531471734,0.005076142131979695,0.011989131230856279,0.007401515976601004,0.014803031953202008,0.01020408163265306
1,1518,0.01736001311897641,0.0124731865102995,0.024946373020599,0.015228426395939132,0.004279136390651069,0.00523125076763059,0.01046250153526118,0.005076142131979695,0.012860886425784791,0.008532539794707908,0.017065079589415815,0.01020408163265306
