cores,pkt_sz,mwatt_mean,mwatt_stdev,mwatt_95ci,mwatt_median
1,64,1761.1377777777777,105.49971519474752,3.989514190003206,1799.0
1,128,1745.8340740740741,99.39277428313497,3.7585777616022824,1717.0
1,256,1745.797037037037,78.46126852076455,2.9670444470054917,1705.0
1,512,1737.065185185185,85.27875973536871,3.2248506210854657,1695.0
1,1024,1723.4192592592592,60.56480275526897,2.290282391387109,1695.0
1,1280,1717.0296296296297,75.02388170302008,2.837058281065538,1690.0
1,1518,1717.9762962962964,71.32169812420072,2.697058719034203,1690.0
