cores,pkt_sz,target_rate,target_pps,rate_median,rate_mean,pps_median,pps_mean,rate_95ci,pps_95ci
1,64,100,195312.5,9.412440727272726,9.417548121212121,14706.727272727272,14714.81818181818,0.01534125142878727,23.865863291956384
1,128,100,97656.25,8.601379636363637,8.599441373737374,8399.636363636364,8397.808080808081,0.007742040123992097,7.590746115443449
1,256,100,48828.125,9.211345454545455,9.21144202020202,4497.727272727273,4497.767676767678,0.0002981844022761625,0.12453361622148224
1,512,100,24414.0625,9.533498909090909,9.533392161616163,2327.5454545454545,2327.5050505050503,0.0002475224196518338,0.09034618090900025
1,1024,100,12207.03125,9.676241454545455,9.676295919191919,1181.1818181818182,1181.2020202020203,0.00020378804676142068,0.07558903811657652
1,1280,100,9765.625,9.695418181818182,9.695529292929292,946.8181818181819,946.8585858585858,0.00024848073577923857,0.09034618090900025
1,1518,100,8234.519104084322,9.774816,9.774925656565657,804.9090909090909,804.949494949495,0.00024522865442289126,0.09034618090911323
