cores,pkt_sz,target_rate,target_pps,rate_median,rate_mean,pps_median,pps_mean,rate_95ci,pps_95ci
1,64,10,19531.25,0.9606981818181818,0.9608078383838384,1501.090909090909,1501.131313131313,0.00024522865442222144,0.0903461809092262
1,128,10,9765.625,0.8698414545454546,0.8699238787878788,849.4545454545455,849.4848484848485,0.00023315818692154348,0.08570991287101871
1,256,10,4882.8125,0.9296647272727273,0.9295579797979797,453.90909090909093,453.8686868686869,0.0002475224196507828,0.09034618090911321
1,512,10,2441.40625,0.953250909090909,0.9533053737373738,232.72727272727272,232.7474747474747,0.00020378804676252841,0.07558903811664743
1,1024,10,1220.703125,0.953496,0.9533892525252524,116.45454545454545,116.41414141414141,0.0002475224196507828,0.09034618090908497
1,1280,10,976.5625,0.953250909090909,0.9533326060606062,93.0909090909091,93.12121212121212,0.00023107392510053642,0.08570991287109911
1,1518,10,823.4519104084321,0.989184,0.9892678787878787,81.45454545454545,81.48484848484848,0.0002372450388272806,0.08570991287109911
