cores,pkt_sz,target_rate,target_pps,rate_median,rate_mean,pps_median,pps_mean,rate_95ci,pps_95ci
1,64,1,1953.125,0.09309090909090909,0.09314537373737374,145.45454545454547,145.4747474747475,0.00020378804676248228,0.07558903811662379
1,128,1,976.5625,0.08340945454545455,0.08349333333333335,81.45454545454545,81.48484848484847,0.00023724503882718902,0.08570991287109911
1,256,1,488.28125,0.08340945454545455,0.08351983838383839,40.72727272727273,40.76767676767677,0.00024686433562598226,0.09034618090908497
1,512,1,244.140625,0.07149381818181817,0.07160347474747475,17.454545454545453,17.494949494949495,0.0002452286544221591,0.09034618090908497
1,1024,1,122.0703125,0.09532509090909091,0.09543620202020203,11.636363636363637,11.676767676767676,0.0002484807357793876,0.09034618090908145
1,1280,1,97.65625,0.059578181818181815,0.059687838383838385,5.818181818181818,5.858585858585858,0.000245228654422154,0.09034618090908234
1,1518,1,82.34519104084322,0.070656,0.07073915151515152,5.818181818181818,5.848484848484848,0.00023521498674791211,0.0857099128710966
