cores,pkt_sz,target_rate,target_pps,rate_median,rate_mean,pps_median,pps_mean,rate_95ci,pps_95ci
1,64,50,97656.25,4.740829090909091,4.740892121212122,7407.545454545455,7407.545454545454,0.0002648773023640065,0.14845392380564867
1,128,50,48828.125,4.343994181818181,4.34506303030303,4242.181818181818,4243.191919191919,0.007036675331493405,6.894958669608455
1,256,50,24414.0625,4.6359272727272725,4.635893575757575,2263.6363636363635,2263.606060606061,0.0003009577610245233,0.12121212121201097
1,512,50,12207.03125,4.790830545454546,4.790843636363637,1169.6363636363637,1169.6464646464647,0.00033813306914854774,0.10301049522410208
1,1024,50,6103.515625,4.862324363636363,4.862380282828282,593.5454545454545,593.5656565656566,0.00020923045750731838,0.07558903811667106
1,1280,50,4882.8125,4.862383272727272,4.862303757575757,474.90909090909093,474.8787878787879,0.00023422046233641727,0.0857099128711259
1,1518,50,4117.259552042161,4.899552,4.899633696969697,403.45454545454544,403.4848484848485,0.00023107392510011775,0.0857099128711259
