cores,pkt_sz,total_mean,total_stdev,total_95ci,total_median,user_mean,user_stdev,user_95ci,user_median,system_mean,system_stdev,system_95ci,system_median
1,64,0.0006251749142876517,0.0010828361642826999,0.0021656723285653997,0.0,0.00027760459961208094,0.0007851848951390694,0.0015703697902781388,0.0,0.00034757031467557787,0.0008654438602295721,0.0017308877204591441,0.0
1,128,0.0007626792329558127,0.0014181949100079158,0.0028363898200158316,0.0,0.0003463571929766518,0.000862423701200591,0.001724847402401182,0.0,0.00041632203997916777,0.0009309274728112283,0.0018618549456224567,0.0
1,256,0.0007637157107231759,0.0011513451803228374,0.002302690360645675,0.0,0.00034704904405652535,0.0008641456505768562,0.0017282913011537125,0.0,0.0004166666666666667,0.0009316949906249122,0.0018633899812498245,0.0
1,512,0.0007637157107231759,0.0011513451803228374,0.002302690360645675,0.0,0.0003470490440565254,0.0008641456505768561,0.0017282913011537123,0.0,0.0004166666666666667,0.0009316949906249121,0.0018633899812498243,0.0
1,1024,0.0008326406206705322,0.001316083692392024,0.002632167384784048,0.0,0.00034704904405652535,0.0008641456505768561,0.0017282913011537123,0.0,0.000416147132169576,0.000930534146370446,0.001861068292740892,0.0
1,1280,0.0010413211783962385,0.0013651323592019672,0.0027302647184039345,0.0,0.00048593793294541426,0.0009890790119795314,0.001978158023959063,0.0,0.00041666753472764765,0.0009316980963032688,0.0018633961926065375,0.0
1,1518,0.0009711831532280249,0.0013519107113085884,0.002703821422617177,0.0,0.00048593793294541426,0.0009890790119795314,0.001978158023959063,0.0,0.0004159739540038792,0.0009301468118531648,0.0018602936237063297,0.0
