cores,pkt_sz,total_mean,total_stdev,total_95ci,total_median,user_mean,user_stdev,user_95ci,user_median,system_mean,system_stdev,system_95ci,system_median
1,64,0.0007631961762260892,0.001292008968255873,0.002584017936511746,0.0,0.0004163203103352729,0.0009309212875108128,0.0018618425750216256,0.0,0.0003468758658908285,0.0008637146906761655,0.001727429381352331,0.0
1,128,0.0008326406206705291,0.0011775328808514042,0.0023550657617028084,0.0,0.0003468758658908285,0.0008637146906761655,0.001727429381352331,0.0,0.0004163203103352729,0.0009309212875108128,0.0018618425750216256,0.0
1,256,0.0008329887131238938,0.0013165254025943626,0.0026330508051887252,0.0,0.0003472239583441841,0.000864583193958985,0.00172916638791797,0.0,0.0004163203103352729,0.0009309212875108128,0.0018618425750216256,0.0
1,512,0.0009723988726318319,0.0015914714693390313,0.0031829429386780626,0.0,0.0005555581597384983,0.001458478024533981,0.002916956049067962,0.0,0.00034722222222222224,0.00086457636097144,0.00172915272194288,0.0
1,1024,0.0007633702224527669,0.0011508258785266905,0.002301651757053381,0.0,0.0004857647547797174,0.0009887268371311458,0.0019774536742622915,0.0,0.00027760546767306184,0.0007851887340524183,0.0015703774681048365,0.0
1,1280,0.0008326414887315133,0.0011775350314976961,0.0023550700629953922,0.0,0.00041666753472764765,0.0009316980963032689,0.0018633961926065377,0.0,0.0004159739540038792,0.0009301468118531647,0.0018602936237063295,0.0
1,1518,0.0007631961762260861,0.0011505627206543708,0.0023011254413087415,0.0,0.00027725824328068716,0.0007842052521406769,0.0015684105042813538,0.0,0.0004166666666666667,0.0009316949906249121,0.0018633899812498243,0.0
