cores,pkt_sz,total_mean,total_stdev,total_95ci,total_median,user_mean,user_stdev,user_95ci,user_median,system_mean,system_stdev,system_95ci,system_median
1,64,0.0009024322895073495,0.001200348822407535,0.00240069764481507,0.0,0.00041632117839625387,0.0009309243960933059,0.0018618487921866118,0.0,0.0004166666666666667,0.0009316949906249121,0.0018633899812498243,0.0
1,128,0.0007635425325574793,0.0011510844455858288,0.0023021688911716576,0.0,0.00041649348850096986,0.0009313082355154229,0.0018626164710308457,0.0,0.0003470490440565254,0.0008641456505768561,0.0017282913011537123,0.0
1,256,0.0007630255892872029,0.0012911178829531952,0.0025822357659063904,0.0,0.00041614799375249,0.0009305372245398355,0.001861074449079671,0.0,0.00027777864583875873,0.0007856780376495922,0.0015713560752991843,0.0
1,512,0.0008326406206705322,0.0013160836923920244,0.0026321673847840487,0.0,0.00034687586589082846,0.0008637146906761655,0.001727429381352331,0.0,0.0004163203103352729,0.0009309212875108128,0.0018618425750216256,0.0
1,1024,0.0009711831532280218,0.001217444032166111,0.002434888064332222,0.0,0.000416147132169576,0.000930534146370446,0.001861068292740892,0.0,0.00048559157661402053,0.0009883745064533781,0.0019767490129067563,0.0
1,1280,0.00090277951389973,0.001337598159732045,0.00267519631946409,0.0,0.0004168407128933445,0.0009320846573084598,0.0018641693146169197,0.0,0.00041666753472764765,0.0009316980963032686,0.0018633961926065373,0.0
1,1518,0.0008324674425048355,0.0013158646718322451,0.0026317293436644903,0.0,0.0003467026877251316,0.0008632834808957,0.0017265669617914,0.0,0.00034687586589082846,0.0008637146906761655,0.001727429381352331,0.0
