cores,pkt_sz,total_mean,total_stdev,total_95ci,total_median,user_mean,user_stdev,user_95ci,user_median,system_mean,system_stdev,system_95ci,system_median
1,64,0.0006244804655028968,0.0010816328927657913,0.0021632657855315826,0.0,0.00027725824328068716,0.0007842052521406769,0.0015684105042813538,0.0,0.00034722222222222224,0.00086457636097144,0.00172915272194288,0.0
1,128,0.0009010477192866246,0.0014579748629411217,0.0029159497258822433,0.0,0.0004158016374210962,0.0009297623647729766,0.0018595247295459531,0.0,0.0004852460818655406,0.0009876722167680707,0.0019753444335361414,0.0
1,256,0.000832814666897213,0.00131630457752768,0.00263260915505536,0.0,0.00041649435656195076,0.0009313113426449221,0.0018626226852898442,0.0,0.0003468758658908285,0.0008637146906761655,0.001727429381352331,0.0
1,512,0.000694271266278733,0.0011194792131909608,0.0022389584263819216,0.0,0.00034722222222222224,0.00086457636097144,0.00172915272194288,0.0,0.0002777777777777778,0.0007856742013183864,0.0015713484026367729,0.0
1,1024,0.0007633693543917889,0.0014202499215354807,0.0028404998430709614,0.0,0.00027760459961208094,0.0007851848951390696,0.0015703697902781392,0.0,0.00041649348850096986,0.0009313082355154228,0.0018626164710308455,0.0
1,1280,0.000694271266278733,0.0011194792131909608,0.0022389584263819216,0.0,0.00034722222222222224,0.00086457636097144,0.00172915272194288,0.0,0.0003470490440565254,0.0008641456505768561,0.0017282913011537123,0.0
1,1518,0.0008328137988362257,0.0011777776005294437,0.0023555552010588875,0.0,0.00027760459961208094,0.0007851848951390694,0.0015703697902781388,0.0,0.0004857647547797173,0.000988726837131146,0.001977453674262292,0.0
