cores,pkt_sz,total_mean,total_stdev,total_95ci,total_median,user_mean,user_stdev,user_95ci,user_median,system_mean,system_stdev,system_95ci,system_median
1,64,0.0006930607422846921,0.001511741714751811,0.003023483429503622,0.0,0.0002770859266979042,0.0007837187217351349,0.0015674374434702697,0.0,0.00027725910486360106,0.0007842090572714233,0.0015684181145428466,0.0
1,128,0.0008326414887315164,0.0013160856166292134,0.002632171233258427,0.0,0.0003465295095594348,0.0008628520208608277,0.0017257040417216554,0.0,0.00041666753472764765,0.0009316980963032688,0.0018633961926065375,0.0
1,256,0.0010420164952419713,0.0016021917959890576,0.0032043835919781153,0.0,0.0005557313379041952,0.001458708506911471,0.002917417013822942,0.0,0.0004168407128933445,0.0009320846573084598,0.0018641693146169197,0.0
1,512,0.0010395902518441234,0.0020676745394110113,0.004135349078822023,0.0,0.000623615436257339,0.0014843077658676061,0.0029686155317352123,0.0,0.00034653037114234863,0.0008628554099959315,0.001725710819991863,0.0
1,1024,0.0005552100672851377,0.0011934823660718114,0.0023869647321436227,0.0,0.00027743142144638405,0.000784695245627539,0.001569390491255078,0.0,0.00027777864583875873,0.0007856780376495922,0.0015713560752991843,0.0
1,1280,0.0009015663986788726,0.0014591300508663856,0.0029182601017327713,0.0,0.0004857656228406984,0.0009887297030029144,0.0019774594060058288,0.0,0.00034652950955943473,0.0008628520208608277,0.0017257040417216554,0.0
1,1518,0.0008326406206705291,0.0011775328808514042,0.0023550657617028084,0.0,0.00041649348850096986,0.0009313082355154228,0.0018626164710308455,0.0,0.00041614713216957613,0.0009305341463704462,0.0018610682927408923,0.0
