cores,pkt_sz,target_rate,target_pps,rate_median,rate_mean,pps_median,pps_mean,rate_95ci,pps_95ci
1,64,10,19531.25,0.0,0.0,0.0,0.0,0.0,0.0
1,128,10,9765.625,0.0,0.0,0.0,0.0,0.0,0.0
1,256,10,4882.8125,0.0,0.0,0.0,0.0,0.0,0.0
1,512,10,2441.40625,0.0,0.0,0.0,0.0,0.0,0.0
1,1024,10,1220.703125,0.0,0.0,0.0,0.0,0.0,0.0
1,1280,10,976.5625,0.0,0.0,0.0,0.0,0.0,0.0
1,1518,10,823.4519104084321,0.0,0.0,0.0,0.0,0.0,0.0
