cores,pkt_sz,total_mean,total_stdev,total_95ci,total_median,user_mean,user_stdev,user_95ci,user_median,system_mean,system_stdev,system_95ci,system_median
1,64,0.3760085418448485,0.020671193172043276,0.04134238634408655,0.37362637362637363,0.004435103057198903,0.005082976137928445,0.01016595227585689,0.005420094007050529,0.017319659465000605,0.010498431579270166,0.02099686315854033,0.01639344262295082
