cores,pkt_sz,total_mean,total_stdev,total_95ci,total_median,user_mean,user_stdev,user_95ci,user_median,system_mean,system_stdev,system_95ci,system_median
1,64,0.026319644047124377,0.01235591455817002,0.02471182911634004,0.02564102564102566,0.003966564336236383,0.004007902506161384,0.008015805012322769,0.005154639175257732,0.01253659126516144,0.006754816975399857,0.013509633950799713,0.010362694300518135
