cores,pkt_sz,total_mean,total_stdev,total_95ci,total_median,user_mean,user_stdev,user_95ci,user_median,system_mean,system_stdev,system_95ci,system_median
1,64,0.017781653596330087,0.008781353140688897,0.017562706281377793,0.01538461538461533,0.003372740111226542,0.003505581227151934,0.007011162454303868,0.005076142131979695,0.012393396587923768,0.00657200344862938,0.01314400689725876,0.010256410256410256
