cores,pkt_sz,total_mean,total_stdev,total_95ci,total_median,user_mean,user_stdev,user_95ci,user_median,system_mean,system_stdev,system_95ci,system_median
1,64,0.4419621990196961,0.03976665397311966,0.07953330794623932,0.43646408839779005,0.0040600725052613645,0.004798045262050118,0.009596090524100235,0.005376344086021506,0.017159885497399257,0.009510198919894778,0.019020397839789555,0.01639344262295082
