cores,pkt_sz,total_mean,total_stdev,total_95ci,total_median,user_mean,user_stdev,user_95ci,user_median,system_mean,system_stdev,system_95ci,system_median
1,64,0.03750646733528057,0.019161402527724747,0.038322805055449494,0.03664921465968585,0.0039647781097864,0.004657567397055956,0.009315134794111913,0.005221967713787086,0.014074148114312712,0.010844749228460035,0.02168949845692007,0.0106951871657754
