cores,pkt_sz,total_mean,total_stdev,total_95ci,total_median,user_mean,user_stdev,user_95ci,user_median,system_mean,system_stdev,system_95ci,system_median
1,64,0.32453811663793275,0.028874328014990912,0.057748656029981825,0.3189189189189189,0.00517062435142072,0.0073242868890576115,0.014648573778115223,0.005376344086021506,0.017762549406830863,0.01626218327188459,0.03252436654376918,0.016216216216216217
