cores,pkt_sz,mwatt_mean,mwatt_stdev,mwatt_95ci,mwatt_median
1,64,1685.3392592592593,81.74405684256767,3.091184408601066,1696.0
