cores,pkt_sz,mwatt_mean,mwatt_stdev,mwatt_95ci,mwatt_median
1,64,1705.5185185185185,70.97405387697069,2.6839124119106827,1711.0
