cores,pkt_sz,target_rate,target_pps,rate_median,rate_mean,pps_median,pps_mean,rate_95ci,pps_95ci
1,64,0.5,976.5625,0.4690618181818182,0.4690888888888889,732.9090909090909,732.8181818181818,0.00497468371372767,7.76751257527012
