cores,pkt_sz,target_rate,target_pps,rate_median,rate_mean,pps_median,pps_mean,rate_95ci,pps_95ci
1,64,1,1953.125,0.9404698181818182,0.9403731717171718,1469.3636363636363,1469.2323232323233,0.005523828398151706,8.603119903516335
