cores,pkt_sz,target_rate,target_pps,rate_median,rate_mean,pps_median,pps_mean,rate_95ci,pps_95ci
1,64,10,19531.25,4.478034181818182,4.501942383838385,6996.636363636364,7034.252525252525,0.1603187079772169,250.5174043874605
