cores,pkt_sz,target_rate,target_pps,rate_median,rate_mean,pps_median,pps_mean,rate_95ci,pps_95ci
1,64,100,195312.5,1.3154327272727273,1.2946399191919191,2055.3636363636365,2022.676767676768,0.12250521167783437,191.5167071496296
