cores,pkt_sz,target_rate,target_pps,rate_median,rate_mean,pps_median,pps_mean,rate_95ci,pps_95ci
1,64,50,97656.25,1.9773796363636365,1.986501575757576,3089.3636363636365,3103.7777777777774,0.0811669692172592,126.89606923183712
