cores,pkt_sz,target_rate,target_pps,rate_median,rate_mean,pps_median,pps_mean,rate_95ci,pps_95ci
1,64,0.1,195.3125,0.091248,0.09091862626262626,142.54545454545453,141.95959595959596,0.0014862137160841094,2.171881600540568
