cores,pkt_sz,total_mean,total_stdev,total_95ci,total_median,user_mean,user_stdev,user_95ci,user_median,system_mean,system_stdev,system_95ci,system_median
1,64,0.03875967977524845,0.013045160498807034,0.026090320997614068,0.03645833333333337,0.0044522859661983456,0.004928770572895085,0.00985754114579017,0.005208333333333333,0.02396513087253862,0.008043957817987208,0.016087915635974417,0.02127659574468085
1,128,0.030437289689316128,0.015129389330373007,0.030258778660746014,0.02604166666666663,0.003830029182942212,0.0049724559687185,0.009944911937437,0.005128205128205128,0.01899486515506617,0.009885441867552901,0.019770883735105802,0.015625
1,256,0.02720958053403945,0.011575765996505854,0.023151531993011707,0.02564102564102566,0.0040324654859142965,0.004230310949093181,0.008460621898186362,0.005128205128205128,0.016351181609034874,0.007565703388107889,0.015131406776215777,0.015384615384615385
1,512,0.023548421351880015,0.00972595628481402,0.01945191256962804,0.020725388601036232,0.003355185874683344,0.003705181489828438,0.007410362979656876,0.005076142131979695,0.01456213154511338,0.006534762174219232,0.013069524348438465,0.015306122448979591
1,1024,0.01871857695707524,0.008939426387829807,0.017878852775659614,0.01538461538461533,0.0036603765471449955,0.004115865351839431,0.008231730703678861,0.005076142131979695,0.01332288000325722,0.006080488627390806,0.012160977254781612,0.010309278350515464
1,1280,0.01939704749271012,0.010363024559358678,0.020726049118717355,0.01538461538461533,0.0038480373996399825,0.004174080463129987,0.008348160926259974,0.005076142131979695,0.013847135411696328,0.00712971301866834,0.01425942603733668,0.015228426395939087
1,1518,0.02078755043492422,0.01723483378452247,0.03446966756904494,0.01538461538461533,0.004357712452754966,0.005180168176841398,0.010360336353682796,0.005076142131979695,0.014718519241011408,0.01223504387341163,0.02447008774682326,0.0103359863255168
