cores,pkt_sz,total_mean,total_stdev,total_95ci,total_median,user_mean,user_stdev,user_95ci,user_median,system_mean,system_stdev,system_95ci,system_median
1,64,0.4693052517789824,0.022990672703138943,0.045981345406277886,0.46467286959090237,0.008765399647393677,0.005837824507960131,0.011675649015920261,0.005555555555555556,0.09141236828674586,0.011325965847577934,0.022651931695155867,0.0918918918918919
1,128,0.5316793796137196,0.018716800984293108,0.037433601968586215,0.5298921872692364,0.012248945503858117,0.006490687456870052,0.012981374913740105,0.011019367372958534,0.1449157256977853,0.013095489445730375,0.02619097889146075,0.14594594594594595
1,256,0.5848259590270374,0.024278195297063185,0.04855639059412637,0.5808253739412507,0.013783504796700282,0.007329602687818755,0.01465920537563751,0.011235955056179775,0.16622131027344525,0.012527330556321095,0.02505466111264219,0.16576062871155495
1,512,0.5828260038177315,0.029140988801845853,0.058281977603691706,0.5826373626373627,0.015006733779310914,0.00896006949323504,0.01792013898647008,0.011594300309181342,0.1615727795565019,0.015947724588352537,0.031895449176705074,0.16
1,1024,0.20039573051837467,0.04757564589563433,0.09515129179126866,0.1875,0.013748693560838103,0.011500795433249666,0.023001590866499333,0.012422360248447204,0.09279558885630776,0.017528817753776217,0.035057635507552434,0.09202453987730061
1,1280,0.1600090557088364,0.026526982202396018,0.053053964404792035,0.15204678362573099,0.013886946682368577,0.007977422613920107,0.015954845227840214,0.012195121951219513,0.079563516318669,0.01335822789804945,0.0267164557960989,0.07878787878787878
1,1518,0.13994529264701341,0.022721474325854377,0.04544294865170875,0.13772455089820357,0.01235474381251276,0.006590116481120071,0.013180232962240142,0.011834319526627219,0.07390946428875929,0.01237750424825246,0.02475500849650492,0.07228915662650602
