cores,pkt_sz,total_mean,total_stdev,total_95ci,total_median,user_mean,user_stdev,user_95ci,user_median,system_mean,system_stdev,system_95ci,system_median
1,64,0.3560791773932696,0.028727423600599773,0.057454847201199546,0.3537414965986394,0.016595928088549355,0.007325772392301755,0.01465154478460351,0.014084507042253521,0.1824335587283087,0.018244503441169756,0.03648900688233951,0.18120805369127516
1,128,0.19308776914301298,0.019173938739596774,0.03834787747919355,0.18902439024390238,0.00992496344975086,0.0056841460984432225,0.011368292196886445,0.011904761904761904,0.09587501581136547,0.01220346523196293,0.02440693046392586,0.0963855421686747
1,256,0.12733538643105274,0.016660131056456185,0.03332026211291237,0.12429378531073443,0.007146143529559032,0.005669635103437259,0.011339270206874518,0.005665767847971238,0.056992985860970936,0.009847476871865388,0.019694953743730776,0.05649717514124294
1,512,0.09012239474692592,0.019928704760122005,0.03985740952024401,0.08695652173913049,0.005132581796191937,0.005380696794976612,0.010761393589953224,0.005390874745713456,0.03647731267588063,0.011145065111729966,0.022290130223459933,0.03723404255319149
1,1024,0.04394994808140791,0.01689624372593299,0.03379248745186598,0.04166666666666663,0.005037254153068994,0.004341930661879612,0.008683861323759224,0.005263157894736842,0.024102150975666564,0.008407333342967071,0.016814666685934142,0.02127659574468085
1,1280,0.040150518329811195,0.017146458528637654,0.03429291705727531,0.03664921465968585,0.0056315914626413124,0.005015943161530584,0.010031886323061168,0.005235602094240838,0.023425862536622762,0.010572786582343764,0.02114557316468753,0.020997519977955362
1,1518,0.03562275332586113,0.014216389975505606,0.028432779951011213,0.03157894736842104,0.004974312550183287,0.005120041265704046,0.010240082531408092,0.005235602094240838,0.021176025031932357,0.009828013942499584,0.019656027884999167,0.020833333333333332
