cores,pkt_sz,total_mean,total_stdev,total_95ci,total_median,user_mean,user_stdev,user_95ci,user_median,system_mean,system_stdev,system_95ci,system_median
1,64,0.020665674480750212,0.012543753219428395,0.02508750643885679,0.01538461538461533,0.004639538736211344,0.005067580289528887,0.010135160579057775,0.005089091474153113,0.014259510621098896,0.008436306559903583,0.016872613119807166,0.010309278350515464
1,128,0.017735033583738492,0.009311878799844483,0.018623757599688966,0.015306122448979553,0.0038430483843679723,0.0039297070020895535,0.007859414004179107,0.005076142131979695,0.01297878216074695,0.00718726508547092,0.01437453017094184,0.010256410256410256
1,256,0.016778433142658034,0.009581462105342069,0.019162924210684138,0.015306122448979553,0.004057090533573245,0.004702967092785775,0.00940593418557155,0.005076142131979695,0.011775518239895554,0.006026768904327051,0.012053537808654102,0.010256410256410256
1,512,0.0177380283172462,0.009446733948840868,0.018893467897681735,0.015306122448979553,0.0043085697239050565,0.004179055000495659,0.008358110000991318,0.005076142131979695,0.012769676721999617,0.006440469657562617,0.012880939315125234,0.010256410256410256
1,1024,0.018346462741154645,0.014513263931788912,0.029026527863577824,0.015306122448979553,0.004469590541551987,0.005274217468010116,0.010548434936020232,0.005076142131979695,0.013406054827783473,0.009951497722328308,0.019902995444656617,0.010256410256410256
1,1280,0.0169159371276672,0.008669590541541388,0.017339181083082775,0.015306122448979553,0.004086661021572167,0.00410767152879813,0.00821534305759626,0.005076142131979695,0.012514801877351205,0.006698104837708913,0.013396209675417827,0.010256410256410256
1,1518,0.017679383001503075,0.0111005548766255,0.022201109753251,0.015306122448979553,0.0040275741397897795,0.004116576577797047,0.008233153155594093,0.005076142131979695,0.013274649835583923,0.00792749143115178,0.01585498286230356,0.010256410256410256
