cores,pkt_sz,target_rate,target_pps,rate_median,rate_mean,pps_median,pps_mean,rate_95ci,pps_95ci
1,64,0.1,195.3125,0.09309090909090909,0.09309090909090909,145.45454545454547,145.45454545454547,0.0,0.0
1,128,0.1,97.65625,0.08340945454545455,0.08340945454545455,81.45454545454545,81.45454545454545,0.0,0.0
1,256,0.1,48.828125,0.08340945454545455,0.08352056565656567,40.72727272727273,40.76767676767677,0.0003414144378696917,0.12453361622159544
1,512,0.1,24.4140625,0.07149381818181817,0.07154973737373738,17.454545454545453,17.474747474747474,0.00020923045750687987,0.07558903811664743
1,1024,0.1,12.20703125,0.09532509090909091,0.09540896969696971,11.636363636363637,11.666666666666668,0.00023724503882720208,0.08570991287109576
1,1280,0.1,9.765625,0.11915636363636363,0.10599846464646465,11.636363636363637,10.373737373737374,0.049494883292175884,4.822235340399315
1,1518,0.1,8.234519104084322,0.141312,0.10999103030303031,11.636363636363637,9.08080808080808,0.07025540384526938,5.796325389557633
