cores,pkt_sz,target_rate,target_pps,rate_median,rate_mean,pps_median,pps_mean,rate_95ci,pps_95ci
1,64,10,19531.25,9.510749090909092,9.50866884848485,14860.545454545454,14857.262626262624,0.007639353842646272,11.833694386124579
1,128,10,9765.625,8.675421090909092,8.67615208080808,8472.09090909091,8472.737373737373,0.009148504021758524,8.863600391304884
1,256,10,4882.8125,9.294754909090909,9.294818101010101,4538.454545454545,4538.474747474747,0.00033613706204064413,0.166590126288117
1,512,10,2441.40625,9.626344727272727,9.61906408080808,2350.181818181818,2348.414141414142,0.021482616160035956,5.245916588449884
1,1024,10,1220.703125,9.771566545454546,9.771650424242424,1192.8181818181818,1192.848484848485,0.0002372450388268619,0.08570991287123308
1,1280,10,976.5625,9.807378909090907,9.833744808080809,957.8181818181819,960.3636363636365,0.05907469650500644,5.7329617407928755
1,1518,10,823.4519104084321,9.916373090909092,9.916266343434344,816.6363636363636,816.5959595959596,0.0002475224196507497,0.09034618090911321
