cores,pkt_sz,total_mean,total_stdev,total_95ci,total_median,user_mean,user_stdev,user_95ci,user_median,system_mean,system_stdev,system_95ci,system_median
1,64,0.30331378747001125,0.02286489578432938,0.04572979156865876,0.29888878484252585,0.23149759863675332,0.008438253814897463,0.016876507629794927,0.23076923076923078,0.021913581554184578,0.009940630384680377,0.019881260769360753,0.021505997976586214
