cores,pkt_sz,total_mean,total_stdev,total_95ci,total_median,user_mean,user_stdev,user_95ci,user_median,system_mean,system_stdev,system_95ci,system_median
1,64,0.03243377616289397,0.010965661398941453,0.021931322797882905,0.030612244897959218,0.021353355365463723,0.00671077591704301,0.01342155183408602,0.02040816326530612,0.010074809293045864,0.006767055597238752,0.013534111194477503,0.01020408163265306
