cores,pkt_sz,total_mean,total_stdev,total_95ci,total_median,user_mean,user_stdev,user_95ci,user_median,system_mean,system_stdev,system_95ci,system_median
1,64,0.49687301194408673,0.1311331268965866,0.2622662537931732,0.5762965425531915,0.1229544453622118,0.10801273115214052,0.21602546230428105,0.20212765957446807,0.017677623894346187,0.012298079305603364,0.024596158611206728,0.016129032258064516
