cores,pkt_sz,total_mean,total_stdev,total_95ci,total_median,user_mean,user_stdev,user_95ci,user_median,system_mean,system_stdev,system_95ci,system_median
1,64,0.19447985068969587,0.05499941512155441,0.10999883024310882,0.22395833333333337,0.16881301159448692,0.0459330319960565,0.091866063992113,0.19689119170984457,0.014413963270761429,0.007817977428087788,0.015635954856175575,0.015463917525773196
