cores,pkt_sz,total_mean,total_stdev,total_95ci,total_median,user_mean,user_stdev,user_95ci,user_median,system_mean,system_stdev,system_95ci,system_median
1,64,0.5100510307525379,0.11611320106582161,0.23222640213164322,0.5820105820105821,0.16943668082518062,0.09180817549644084,0.18361635099288168,0.2192513368983957,0.024728774035454253,0.013463480395774894,0.026926960791549787,0.02197802197802198
