cores,pkt_sz,mwatt_mean,mwatt_stdev,mwatt_95ci,mwatt_median
1,64,1846.0562962962963,243.836168011899,9.220762828826196,1794.0
