cores,pkt_sz,target_rate,target_pps,rate_median,rate_mean,pps_median,pps_mean,rate_95ci,pps_95ci
1,64,10,19531.25,1.1654007272727274,1.2417332525252527,1820.6363636363637,1940.010101010101,0.25247231226897127,394.39872935723344
