cores,pkt_sz,target_rate,target_pps,rate_median,rate_mean,pps_median,pps_mean,rate_95ci,pps_95ci
1,64,100,195312.5,0.934050909090909,0.5855587070707071,1459.4545454545455,914.7373737373738,1.0112758321418336,1580.1501258302035
