cores,pkt_sz,total_mean,total_stdev,total_95ci,total_median,user_mean,user_stdev,user_95ci,user_median,system_mean,system_stdev,system_95ci,system_median
1,64,0.614370834845337,0.08662329738087984,0.1732465947617597,0.6346646185355862,0.04360003568939906,0.019815951147893383,0.03963190229578677,0.04800034133576061,0.17674057361711834,0.06095539405444752,0.12191078810889504,0.19576719576719576
1,128,0.6299532932669565,0.09527997372213597,0.19055994744427193,0.6518095474579428,0.0394102620249262,0.020392026874632846,0.04078405374926569,0.03399460708782742,0.20973298053086864,0.022129734558790137,0.044259469117580275,0.21294035577258458
1,256,0.6801574337473814,0.03270918909645644,0.06541837819291288,0.6802375772644083,0.03253709070227987,0.00878863556006145,0.0175772711201229,0.03208556149732621,0.20738909813450318,0.01915169479362693,0.03830338958725386,0.2103767942583732
1,512,0.6598055031794209,0.08594613904867641,0.17189227809735283,0.6834745762711865,0.029520521743071633,0.014059460598329103,0.028118921196658205,0.029850746268656716,0.18425388323487288,0.06640010228269558,0.13280020456539116,0.20786516853932585
1,1024,0.5076482247973203,0.07591384766203295,0.1518276953240659,0.523334370416463,0.024963136037934576,0.014022019038324111,0.028044038076648223,0.02228561978003804,0.21036535730039674,0.017628167117601148,0.035256334235202295,0.21172949566989302
1,1280,0.3901230051786362,0.033486685527864074,0.06697337105572815,0.3931034482758621,0.055947844630392575,0.014302977909841976,0.02860595581968395,0.0547945205479452,0.1759549446482078,0.018056800992188992,0.036113601984377984,0.1772511636233441
1,1518,0.36543667690771936,0.024837340950696816,0.04967468190139363,0.368421052631579,0.06860618091557742,0.01431486126830053,0.02862972253660106,0.0668903803131991,0.16340186315296767,0.01866365349252755,0.0373273069850551,0.1643835616438356
