cores,pkt_sz,total_mean,total_stdev,total_95ci,total_median,user_mean,user_stdev,user_95ci,user_median,system_mean,system_stdev,system_95ci,system_median
1,64,0.2644431966516372,0.008534911938287343,0.017069823876574686,0.26410404776307833,0.1039029309746163,0.012197448744133333,0.024394897488266665,0.10416666666666667,0.15063246744763578,0.012700144927621736,0.025400289855243473,0.15025906735751296
1,128,0.2623480865052854,0.017130569586179735,0.03426113917235947,0.25888324873096447,0.10550930092292028,0.014363396448253674,0.02872679289650735,0.10362694300518134,0.15014447248753907,0.016148632400322622,0.032297264800645244,0.14871794871794872
1,256,0.26062717969604277,0.008603068483292486,0.017206136966584972,0.25963571957280324,0.10508233330253036,0.011962533379815907,0.023925066759631814,0.10606060606060606,0.1495880413780608,0.012480791187461936,0.024961582374923873,0.1507537688442211
1,512,0.2699175170687736,0.050689293227444365,0.10137858645488873,0.2562814070351759,0.105219274523602,0.012762086971654743,0.025524173943309487,0.10552763819095477,0.14820145999710035,0.013085450544920186,0.02617090108984037,0.14833856619570907
1,1024,0.2553360208884853,0.008024926875890973,0.016049853751781945,0.255,0.10849218004361043,0.013266001782364402,0.026532003564728804,0.11027638190954775,0.14516310658332418,0.013508059121177331,0.027016118242354663,0.1457286432160804
1,1280,0.25583778835666043,0.0075792630374246234,0.015158526074849247,0.255,0.10960867062635042,0.012157186504829972,0.024314373009659943,0.11055276381909548,0.1441408499598312,0.012796097145202624,0.025592194290405247,0.145
1,1518,0.2566371585364563,0.01245214521388922,0.02490429042777844,0.25380710659898476,0.10581807632426896,0.014787861415634884,0.029575722831269767,0.10606060606060606,0.1482929414907341,0.01689549914431827,0.03379099828863654,0.14720812182741116
