cores,pkt_sz,total_mean,total_stdev,total_95ci,total_median,user_mean,user_stdev,user_95ci,user_median,system_mean,system_stdev,system_95ci,system_median
1,64,0.2605554534690065,0.011218118502326922,0.022436237004653845,0.25773195876288657,0.10597261685476879,0.013469598500393367,0.026939197000786733,0.10606060606060606,0.14847932727993512,0.013726632898805258,0.027453265797610517,0.14871794871794872
1,128,0.25823605140731076,0.007777319766753314,0.015554639533506628,0.2562814070351759,0.10693016431965198,0.012653295735656026,0.02530659147131205,0.1065989847715736,0.14735882340014772,0.012950511487883233,0.025901022975766467,0.14720812182741116
1,256,0.25785476193179213,0.012102535041812221,0.024205070083624443,0.2562814070351759,0.10700211296495586,0.013659940728581165,0.02731988145716233,0.10606060606060606,0.1478238446347776,0.015445670406925474,0.030891340813850948,0.14683638414602881
1,512,0.25554749384299347,0.009289192204208048,0.018578384408416096,0.2525252525252525,0.10666712755757199,0.015179226422227222,0.030358452844454445,0.10552763819095477,0.14676093068122845,0.015286448911653677,0.030572897823307355,0.14609664484036344
1,1024,0.2571585068928613,0.01131376952381046,0.02262753904762092,0.255,0.10752646849848578,0.015594934307895521,0.031189868615791042,0.1065989847715736,0.14760176484894696,0.016150198910884664,0.03230039782176933,0.14646464646464646
1,1280,0.25590513137703935,0.012174906574590458,0.024349813149180916,0.2525252525252525,0.10744772098350573,0.014150846311847848,0.028301692623695696,0.1065989847715736,0.14752146369632457,0.016296450384088376,0.03259290076817675,0.14646464646464646
1,1518,0.2542910868042287,0.008505126222544665,0.01701025244508933,0.2525252525252525,0.10705951950138037,0.013459886936988607,0.026919773873977215,0.10606060606060606,0.14629844704656694,0.013753159267306112,0.027506318534612224,0.14609664484036344
