cores,pkt_sz,total_mean,total_stdev,total_95ci,total_median,user_mean,user_stdev,user_95ci,user_median,system_mean,system_stdev,system_95ci,system_median
1,64,0.38583251161359017,0.04804026170878418,0.09608052341756836,0.4,0.04890982855036361,0.018932805322595215,0.03786561064519043,0.045603089720736775,0.1965816618550128,0.021975524304122165,0.04395104860824433,0.1986754966887417
1,128,0.33384048746961,0.019194742288216802,0.038389484576433604,0.33532934131736525,0.07605313697320319,0.012421518226757725,0.02484303645351545,0.07647058823529412,0.17069354743496054,0.014949968749015856,0.02989993749803171,0.1696969696969697
1,256,0.313885197900572,0.013781652911386468,0.027563305822772936,0.3149171270718232,0.09028110164804662,0.01169519830800559,0.02339039661601118,0.08839779005524862,0.15990100541104635,0.013386287742958615,0.02677257548591723,0.15934065934065933
1,512,0.29797867016490476,0.018490529878189825,0.03698105975637965,0.2997326203208556,0.09858973571236444,0.01345388396313429,0.02690776792626858,0.1,0.15425432820257,0.014356876716370431,0.028713753432740862,0.15425531914893617
1,1024,0.2630559644179337,0.007880393166128036,0.015760786332256072,0.2615384615384615,0.10529851293190981,0.011568309411826754,0.023136618823653508,0.10416666666666667,0.1467883810707246,0.011662354695940621,0.023324709391881242,0.14720812182741116
1,1280,0.2622086945982404,0.009569004676183098,0.019138009352366196,0.25888324873096447,0.10454204676621959,0.01143452330638605,0.0228690466127721,0.10416666666666667,0.14848564606497422,0.01254162009465556,0.02508324018931112,0.14795918367346939
1,1518,0.26048018345583207,0.010911696227483812,0.021823392454967623,0.25888324873096447,0.10458645975304647,0.013062476859634633,0.026124953719269265,0.10309278350515463,0.1484070817859509,0.013688736093686307,0.027377472187372614,0.14720812182741116
