cores,pkt_sz,target_rate,target_pps,rate_median,rate_mean,pps_median,pps_mean,rate_95ci,pps_95ci
1,64,10,19531.25,9.510807272727273,9.511899636363637,14860.636363636364,14862.242424242424,0.006811217919189783,10.719908446356337
1,128,10,9765.625,8.675573090909092,8.676793373737375,8472.09090909091,8473.363636363638,0.0048102409000564976,4.762880655608998
1,256,10,4882.8125,9.294754909090909,9.29491321212121,4538.454545454545,4538.515151515152,0.00040148089505114595,0.1484539238057312
1,512,10,2441.40625,9.604747636363637,9.604829333333335,2344.909090909091,2344.939393939394,0.00023107392509928037,0.08570991287101871
1,1024,10,1220.703125,9.771566545454546,9.771648242424243,1192.8181818181818,1192.848484848485,0.00023107392510095514,0.08570991287123308
1,1280,10,976.5625,9.807127272727273,9.820448565656566,957.7272727272727,959.0505050505049,0.04958222011029146,4.854625740728338
1,1518,10,823.4519104084321,9.916128,9.90835903030303,816.5454545454545,815.9292929292928,0.04446840842810373,3.67931979358339
