cores,pkt_sz,target_rate,target_pps,rate_median,rate_mean,pps_median,pps_mean,rate_95ci,pps_95ci
1,64,50,97656.25,4.90944,5.249232404040404,7671.0,8201.828282828283,1.6323630608832858,2550.644958418902
1,128,50,48828.125,12.118202181818182,12.041153616161616,11834.181818181818,11758.888888888889,0.5195751311872318,507.39647147710923
1,256,50,24414.0625,27.268248,27.221290909090907,13314.545454545454,13291.636363636364,0.7177372136974357,350.46919619836837
1,512,50,12207.03125,47.87131418181818,47.88054262626262,11687.363636363636,11689.595959595961,0.025664970094901932,6.251015630162526
1,1024,50,6103.515625,48.77665745454545,48.77591167676768,5954.181818181818,5954.11111111111,0.004743951437407432,0.5986073692941248
1,1280,50,4882.8125,48.951854545454545,48.9601642020202,4780.454545454545,4781.30303030303,0.07990071051877277,7.836248798052535
1,1518,50,4117.259552042161,49.125792,49.10958771717171,4045.2727272727275,4043.969696969697,0.05825790952168024,4.832549570727212
