cores,pkt_sz,target_rate,target_pps,rate_median,rate_mean,pps_median,pps_mean,rate_95ci,pps_95ci
1,64,0.1,195.3125,0.09309090909090909,0.09325648484848485,145.45454545454547,145.5151515151515,0.00046831896392768616,0.1714198257421714
1,128,0.1,97.65625,0.08340945454545455,0.08357503030303032,81.45454545454545,81.51515151515153,0.0004683189639276731,0.17141982574219822
1,256,0.1,48.828125,0.08340945454545455,0.08354707070707072,40.72727272727273,40.77777777777778,0.0004126347048578157,0.15117807623328938
1,512,0.1,24.4140625,0.07149381818181817,0.07165939393939393,17.454545454545453,17.515151515151516,0.00046831896392768616,0.17141982574219486
1,1024,0.1,12.20703125,0.09532509090909091,0.09549066666666667,11.636363636363637,11.696969696969695,0.00046831896392766003,0.1714198257421932
1,1280,0.1,9.765625,0.06007490909090909,0.07960315151515152,6.0,7.8181818181818175,0.055938159338685636,5.4017648376138645
1,1518,0.1,8.234519104084322,0.141312,0.11787111111111111,11.636363636363637,9.737373737373737,0.06642005780856512,5.4149705380515725
