cores,pkt_sz,total_mean,total_stdev,total_95ci,total_median,user_mean,user_stdev,user_95ci,user_median,system_mean,system_stdev,system_95ci,system_median
1,64,0.12559928542956167,0.0008373468526415031,0.0016746937052830061,0.12531328320802004,0.0001388888888888889,0.0005726535591135642,0.0011453071182271283,0.0,0.00027760459961208094,0.0007851848951390696,0.0015703697902781392,0.0
1,128,0.12572076969578277,0.0009394431699433508,0.0018788863398867017,0.12531328320802004,0.0001388888888888889,0.000572653559113564,0.001145307118227128,0.0,0.00041649348850096986,0.0009313082355154228,0.0018626164710308455,0.0
1,256,0.12565089252293932,0.0010143863049751315,0.002028772609950263,0.12531328320802004,0.000138715710723192,0.0005719399991753262,0.0011438799983506524,0.0,0.0003467026877251316,0.0008632834808957,0.0017265669617914,0.0
1,512,0.008050188390769156,0.002410201778569033,0.004820403557138066,0.008130081300813052,0.0004508650660094403,0.001008176266890922,0.002016352533781844,0.0,0.0006775112070518588,0.0011734889614164034,0.002346977922832807,0.0
1,1024,0.0008726023423296277,0.0013789869913379763,0.0027579739826759527,0.0,0.0002906769221889586,0.0008221590831576015,0.001644318166315203,0.0,0.0005093985852117525,0.0010368312821437378,0.0020736625642874757,0.0
1,1280,0.001090754422879157,0.0012906020810529355,0.002581204162105871,0.0,0.0002183409447292038,0.0007241555936643855,0.001448311187328771,0.0,0.00043668288610315513,0.0009764548469000951,0.0019529096938001901,0.0
1,1518,0.0016061048590763503,0.0016684789056473019,0.0033369578112946038,0.002617801047120394,0.0003649275251892044,0.0009086717944462244,0.0018173435888924488,0.0,0.0008037219532692947,0.0012116704494514242,0.0024233408989028484,0.0
