cores,pkt_sz,total_mean,total_stdev,total_95ci,total_median,user_mean,user_stdev,user_95ci,user_median,system_mean,system_stdev,system_95ci,system_median
1,64,0.0033415828243555717,0.0018865033248292072,0.0037730066496584145,0.002564102564102555,0.0009237446301136697,0.0012287004881940107,0.0024574009763880214,0.0,0.0021340271667034147,0.0011288193981769247,0.0022576387963538494,0.0025575447570332483
1,128,0.003449077225345114,0.002241556511226032,0.004483113022452064,0.0025445292620864812,0.001055033511018861,0.0012483356550595317,0.0024966713101190635,0.0,0.0022532182522259792,0.001552875982255863,0.003105751964511726,0.0025380710659898475
1,256,0.0030146979612784256,0.001954125048114863,0.003908250096229726,0.0025316455696202667,0.0009806309117654233,0.0012292893005647872,0.0024585786011295744,0.0,0.0020340670495130027,0.0011624165478488209,0.0023248330956976418,0.0025252525252525255
1,512,0.0030071055201283023,0.0019473880942907213,0.0038947761885814425,0.002525252525252486,0.0010483102592927934,0.0012403818254224693,0.0024807636508449387,0.0,0.001888826047289479,0.001375022570199415,0.00275004514039883,0.002515727250863891
1,1024,0.0035659810592990984,0.0018119885999090806,0.003623977199818161,0.002525252525252486,0.001258042965680761,0.0012580484678264938,0.0025160969356529876,0.0012531328320802004,0.0023079380936183395,0.00108809358929016,0.00217618717858032,0.0025188916876574307
1,1280,0.0032156005157030396,0.0017378339019970665,0.003475667803994133,0.002525252525252486,0.0011177493962957802,0.0012496834853305465,0.002499366970661093,0.0,0.002097851119407263,0.0012576392930507662,0.0025152785861015325,0.0025188916876574307
1,1518,0.0030760207625003377,0.0023781374115897816,0.004756274823179563,0.0025188916876573986,0.001118633727242623,0.0016191550956506527,0.0032383101913013054,0.0,0.0018874178217116778,0.0013730998527063383,0.0027461997054126766,0.0025188916876574307
