cores,pkt_sz,total_mean,total_stdev,total_95ci,total_median,user_mean,user_stdev,user_95ci,user_median,system_mean,system_stdev,system_95ci,system_median
1,64,0.12559032498350095,0.0007808504503612738,0.0015617009007225476,0.12531328320802004,6.927126627874757e-05,0.00040981433798140875,0.0008196286759628175,0.0,0.0003467026877251316,0.0008632834808957,0.0017265669617914,0.0
1,128,0.1255381546254185,0.0010840059655243543,0.0021680119310487087,0.12531328320802004,0.00013854253255749514,0.0005712254953751262,0.0011424509907502524,0.0,0.0002079869770019396,0.0006898152857125658,0.0013796305714251316,0.0
1,256,0.008762027041761829,0.0025450599490230556,0.005090119898046111,0.008108108108108136,0.000224619237096413,0.0007449796983271487,0.0014899593966542974,0.0,0.00037376301603121373,0.0009306680358767279,0.0018613360717534557,0.0
1,512,0.0011617593734921845,0.0015635134009849116,0.003127026801969823,0.0,0.0002902972005401161,0.0008210850689203946,0.0016421701378407892,0.0,0.0007260287814453825,0.0011706886643506563,0.0023413773287013127,0.0
1,1024,0.002638632187621926,0.0019637121200134964,0.003927424240026993,0.0026315789473684292,0.0005132655501484948,0.0010447342429565662,0.0020894684859131324,0.0,0.0011000164355565755,0.0013016096944687672,0.0026032193889375345,0.0
1,1280,0.003016562960655266,0.0023401920681211954,0.004680384136242391,0.002673796791443861,0.0006623854442870987,0.0011473272160357221,0.0022946544320714443,0.0,0.001473287124010215,0.0013178040462804759,0.0026356080925609517,0.0026281254316894596
1,1518,0.0032471611943535317,0.0023479142349727383,0.004695828469945477,0.0026631205673758873,0.0009590594687460562,0.0014199395206263745,0.002839879041252749,0.0,0.0019200860319212908,0.001486773380604204,0.002973546761208408,0.0026490112697009245
