cores,pkt_sz,total_mean,total_stdev,total_95ci,total_median,user_mean,user_stdev,user_95ci,user_median,system_mean,system_stdev,system_95ci,system_median
1,64,0.003035569859982382,0.0017841707391390048,0.0035683414782780097,0.0026041666666666297,0.0009396439175730951,0.00124984670456816,0.00249969340913632,0.0,0.0018792878351461902,0.0014518895706619977,0.0029037791413239955,0.0025974025974025974
1,128,0.002778521415241039,0.0018494077344835328,0.0036988154689670655,0.0025706940874036244,0.0009977040442488443,0.0012506931963710008,0.0025013863927420017,0.0,0.0016387315511570107,0.00123202092464087,0.00246404184928174,0.0025575447570332483
1,256,0.002959671344648076,0.0018388163406697544,0.003677632681339509,0.0025445292620864812,0.0008453160960914417,0.0011954655133767519,0.0023909310267535037,0.0,0.0020438532745013713,0.0014410309971912756,0.002882061994382551,0.0025380710659898475
1,512,0.002734467720415955,0.002002700602994221,0.004005401205988442,0.0025316455696202667,0.0009809869823414602,0.0012297384317883776,0.002459476863576755,0.0,0.0016133656210492132,0.001212953702473729,0.002425907404947458,0.0025188916876574307
1,1024,0.0030071090248861474,0.002200638901228693,0.004401277802457386,0.002525252525252486,0.0009085476141496222,0.0012084855407540434,0.0024169710815080867,0.0,0.001958973706519365,0.0012022669437069386,0.002404533887413877,0.0025188916876574307
1,1280,0.0030770790797229578,0.0017861957444987007,0.0035723914889974014,0.002525252525252486,0.0011186328193250926,0.0012506754661378535,0.002501350932275707,0.0,0.00188900181595343,0.0010906263921492349,0.0021812527842984698,0.0025188916876574307
1,1518,0.0034262131402957217,0.0018867760487519987,0.0037735520975039974,0.002525252525252486,0.0009783392632250693,0.0012264156722538604,0.002452831344507721,0.0,0.0023780804655687045,0.0011775458469853721,0.0023550916939707443,0.0025188916876574307
