cores,pkt_sz,target_rate,target_pps,rate_median,rate_mean,pps_median,pps_mean,rate_95ci,pps_95ci
1,64,50,97656.25,22.481082545454544,22.481082545454544,35126.545454545456,35126.545454545456,0.03227854545454534,50.727272727272066
1,128,50,48828.125,35.983529090909094,35.983529090909094,35140.09090909091,35140.09090909091,0.0300094545454499,29.45454545454413
1,256,50,24414.0625,46.201080363636365,46.201080363636365,22559.09090909091,22559.09090909091,0.0018552727272691527,0.9090909090919013
1,512,50,12207.03125,48.00127236363636,48.00127236363636,11719.090909090908,11719.090909090908,0.0022407272727278382,0.5454545454540494
1,1024,50,6103.515625,49.08485054545454,49.08485054545454,5991.863636363636,5991.863636363636,0.008185454545447612,1.0
1,1280,50,4882.8125,49.30944945454546,49.30944945454546,4815.409090909091,4815.409090909091,0.08911563636363695,8.636363636363967
1,1518,50,4117.259552042161,49.530408,49.530408,4078.590909090909,4078.590909090909,0.0011039999999979955,0.09090909090900823
