cores,pkt_sz,target_rate,target_pps,rate_median,rate_mean,pps_median,pps_mean,rate_95ci,pps_95ci
1,64,100,195312.5,22.104203636363636,22.104203636363636,34537.81818181818,34537.81818181818,0.7825454545454527,1222.727272727272
1,128,100,97656.25,35.970048,35.970048,35127.0,35127.0,0.0035374545454516237,3.4545454545441316
1,256,100,48828.125,71.80157672727273,71.80157672727273,35059.36363636363,35059.36363636363,0.016011636363643333,7.8181818181838025
1,512,100,24414.0625,95.8065570909091,95.8065570909091,23390.272727272728,23390.272727272728,0.0022341818181814688,0.5454545454558684
1,1024,100,12207.03125,97.92468727272728,97.92468727272728,11953.727272727272,11953.727272727272,0.011422545454550459,1.4545454545459506
1,1280,100,9765.625,98.430264,98.430264,9612.363636363636,9612.363636363636,0.002541090909105037,0.18181818181801646
1,1518,100,8234.519104084322,98.83738181818183,98.83738181818183,8138.818181818182,8138.818181818182,0.01851636363635123,1.4545454545459506
