cores,pkt_sz,total_mean,total_stdev,total_95ci,total_median,user_mean,user_stdev,user_95ci,user_median,system_mean,system_stdev,system_95ci,system_median
3,64,0.040925063986130446,0.0077986828081672835,0.015597365616334567,0.04123711340206182,0.007610079199929932,0.004922193002134863,0.009844386004269725,0.010256410256410256,0.030727835516750665,0.007152153466001639,0.014304306932003278,0.030928656835392587
3,256,0.03658849291239826,0.006041391360821953,0.012082782721643906,0.03608247422680411,0.007751592323575309,0.003750528263411412,0.007501056526822824,0.010204347260184824,0.027689918493933114,0.005716459371669795,0.01143291874333959,0.025974201208981
3,512,0.03487910812297152,0.00729355576764225,0.0145871115352845,0.03608247422680411,0.004872254912060307,0.004197925946440253,0.008395851892880507,0.005154639175257732,0.02957949529091708,0.006237817991637606,0.012475635983275212,0.030848532910388582
3,1518,0.03472382648328673,0.006190562779601034,0.012381125559202068,0.03366623711340205,0.0070303472603670935,0.00406264638990685,0.0081252927798137,0.007746006175325547,0.027407844658934564,0.006061662573613965,0.01212332514722793,0.025906735751295335
