cores,pkt_sz,total_mean,total_stdev,total_95ci,total_median,user_mean,user_stdev,user_95ci,user_median,system_mean,system_stdev,system_95ci,system_median
3,64,0.37108214539343876,0.04296056975093167,0.08592113950186334,0.35789473684210527,0.09253926065901512,0.10253869942871816,0.2050773988574363,0.031088082901554404,0.07385156552890583,0.07078958900506062,0.14157917801012124,0.05221967713787086
3,256,0.05253783861012986,0.012307391176203821,0.024614782352407643,0.051948402417962,0.012397577679657225,0.005951556270492222,0.011903112540984443,0.010498759988977681,0.028869506120279793,0.007363569715245479,0.014727139430490957,0.02638540796435533
3,512,0.04607058834152041,0.007405477468566428,0.014810954937132857,0.04663212435233166,0.010937550536111874,0.005412330509619032,0.010824661019238064,0.0103896804835924,0.02692421991850142,0.005156020468155565,0.01031204093631113,0.026041666666666668
3,1518,0.03644486997980757,0.006458797010168099,0.012917594020336197,0.03645833333333337,0.007497197428204675,0.002856208864314501,0.005712417728629002,0.005235602094240838,0.025780390143457923,0.00540644385998127,0.01081288771996254,0.026041666666666668
