cores,pkt_sz,total_mean,total_stdev,total_95ci,total_median,user_mean,user_stdev,user_95ci,user_median,system_mean,system_stdev,system_95ci,system_median
3,64,0.4278036939576626,0.030114263946901962,0.060228527893803924,0.4207650273224044,0.00812576598603507,0.009863939337544503,0.019727878675089006,0.0055248618784530384,0.030164418435813863,0.013532345656423772,0.027064691312847545,0.027397465922056087
3,256,0.4827665551082998,0.03234186484926722,0.06468372969853443,0.47633310571730086,0.008686556888156817,0.005538813642203278,0.011077627284406555,0.005649717514124294,0.037351302286151924,0.00973848064101993,0.01947696128203986,0.038567785805354866
3,512,0.5976745300183262,0.08227426373875162,0.16454852747750323,0.5871348314606741,0.04289183532808791,0.026168439305575966,0.05233687861115193,0.04456859093730602,0.07692448958299825,0.03102140744463516,0.06204281488927032,0.07714285714285715
3,1518,0.6181543803701137,0.0331238701352814,0.0662477402705628,0.6274559035842069,0.1253382731020433,0.017882276264061334,0.03576455252812267,0.12850766301463934,0.15108705073737497,0.026010252974219165,0.05202050594843833,0.15646853146853146
