cores,pkt_sz,total_mean,total_stdev,total_95ci,total_median,user_mean,user_stdev,user_95ci,user_median,system_mean,system_stdev,system_95ci,system_median
3,64,0.5344510956331114,0.09904321154666051,0.19808642309332103,0.5286610008320457,0.09631766346827526,0.03640683810979549,0.07281367621959098,0.09625943719972546,0.15155233796778533,0.0665600910197654,0.1331201820395308,0.1309124767225326
3,256,0.25287424379285495,0.020566800863208907,0.041133601726417814,0.2562693978895096,0.0648028286219076,0.010849441682691146,0.021698883365382293,0.06629834254143646,0.07177314153363545,0.010393707120905996,0.02078741424181199,0.07262569832402235
3,512,0.15876905082817291,0.021900136905526,0.043800273811052,0.15775171624713963,0.03477177978716597,0.00844217615392252,0.01688435230784504,0.03723404255319149,0.04667771518036513,0.011748045302193547,0.023496090604387093,0.043243243243243246
3,1518,0.07181294244318062,0.013769317230771867,0.027538634461543733,0.07291666666666663,0.01614140733869256,0.006952702533455825,0.01390540506691165,0.015748139983466518,0.03391648947778056,0.007612208963245143,0.015224417926490286,0.03234524847428073
