cores,pkt_sz,target_rate,target_pps,rate_median,rate_mean,pps_median,pps_mean,rate_95ci,pps_95ci
3,64,100,195312.5,0.5793225454545454,0.5793225454545454,905.0454545454545,905.0454545454545,0.013975999999999988,21.545454545454618
3,256,100,48828.125,2.4658214545454546,2.4658214545454546,1204.0,1204.0,0.20436872727272748,99.81818181818198
3,512,100,24414.0625,9.092189090909091,9.092189090909091,2219.772727272727,2219.772727272727,0.5298734545454558,129.3636363636365
3,1518,100,8234.519104084322,83.065512,83.065512,6840.045454545454,6840.045454545454,2.0081759999999917,165.36363636363694
