cores,pkt_sz,total_mean,total_stdev,total_95ci,total_median,user_mean,user_stdev,user_95ci,user_median,system_mean,system_stdev,system_95ci,system_median
1,64,0.1256558759149001,0.0010009525218791621,0.0020019050437583242,0.12531328320802004,0.00018514708695324407,0.0006545947085377782,0.0013091894170755565,0.0,0.0002774699054832056,0.0007848040863336893,0.0015696081726673786,0.0
