cores,pkt_sz,total_mean,total_stdev,total_95ci,total_median,user_mean,user_stdev,user_95ci,user_median,system_mean,system_stdev,system_95ci,system_median
1,64,0.0039278881329009715,0.0021902703132493147,0.0043805406264986295,0.0026109660574412663,0.000944620108964971,0.0013120412952093157,0.0026240825904186313,0.0,0.00242304825761723,0.0011931181808282176,0.002386236361656435,0.0025974025974025974
