cores,pkt_sz,total_mean,total_stdev,total_95ci,total_median,user_mean,user_stdev,user_95ci,user_median,system_mean,system_stdev,system_95ci,system_median
1,64,0.006790261026042682,0.002522000705487441,0.005044001410974882,0.005284025072943288,0.0001778798274437316,0.0006590525144694188,0.0013181050289388376,0.0,0.00030775154103877486,0.0008442969145617074,0.0016885938291234148,0.0
