cores,pkt_sz,total_mean,total_stdev,total_95ci,total_median,user_mean,user_stdev,user_95ci,user_median,system_mean,system_stdev,system_95ci,system_median
7,64,0.08928491658620155,0.042202745245797785,0.08440549049159557,0.08332128084232449,0.012495409361516975,0.005380190966883104,0.010760381933766208,0.01092896174863388,0.06663178655472357,0.014174127221717495,0.02834825444343499,0.06557377049180328
7,256,0.07492244487861853,0.020987144476328597,0.041974288952657195,0.07296049555867229,0.01137951179409328,0.0062847430543424695,0.012569486108684939,0.010781749491426912,0.06158501894672609,0.01660539771708649,0.03321079543417298,0.05962103407755582
7,512,0.0757232215141372,0.019132521847828113,0.038265043695656226,0.07669690860215056,0.01285998548465881,0.00537505482091007,0.01075010964182014,0.01092896174863388,0.061072318331773325,0.01604230180059646,0.03208460360119292,0.06147025171624714
7,1518,0.07554875733611531,0.018308458939141244,0.03661691787828249,0.07216819221967963,0.011854639349764546,0.007237693801011659,0.014475387602023318,0.010810810810810811,0.06220930627097741,0.012667057457861126,0.025334114915722253,0.060274425028523385
