cores,pkt_sz,target_rate,target_pps,rate_median,rate_mean,pps_median,pps_mean,rate_95ci,pps_95ci
7,64,0.1,195.3125,0.09227636363636363,0.09227636363636363,144.1818181818182,144.1818181818182,0.0016290909090909134,2.545454545454561
7,256,0.1,48.828125,0.08340945454545455,0.08340945454545455,40.72727272727273,40.72727272727273,0.0,0.0
7,512,0.1,24.4140625,0.06851490909090908,0.06851490909090908,16.727272727272727,16.727272727272727,0.005957818181818175,1.4545454545454533
7,1518,0.1,8.234519104084322,0.141312,0.141312,11.636363636363637,11.636363636363637,0.0,0.0
