cores,pkt_sz,target_rate,target_pps,rate_median,rate_mean,pps_median,pps_mean,rate_95ci,pps_95ci
7,64,1,1953.125,0.9178181818181819,0.9178181818181819,1434.090909090909,1434.090909090909,0.02315636363636364,36.181818181818244
7,256,1,488.28125,0.79084,0.79084,386.1363636363636,386.1363636363636,0.010677818181818122,5.181818181818187
7,512,1,244.140625,0.810389090909091,0.810389090909091,197.86363636363637,197.86363636363637,0.042942545454545344,10.454545454545467
7,1518,1,82.34519104084322,1.0599658181818183,1.0599658181818183,87.31818181818181,87.31818181818181,0.00025163636363667585,0.09090909090909349
