cores,pkt_sz,total_mean,total_stdev,total_95ci,total_median,user_mean,user_stdev,user_95ci,user_median,system_mean,system_stdev,system_95ci,system_median
3,64,0.3855172101659492,0.21781772458057871,0.43563544916115743,0.5276675485008818,0.034819088616297525,0.025756002408218112,0.051512004816436224,0.04179141716566866,0.15761077827998482,0.0982778229663599,0.1965556459327198,0.2132061178847125
3,256,0.07616933805816689,0.015253758388971542,0.030507516777943083,0.07486845115534208,0.004766996559418576,0.004136982417919711,0.008273964835839422,0.005319148936170213,0.025494623489605114,0.010019742607858168,0.020039485215716336,0.026595744680851064
3,512,0.06483873000625073,0.010541240686140764,0.02108248137228153,0.06349206349206349,0.0042565517844286044,0.002993663069931579,0.005987326139863158,0.005263157894736842,0.021882274434230506,0.0056494554506314075,0.011298910901262815,0.02122030845435101
3,1518,0.030935568460932025,0.02138191512126014,0.04276383024252028,0.02631578947368418,0.005515566170577592,0.006769471529202298,0.013538943058404597,0.005235602094240838,0.02062412150089015,0.013978550087709379,0.027957100175418758,0.020833333333333332
