cores,pkt_sz,total_mean,total_stdev,total_95ci,total_median,user_mean,user_stdev,user_95ci,user_median,system_mean,system_stdev,system_95ci,system_median
3,64,0.4388034570483208,0.02638262089747081,0.05276524179494162,0.4325842696629213,0.004280338406963364,0.003696858986997288,0.007393717973994576,0.0054496317415062955,0.02530220184813772,0.009263852207073712,0.018527704414147424,0.024822911577918903
3,256,0.5077669242820424,0.037854918050042395,0.07570983610008479,0.4985875706214689,0.00461345525025686,0.004052309378952903,0.008104618757905807,0.00558659217877095,0.03026078157575438,0.009678183142550485,0.01935636628510097,0.02883017613825191
3,512,0.5421492544404672,0.0466772417754779,0.0933544835509558,0.5373440285204991,0.00589886527994707,0.007678810188661419,0.015357620377322839,0.005681818181818182,0.032548568813874516,0.01999160525261227,0.03998321050522454,0.02615862398471094
3,1518,0.09280249904857217,0.020558190860506295,0.04111638172101259,0.08974358974358976,0.005485157298537191,0.003993335781022786,0.007986671562045572,0.006329113924050633,0.03998428758284423,0.013288727184393468,0.026577454368786935,0.038461538461538464
