cores,pkt_sz,total_mean,total_stdev,total_95ci,total_median,user_mean,user_stdev,user_95ci,user_median,system_mean,system_stdev,system_95ci,system_median
3,64,0.038148101732914816,0.00816586847272709,0.01633173694545418,0.03636388169257343,0.006021539243116104,0.003934134320396855,0.00786826864079371,0.0051813471502590676,0.029838426984736193,0.006495670453752581,0.012991340907505162,0.030927835051546393
3,256,0.035183363051159385,0.005658751705884926,0.011317503411769852,0.03608247422680411,0.006317316250290288,0.003870365619185171,0.007740731238370342,0.005208333333333333,0.027718322817784764,0.005238912637070445,0.01047782527414089,0.026041666666666668
3,512,0.03514855556918074,0.0062116232451916095,0.012423246490383219,0.03608247422680411,0.006888729621234435,0.0038535379813771776,0.007707075962754355,0.005208333333333333,0.02768486259722313,0.006653383966158896,0.013306767932317791,0.026041666666666668
3,1518,0.03804556732605621,0.017442640972624306,0.03488528194524861,0.03608247422680411,0.007031994179400676,0.006653614680904073,0.013307229361808146,0.0051813471502590676,0.030870388725120625,0.012144871574132939,0.024289743148265878,0.030848532910388582
