cores,pkt_sz,total_mean,total_stdev,total_95ci,total_median,user_mean,user_stdev,user_95ci,user_median,system_mean,system_stdev,system_95ci,system_median
3,64,0.07045231672852995,0.013369253718684188,0.026738507437368376,0.06933382637387642,0.011366489365991415,0.005022610857941548,0.010045221715883096,0.010498759988977681,0.04070705472173054,0.009400123975250868,0.018800247950501735,0.04145077720207254
3,256,0.04738999335225543,0.00993012271431199,0.01986024542862398,0.04663212435233166,0.007334087102142546,0.00490654077379319,0.00981308154758638,0.005235602094240838,0.0308207195175995,0.007737870882151516,0.015475741764303032,0.031007958976550398
3,512,0.04176641973806799,0.00662378636888073,0.01324757273776146,0.04166666666666663,0.006907317951091084,0.003853185615609528,0.007706371231219056,0.005235602094240838,0.02808289444005002,0.0060156496294963115,0.012031299258992623,0.02610983856893543
3,1518,0.03735873944007714,0.007320246762949099,0.014640493525898197,0.03636388169257343,0.007479362064406077,0.0030923507285201897,0.006184701457040379,0.005208333333333333,0.028014171174788795,0.006807564453514031,0.013615128907028063,0.030927835051546393
