cores,pkt_sz,mwatt_mean,mwatt_stdev,mwatt_95ci,mwatt_median
3,64,1851.2666666666667,186.50049746731386,15.09547214793804,1758.0
3,256,1756.7866666666666,66.40307087945725,5.374707953119923,1722.0
3,512,1753.4266666666667,79.71736294908128,6.452375454472076,1732.0
3,1518,1753.8,52.81893599837089,4.275199198258861,1729.5
