cores,pkt_sz,target_rate,target_pps,rate_median,rate_mean,pps_median,pps_mean,rate_95ci,pps_95ci
3,64,1,1953.125,0.9234774545454545,0.9234774545454545,1442.6363636363637,1442.6363636363637,0.011513454545454493,18.0
3,256,1,488.28125,0.8849843636363637,0.8849843636363637,432.0909090909091,432.0909090909091,0.05139272727272726,25.090909090909065
3,512,1,244.140625,0.9392236363636364,0.9392236363636364,229.3181818181818,229.3181818181818,0.00992654545454541,2.454545454545439
3,1518,1,82.34519104084322,1.0600883636363636,1.0600883636363636,87.36363636363636,87.36363636363636,6.545454545703322e-06,0.0
