cores,pkt_sz,target_rate,target_pps,rate_median,rate_mean,pps_median,pps_mean,rate_95ci,pps_95ci
3,64,100,195312.5,0.6424301818181819,0.6424301818181819,1003.5,1003.5,0.10966618181818177,171.36363636363637
3,256,100,48828.125,4.314267272727273,4.314267272727273,2106.5454545454545,2106.5454545454545,0.215592,105.27272727272702
3,512,100,24414.0625,10.65040690909091,10.65040690909091,2600.2272727272725,2600.2272727272725,0.41370254545454443,101.0
3,1518,100,8234.519104084322,24.565352363636364,24.565352363636364,2022.909090909091,2022.909090909091,0.1192385454545466,9.818181818181756
