cores,pkt_sz,total_mean,total_stdev,total_95ci,total_median,user_mean,user_stdev,user_95ci,user_median,system_mean,system_stdev,system_95ci,system_median
1,64,0.008998254087779123,0.0016173770426656795,0.003234754085331359,0.010062909003455578,0.007738491165886165,0.001187322121680224,0.002374644243360448,0.007575757575757576,0.0012286262292206915,0.0012593502236671488,0.0025187004473342977,0.0
2,64,0.012583654075617139,0.0025106038802200944,0.005021207760440189,0.012690355329949221,0.008860019374138668,0.00168630445529613,0.00337260891059226,0.010101010101010102,0.003692340154345107,0.0016152126115468782,0.0032304252230937565,0.0025477748351248894
3,64,0.0266256317454366,0.004792885406695494,0.009585770813390989,0.025380710659898442,0.013564940563233216,0.0024457827129366065,0.004891565425873213,0.012690355329949238,0.012998415810193661,0.0032903296614722015,0.006580659322944403,0.012626262626262626
4,64,0.041068305432831013,0.006839595311110884,0.013679190622221768,0.04030226700251893,0.018726883373264065,0.0033162977459759058,0.0066325954919518116,0.017721518987341773,0.022310242921244963,0.0047545228320044035,0.009509045664008807,0.022613065326633167
5,64,0.050089570110553885,0.006895620797683157,0.013791241595366314,0.05037783375314864,0.021877975887016936,0.0038530628431804096,0.007706125686360819,0.022556390977443608,0.028149669305931897,0.005051581065310086,0.010103162130620172,0.02781293952180028
6,64,0.05719149728275939,0.007395606602271945,0.01479121320454389,0.057101628530199955,0.023207126726466194,0.003735467488286845,0.00747093497657369,0.02284263959390863,0.03393732038297933,0.005636082646664014,0.011272165293328027,0.03307888040712468
7,64,0.05924083940303222,0.008631768667128802,0.017263537334257603,0.05882352941176472,0.02270142861807895,0.0033969240124415738,0.0067938480248831475,0.023017902813299233,0.03554581270906509,0.007017896128014153,0.014035792256028306,0.03571428571428571
8,64,0.03575918227196226,0.006299289022013144,0.012598578044026289,0.034574468085106336,0.017511661140832926,0.003098493643606174,0.006196987287212348,0.018421052631578946,0.017267784573615986,0.004553035594917183,0.009106071189834366,0.016
