cores,pkt_sz,total_mean,total_stdev,total_95ci,total_median,user_mean,user_stdev,user_95ci,user_median,system_mean,system_stdev,system_95ci,system_median
1,64,0.12719942098665435,0.0013421430202319906,0.0026842860404639813,0.12690355329949243,0.1250544872567262,0.0010929620146792871,0.0021859240293585743,0.12468193384223919,0.0019106002283014593,0.001164097902869095,0.00232819580573819,0.0025380710659898475
2,64,0.2513920415458911,0.0022716290675645714,0.004543258135129143,0.25190839694656486,0.2463497160735597,0.0022981298090774508,0.0045962596181549015,0.24681933842239187,0.004477949071476069,0.001405756944507099,0.002811513889014198,0.005089058524173028
3,64,0.2741923027175176,0.0035102924478447877,0.007020584895689575,0.27386934673366836,0.2642476830165182,0.003535417207029295,0.00707083441405859,0.2639593908629442,0.008202936913301487,0.0015870349846647744,0.0031740699693295488,0.007594936708860759
4,64,0.296796949744299,0.0038513651623524317,0.007702730324704863,0.2966751918158568,0.2768631499504388,0.0036250072507701234,0.007250014501540247,0.27678641155798517,0.011384720815816823,0.0018929116605355435,0.003785823321071087,0.010269593303012326
5,64,0.3826557622372639,0.004422363426026841,0.008844726852053682,0.38265306122448983,0.35896789479946384,0.003906921154236798,0.007813842308473595,0.35877862595419846,0.012258194495757001,0.0020618922014915817,0.0041237844029831635,0.012690355329949238
6,64,0.4417077297059671,0.004662590088382888,0.009325180176765776,0.44206512359778694,0.41008618044091094,0.003922161561257923,0.007844323122515847,0.4100632911392405,0.014481762204017205,0.002289122665385945,0.00457824533077189,0.014962593516209476
7,64,0.43269481795442544,0.00888381992575136,0.01776763985150272,0.4320987654320988,0.3910221769352104,0.008753394445251304,0.017506788890502608,0.3903955830603082,0.015131192743565326,0.0022040581999603352,0.0044081163999206705,0.01488833746898263
8,64,0.45994772812099877,0.005965472027916824,0.011930944055833647,0.4606877233652082,0.4165694039171016,0.006760382453901747,0.013520764907803493,0.41625615763546797,0.016976474347112025,0.002860792760312869,0.005721585520625738,0.01715686274509804
