cores,pkt_sz,total_mean,total_stdev,total_95ci,total_median,user_mean,user_stdev,user_95ci,user_median,system_mean,system_stdev,system_95ci,system_median
1,64,0.01650367518109094,0.0018382176792330106,0.0036764353584660212,0.017587939698492483,0.014994778662656798,0.0013401211456310722,0.0026802422912621444,0.015113350125944584,0.00147783815731238,0.0012410927861621673,0.0024821855723243347,0.002512562814070352
2,64,0.019976429307663874,0.002279762032127947,0.004559524064255894,0.020253164556962022,0.015954681881965575,0.0016880261472764643,0.0033760522945529285,0.015267175572519083,0.003959277121784009,0.0014834296404579949,0.0029668592809159898,0.005050505050505051
3,64,0.033795589871143734,0.00395043923577956,0.00790087847155912,0.032911392405063244,0.020689430205103297,0.0023347047582783186,0.004669409516556637,0.020253164556962026,0.013012903874277837,0.0027410395193725678,0.0054820790387451355,0.012658227848101266
4,64,0.047508267237511385,0.004328021789646317,0.008656043579292633,0.047738693467336724,0.02534861086353919,0.0025396417370492433,0.005079283474098487,0.02518891687657431,0.02206675182890613,0.003467598340693253,0.006935196681386506,0.022556390977443608
5,64,0.0593277274138345,0.00492413812094085,0.0098482762418817,0.06030150753768848,0.03148385853090353,0.00281974370655137,0.00563948741310274,0.030495601968458172,0.027703533414753883,0.004112802757741451,0.008225605515482902,0.027707808564231738
6,64,0.06610508052774103,0.005404220615573381,0.010808441231146762,0.0661577608142494,0.033613557287307375,0.003595868342472804,0.007191736684945608,0.033036902132496354,0.03238197025933826,0.004151401140786088,0.008302802281572177,0.03291139240506329
7,64,0.06735042724687308,0.006420423526362464,0.012840847052724928,0.06692417777542203,0.03284486692351621,0.0036676421000454316,0.007335284200090863,0.03324808184143223,0.03255788577817315,0.005372568918719547,0.010745137837439094,0.03324808184143223
8,64,0.05601019401482338,0.005668978616225002,0.011337957232450005,0.0554089709762533,0.031641221561698386,0.0030579966514954595,0.006115993302990919,0.031578947368421054,0.022423214297950134,0.004496479681315243,0.008992959362630486,0.021192090157607396
