cores,pkt_sz,total_mean,total_stdev,total_95ci,total_median,user_mean,user_stdev,user_95ci,user_median,system_mean,system_stdev,system_95ci,system_median
1,64,0.1214493655965286,0.0015548539728886153,0.0031097079457772306,0.12121212121212122,0.11930190830371383,0.0014459782490224041,0.0028919564980448083,0.11868686868686869,0.0020077526794891063,0.0011595509648235239,0.0023191019296470478,0.0025188916876574307
2,64,0.11810558234681091,0.0024435890444823804,0.004887178088964761,0.11794871794871797,0.1141222960443638,0.0023407985037392793,0.004681597007478559,0.11311053984575835,0.003572773402504027,0.001402326572647231,0.002804653145294462,0.002570694087403599
3,64,0.18275543477030745,0.03615549130981019,0.07231098261962038,0.17745919243986258,0.17564760206631394,0.034948611362931044,0.06989722272586209,0.169467130807337,0.006340485465612252,0.0020969910996448474,0.004193982199289695,0.005221932114882507
4,64,0.30282870659333605,0.03465308831296909,0.06930617662593817,0.2984293193717278,0.28834000910123475,0.03319773180854984,0.06639546361709968,0.28255296638906224,0.0132688078376458,0.002669885868750973,0.005339771737501946,0.013054830287206266
5,64,0.1815337520488494,0.003475076253972588,0.006950152507945176,0.18087855297157618,0.17105608972917086,0.003287497415870912,0.006574994831741824,0.17054263565891473,0.008395832717581797,0.00187826544822435,0.0037565308964487,0.007751937984496124
6,64,0.20980598681967322,0.003716938436647846,0.007433876873295692,0.2093023255813954,0.19688491708602374,0.0036671179817364752,0.0073342359634729504,0.1969309462915601,0.010188241785355653,0.0022995156958266747,0.0045990313916533495,0.010282776349614395
7,64,0.4378494474515417,0.05627326778921423,0.11254653557842846,0.4371036282145671,0.39547354976443033,0.05436485971876182,0.10872971943752364,0.3926760832828492,0.013873207309833692,0.0026580578625407343,0.0053161157250814686,0.01282051282051282
8,64,0.5114987922503595,0.05247353128085412,0.10494706256170824,0.544080604534005,0.46164127079219874,0.04927798204187351,0.09855596408374702,0.4910941475826972,0.020119520729812764,0.003462701557793687,0.006925403115587374,0.020151133501259445
