cores,pkt_sz,total_mean,total_stdev,total_95ci,total_median,user_mean,user_stdev,user_95ci,user_median,system_mean,system_stdev,system_95ci,system_median
1,64,0.2201662338188213,0.002080717937892797,0.004161435875785594,0.21999999999999997,0.1230972617889551,0.001308725603879139,0.002617451207758278,0.12280701754385964,0.002053222547093866,0.0011753599527735714,0.0023507199055471427,0.0025
2,64,0.34952709614587246,0.002189548468183353,0.004379096936366706,0.3492462311557789,0.24462913886543003,0.0018596648127826964,0.003719329625565393,0.245,0.004416867598176886,0.0014551011188496563,0.0029102022376993127,0.005
3,64,0.4328487300413318,0.0025740942152418732,0.0051481884304837465,0.43291139240506327,0.2929580974829927,0.003084732594893822,0.006169465189787644,0.29292929292929293,0.013301066847345873,0.0018597113596646275,0.003719422719329255,0.012690355329949238
4,64,0.5234650672024368,0.003825293793572613,0.007650587587145226,0.5240506329113924,0.37964078871100543,0.0044217020069051505,0.008843404013810301,0.3802273428262993,0.016538557836598862,0.0021886518864134203,0.004377303772826841,0.015345268542199489
5,64,0.6023244081857737,0.0027048802509448532,0.0054097605018897064,0.6020408163265306,0.4548065155635049,0.003950529937895107,0.007901059875790215,0.4551279101111776,0.01966716681384358,0.002658062836686771,0.005316125673373542,0.020356234096692113
6,64,0.7804205474971114,0.0028422595048091465,0.005684519009618293,0.7803030303030303,0.637980167199314,0.003761247914049041,0.007522495828098082,0.6379746835443038,0.015805085723998614,0.0020384447048030145,0.004076889409606029,0.015228426395939087
7,64,0.44222707315873233,0.004811518242880824,0.009623036485761648,0.44245524296675187,0.3105876019817934,0.005764181266414715,0.01152836253282943,0.31025641025641026,0.026760453828589385,0.0027610750472243724,0.005522150094448745,0.027742793171004757
8,64,0.4902989248125545,0.005553257118935845,0.01110651423787169,0.48982181705169375,0.3525943639123285,0.006307886916245934,0.012615773832491867,0.3522583480959548,0.030630655480791406,0.003089809355775478,0.006179618711550956,0.030848329048843187
