cores,pkt_sz,total_mean,total_stdev,total_95ci,total_median,user_mean,user_stdev,user_95ci,user_median,system_mean,system_stdev,system_95ci,system_median
1,64,0.050499686013780465,0.006925632554222913,0.013851265108445827,0.047919370022644625,0.04904083629159459,0.00666446159221768,0.01332892318443536,0.04773869346733668,0.0013968888767756432,0.0012802318681199218,0.0025604637362398436,0.002506265664160401
2,64,0.09627403583069351,0.0051023292814967374,0.010204658562993475,0.09620253164556958,0.09175335872174349,0.004874040898341783,0.009748081796683567,0.09137055837563451,0.004380108660205484,0.0015148015588368569,0.0030296031176737137,0.005063291139240506
3,64,0.161407649327799,0.004395028163737983,0.008790056327475966,0.16195372750642678,0.15039403934093892,0.0041495384954533055,0.008299076990906611,0.15128205128205127,0.010791856454486617,0.001880392060413074,0.003760784120826148,0.010309278350515464
4,64,0.16784461583045485,0.0032534243753385393,0.006506848750677079,0.16839378238341973,0.1528235228989406,0.0034239605741115584,0.006847921148223117,0.15284974093264247,0.014573275710606334,0.0020499213221509965,0.004099842644301993,0.015503875968992248
5,64,0.21508807302930652,0.009010236959191849,0.018020473918383698,0.216710182767624,0.19742674806843066,0.008515945268847743,0.017031890537695486,0.19948186528497408,0.017068245971372575,0.0023888443327191545,0.004777688665438309,0.018134715025906734
6,64,0.2516201276426735,0.0046735914127740774,0.009347182825548155,0.25130890052356025,0.23009473179353723,0.004332408666880248,0.008664817333760497,0.23036649214659685,0.02070345183395415,0.0025957607153355455,0.005191521430671091,0.020887728459530026
7,64,0.27821793744520135,0.004377842095995663,0.008755684191991325,0.27835051546391754,0.23509019932539185,0.004778550857134903,0.009557101714269807,0.2351421188630491,0.02399994063378599,0.002696024561349849,0.005392049122699698,0.023255813953488372
8,64,0.29484988495778686,0.004976166975771314,0.009952333951542628,0.2945736434108527,0.2484791371656362,0.004854714295596948,0.009709428591193897,0.24870466321243523,0.02734634231490168,0.0029330370210629373,0.005866074042125875,0.028277634961439587
