cores,pkt_sz,target_rate,target_pps,rate_median,rate_mean,pps_median,pps_mean,rate_95ci,pps_95ci
1,64,1,1953.125,0.9606981818181818,0.9607541010101011,1501.090909090909,1501.1111111111109,0.0002092304575069491,0.0755890381167656
2,64,1,1953.125,0.9606981818181818,0.9607813333333335,1501.090909090909,1501.121212121212,0.00023521498674798213,0.08570991287123308
3,64,1,1953.125,0.9606981818181818,0.9607813333333335,1501.090909090909,1501.121212121212,0.00023521498674798213,0.08570991287123308
4,64,1,1953.125,0.9606981818181818,0.9607533737373737,1501.090909090909,1501.111111111111,0.00020653230226384977,0.07558903811676558
5,64,1,1953.125,0.9606981818181818,0.9607526464646465,1501.090909090909,1501.111111111111,0.00020378804676252841,0.07558903811676558
6,64,1,1953.125,0.9606981818181818,0.9608085656565657,1501.090909090909,1501.1313131313132,0.00024686433562606536,0.0903461809092262
7,64,1,1953.125,0.9606981818181818,0.9608085656565657,1501.090909090909,1501.1313131313132,0.00024686433562606536,0.0903461809092262
8,64,1,1953.125,0.9606981818181818,0.9607813333333333,1501.090909090909,1501.121212121212,0.00033188436589158803,0.12121212121218783
