cores,pkt_sz,total_mean,total_stdev,total_95ci,total_median,user_mean,user_stdev,user_95ci,user_median,system_mean,system_stdev,system_95ci,system_median
1,64,0.015378875151601874,0.011071440921928964,0.022142881843857928,0.015306122448979553,0.003437149219170483,0.0041706057154424925,0.008341211430884985,0.005076142131979695,0.010555938847560176,0.007555381465547826,0.015110762931095652,0.010230245944531658
2,64,0.02571558527175965,0.008370102054162614,0.01674020410832523,0.02564102564102566,0.00462825515793465,0.0038702274965374092,0.0077404549930748185,0.005128205128205128,0.019473139763078788,0.006557792072572395,0.01311558414514479,0.020512820512820513
3,64,0.035423051940278165,0.007499849494050599,0.014999698988101199,0.03608247422680411,0.006647161456657226,0.004274006781311079,0.008548013562622157,0.005208333333333333,0.026669168933982978,0.005797378282158417,0.011594756564316834,0.026041666666666668
4,64,0.04959253457297818,0.00930355409582365,0.0186071081916473,0.05128205128205132,0.009224222420209075,0.00543745658422723,0.01087491316845446,0.010256410256410256,0.03862125744834149,0.007998926176504917,0.015997852353009833,0.03664921465968586
5,64,0.062264403568478045,0.023538229549092828,0.047076459098185655,0.06217616580310881,0.011581986544644046,0.00881180968805681,0.01762361937611362,0.010362694300518135,0.04874000297891051,0.016757378776384727,0.033514757552769454,0.04712041884816754
