cores,pkt_sz,total_mean,total_stdev,total_95ci,total_median,user_mean,user_stdev,user_95ci,user_median,system_mean,system_stdev,system_95ci,system_median
1,64,0.37568635944506723,0.06280520306610647,0.12561040613221294,0.38636363636363635,0.017400862040267858,0.017077176161609368,0.034154352323218735,0.011204569706860838,0.013082578495205988,0.016994164682892138,0.033988329365784276,0.011142147734326506
2,64,0.3977890122376059,0.04456193934354777,0.08912387868709554,0.4016822901871666,0.023246940925852427,0.014994161359475825,0.02998832271895165,0.02216083486801719,0.022107770474305597,0.016278339240072347,0.03255667848014469,0.01965953122022486
3,64,0.41059381140535245,0.0288498647902179,0.0576997295804358,0.40555555555555556,0.024513805638706643,0.011170247017566418,0.022340494035132837,0.02266307139188495,0.025950228174254585,0.010744410365932525,0.02148882073186505,0.022727272727272728
4,64,0.4414374684495254,0.048557319357809346,0.09711463871561869,0.44033898305084745,0.02592716996233776,0.010765703712511468,0.021531407425022936,0.022857142857142857,0.040486439731865005,0.014924586917184263,0.029849173834368525,0.03932584269662921
5,64,0.45553364588614276,0.056439946577284864,0.11287989315456973,0.46285714285714286,0.025643531003086955,0.011065332131829577,0.022130664263659155,0.022727272727272728,0.05310304536614269,0.01587946635977704,0.03175893271955408,0.05571073867163252
