cores,pkt_sz,total_mean,total_stdev,total_95ci,total_median,user_mean,user_stdev,user_95ci,user_median,system_mean,system_stdev,system_95ci,system_median
1,64,0.16110663088771504,0.06407320190954621,0.12814640381909242,0.14561682869594367,0.027884155488131446,0.011757426961877288,0.023514853923754575,0.027031963470319637,0.01699581683471235,0.009322150702642508,0.018644301405285016,0.014598540145985401
2,64,0.20167852322964827,0.07119001501781679,0.14238003003563357,0.1896042196618285,0.028415196990293514,0.01143744354015507,0.02287488708031014,0.027210884353741496,0.023267963419284172,0.010685891311701057,0.021371782623402114,0.020689655172413793
3,64,0.19491626268384127,0.08153318866331619,0.16306637732663237,0.19631901840490795,0.025129247361317653,0.011451788623201587,0.022903577246403174,0.024024240675275955,0.028673801245768776,0.012482845187399075,0.02496569037479815,0.025806451612903226
4,64,0.2900111716994767,0.07976149871470332,0.15952299742940665,0.3268602312719959,0.03440795137333736,0.012178608932832827,0.024357217865665654,0.03582121471343028,0.04736852326990295,0.014090020605193007,0.028180041210386014,0.04804848135055191
5,64,0.3499925977367182,0.06785485936609435,0.1357097187321887,0.37341772151898733,0.041085644961616645,0.011728769827558213,0.023457539655116426,0.042682926829268296,0.06696854305979649,0.015435643363682397,0.030871286727364795,0.06790123456790123
