cores,pkt_sz,total_mean,total_stdev,total_95ci,total_median,user_mean,user_stdev,user_95ci,user_median,system_mean,system_stdev,system_95ci,system_median
1,64,0.018023598249653293,0.006991825984649531,0.013983651969299063,0.017964784263959366,0.003078358475021027,0.003201622052130505,0.00640324410426101,0.005089091474153113,0.009761827358720202,0.004348160607819698,0.008696321215639395,0.010309278350515464
2,64,0.029539868407992716,0.01143822654336992,0.02287645308673984,0.030927835051546393,0.005337801536294384,0.004634233208216865,0.00926846641643373,0.0051813471502590676,0.01803467735232541,0.008351348332162382,0.016702696664324765,0.015665903141361258
3,64,0.04157078050046155,0.015270282772949065,0.03054056554589813,0.041450777202072575,0.007444046760107492,0.005938264589417548,0.011876529178835096,0.005235602094240838,0.026114123225509402,0.010033280847920083,0.020066561695840167,0.026041666666666668
4,64,0.05256894748028633,0.011794867770266447,0.023589735540532893,0.05208333333333337,0.008501239402138726,0.0052433656410671775,0.010486731282134355,0.010309278350515464,0.03528298349686162,0.008973274550272204,0.01794654910054441,0.03626943005181347
5,64,0.06556842346584275,0.01274292099570034,0.02548584199140068,0.06315789473684208,0.00999462751274081,0.0051380933845377105,0.010276186769075421,0.010471204188481676,0.04654498240984788,0.010313138961547058,0.020626277923094117,0.046875
