cores,pkt_sz,total_mean,total_stdev,total_95ci,total_median,user_mean,user_stdev,user_95ci,user_median,system_mean,system_stdev,system_95ci,system_median
1,64,0.3929266588965363,0.044635625119792834,0.08927125023958567,0.3820224719101124,0.013841057682793116,0.01089306191226261,0.02178612382452522,0.013576555023923445,0.011896918289188993,0.00859956173306704,0.01719912346613408,0.0111731843575419
2,64,0.4158079175292669,0.055836307856243626,0.11167261571248725,0.3945195195195195,0.01603901417951177,0.010141725857399017,0.020283451714798034,0.01634889522451889,0.019298377363148437,0.010437074266841038,0.020874148533682076,0.016853932584269662
3,64,0.43228550407220606,0.060206474948432676,0.12041294989686535,0.40217391304347827,0.014969809150622628,0.007978043047645123,0.015956086095290246,0.016172624237140366,0.02407972006582343,0.010744881832842803,0.021489763665685606,0.022222222222222223
4,64,0.45441517408117826,0.07329262075989003,0.14658524151978006,0.40997421256216615,0.01605962685284768,0.007647774392802142,0.015295548785604284,0.016574585635359115,0.03297995784391229,0.016107763523776176,0.03221552704755235,0.032876959106467304
5,64,0.4797862235844989,0.07120611542071088,0.14241223084142177,0.49020715630885126,0.01724552284019408,0.00812848740970768,0.01625697481941536,0.016853932584269662,0.04523390019186477,0.016044269614760118,0.032088539229520235,0.04432166973603438
