cores,pkt_sz,total_mean,total_stdev,total_95ci,total_median,user_mean,user_stdev,user_95ci,user_median,system_mean,system_stdev,system_95ci,system_median
1,64,0.02465409389053459,0.01248788729061878,0.02497577458123756,0.025906735751295318,0.005042357020975069,0.005239729093529477,0.010479458187058954,0.005208333333333333,0.009771239521830413,0.006832301232718691,0.013664602465437383,0.010416666666666666
2,64,0.036467775253327644,0.008516205275025602,0.017032410550051204,0.03664921465968585,0.006000657400538279,0.0036671625324516516,0.007334325064903303,0.005235602094240838,0.017105507472993775,0.006231423771465698,0.012462847542931395,0.015789473684210527
3,64,0.04800674524480642,0.012431195678777686,0.024862391357555372,0.047368421052631615,0.007801545073425895,0.004855129348625616,0.009710258697251232,0.005291005291005291,0.02411193749863943,0.00881513220519169,0.01763026441038338,0.02127659574468085
4,64,0.06229238163176646,0.013233602648011801,0.026467205296023602,0.06315789473684208,0.009272845157949672,0.005999406330400251,0.011998812660800502,0.010471204188481676,0.035206056875500484,0.009585225484881546,0.01917045096976309,0.03664921465968586
5,64,0.07583925445237862,0.012782303984469523,0.025564607968939047,0.07407407407407407,0.01156398598996439,0.005093668382494781,0.010187336764989561,0.010638297872340425,0.04563989878413869,0.009664848540678261,0.019329697081356522,0.044937683797787425
