cores,pkt_sz,target_rate,target_pps,rate_median,rate_mean,pps_median,pps_mean,rate_95ci,pps_95ci
1,64,1,1953.125,0.9514472727272727,0.9522421818181819,1486.6363636363637,1487.7474747474746,0.0029760101898577795,4.525432896838108
2,64,1,1953.125,0.9508654545454546,0.9505398787878787,1485.7272727272727,1485.121212121212,0.0034702939446742357,5.486773477699989
3,64,1,1953.125,0.9499345454545454,0.9493790707070706,1484.2727272727273,1483.272727272727,0.002617573063036176,3.9852805388542234
4,64,1,1953.125,0.9499534545454545,0.9496893737373738,1484.0,1483.7575757575755,0.0030095719429290096,4.5660141095362885
5,64,1,1953.125,0.9488872727272727,0.9486485656565657,1482.4545454545455,1482.1313131313132,0.005062781321478438,7.947537397112503
