cores,pkt_sz,target_rate,target_pps,rate_median,rate_mean,pps_median,pps_mean,rate_95ci,pps_95ci
1,64,50,97656.25,10.119582545454545,11.195181333333334,15811.545454545454,17492.272727272728,3.256795213781406,5088.741615794934
2,64,50,97656.25,10.243160727272727,11.120038545454547,16004.636363636364,17374.929292929293,4.43003990035157,6921.879352107057
3,64,50,97656.25,10.110254545454545,10.166146262626263,15797.272727272728,15884.505050505053,4.750605866650281,7422.894042111351
4,64,50,97656.25,6.4513287272727275,8.19061705050505,10079.90909090909,12797.70707070707,5.930887234908024,9266.987233402368
5,64,50,97656.25,6.3745163636363635,6.193278383838384,9960.181818181818,9676.89898989899,3.247775405544606,5074.701424226496
