cores,pkt_sz,total_mean,total_stdev,total_95ci,total_median,user_mean,user_stdev,user_95ci,user_median,system_mean,system_stdev,system_95ci,system_median
1,64,0.1631507083090072,0.1312429080930925,0.262485816186185,0.16275163087605338,0.0030264179830767684,0.0035304455521460785,0.007060891104292157,0.0,0.0219898574502828,0.007082933139030441,0.014165866278060883,0.02083389848899981
1,256,0.023972454613167028,0.00781629964884689,0.01563259929769378,0.020618556701030966,0.00242538434298237,0.002564162196577643,0.005128324393155286,0.0,0.013983125618401272,0.0040996789180135105,0.008199357836027021,0.015384615384615385
1,512,0.020434496735473696,0.006581046098075582,0.013162092196151163,0.02051282051282055,0.002977762343235765,0.0030375273558600788,0.0060750547117201575,0.005050505050505051,0.011784552540708062,0.004278977956768553,0.008557955913537106,0.010309278350515464
1,1518,0.015466466262463643,0.005946682679112977,0.011893365358225954,0.015345368916797442,0.0024115439347665996,0.0028189127156555975,0.005637825431311195,0.0,0.011489372339221204,0.004197654765647808,0.008395309531295615,0.010256410256410256
