cores,pkt_sz,total_mean,total_stdev,total_95ci,total_median,user_mean,user_stdev,user_95ci,user_median,system_mean,system_stdev,system_95ci,system_median
1,64,0.3071421790270078,0.020659053534813957,0.041318107069627914,0.3052600472813239,0.01432386316287148,0.00654393723076586,0.01308787446153172,0.013986013986013986,0.1340777762381923,0.013435916154139652,0.026871832308279303,0.13219738778513612
1,256,0.11824782864845623,0.02951471778484123,0.05902943556968246,0.1120456970686084,0.007122453355718232,0.007161645391226727,0.014323290782453453,0.0056179775280898875,0.04156878938094572,0.015655495136389128,0.031310990272778255,0.03921599397401293
1,512,0.08358010115103004,0.012388973932028752,0.024777947864057504,0.08174447612259444,0.0038968736752166186,0.0037293430104819343,0.007458686020963869,0.005361968834454603,0.024007024739795418,0.007539742741813428,0.015079485483626856,0.024418707714125326
1,1518,0.027822858342538455,0.01284674155831556,0.02569348311663112,0.02631578947368418,0.0037807333599657136,0.0039943311057104615,0.007988662211420923,0.005221967713787086,0.016166180843923267,0.008045501316258525,0.01609100263251705,0.015706806282722512
