cores,pkt_sz,mwatt_mean,mwatt_stdev,mwatt_95ci,mwatt_median
1,64,1871.6933333333334,217.50950773599658,17.605361704281222,1826.0
1,256,1732.9133333333334,82.07020869691728,6.642816326947923,1742.0
1,512,1706.74,64.58683353955873,5.227700515870197,1695.0
1,1518,1710.6266666666668,96.85773393086492,7.839728283416548,1679.0
