cores,pkt_sz,target_rate,target_pps,rate_median,rate_mean,pps_median,pps_mean,rate_95ci,pps_95ci
1,64,10,19531.25,9.484363636363636,9.484363636363636,14819.318181818182,14819.318181818182,0.037410909090910494,58.45454545454413
1,256,10,4882.8125,9.281349818181818,9.281349818181818,4531.909090909091,4531.909090909091,0.02010763636363677,9.818181818181984
1,512,10,2441.40625,9.604002909090909,9.604002909090909,2344.727272727273,2344.727272727273,0.0014894545454549046,0.36363636363648766
1,1518,10,823.4519104084321,9.880922545454546,9.880922545454546,813.6818181818182,813.6818181818182,0.07041090909090819,5.727272727272634
