cores,pkt_sz,target_rate,target_pps,rate_median,rate_mean,pps_median,pps_mean,rate_95ci,pps_95ci
1,64,1,1953.125,0.9603843636363636,0.9603843636363636,1500.4545454545455,1500.4545454545455,0.0011178181818182198,1.4545454545454959
1,256,1,488.28125,0.9295421818181818,0.9295421818181818,453.8636363636364,453.8636363636364,0.00024509090909097253,0.09090909090912191
1,512,1,244.140625,0.953250909090909,0.953250909090909,232.72727272727272,232.72727272727272,0.0,0.0
1,1518,1,82.34519104084322,1.05984,1.05984,87.27272727272727,87.27272727272727,0.0,0.0
