cores,pkt_sz,total_mean,total_stdev,total_95ci,total_median,user_mean,user_stdev,user_95ci,user_median,system_mean,system_stdev,system_95ci,system_median
1,64,0.02158305901952986,0.006334395551883844,0.012668791103767688,0.02051282051282055,0.011653438227893718,0.005185960763465873,0.010371921526931746,0.010256410256410256,0.008954886700106053,0.004146137243180091,0.008292274486360182,0.01020408163265306
2,64,0.03561170272699597,0.013172723234634472,0.026345446469268945,0.0357142857142857,0.014566484415008763,0.005284125169008699,0.010568250338017398,0.015384615384615385,0.018954527141794384,0.009341922702003506,0.018683845404007013,0.02040816326530612
