cores,pkt_sz,total_mean,total_stdev,total_95ci,total_median,user_mean,user_stdev,user_95ci,user_median,system_mean,system_stdev,system_95ci,system_median
1,64,0.061689724368419324,0.015713140109114024,0.03142628021822805,0.061855670103092786,0.04542412231157177,0.010747502345962792,0.021495004691925584,0.04639175257731959,0.01089797631454407,0.005751461662207967,0.011502923324415933,0.010309278350515464
2,64,0.07152950345362415,0.013051397497336166,0.026102794994672333,0.07216494845360821,0.047044606709848474,0.008274412410467145,0.01654882482093429,0.046632124352331605,0.017323756505190486,0.008231238021113377,0.016462476042226754,0.015544041450777202
