cores,pkt_sz,total_mean,total_stdev,total_95ci,total_median,user_mean,user_stdev,user_95ci,user_median,system_mean,system_stdev,system_95ci,system_median
1,64,0.5261295664471268,0.11168235188081413,0.22336470376162826,0.5935828877005347,0.145338171959524,0.10074078869332422,0.20148157738664843,0.20967741935483872,0.018592900750928378,0.010547266266461618,0.021094532532923236,0.02127659574468085
2,64,-1.0,-1.0,-1.0,-1.0,-1.0,-1.0,-1.0,-1.0,-1.0,-1.0,-1.0,-1.0
