cores,pkt_sz,total_mean,total_stdev,total_95ci,total_median,user_mean,user_stdev,user_95ci,user_median,system_mean,system_stdev,system_95ci,system_median
1,64,0.5529728992573016,0.14292449053370418,0.28584898106740836,0.6091606603115555,0.154358497565004,0.08712232016647095,0.1742446403329419,0.19729113702112738,0.02014109972996204,0.013502825176093547,0.027005650352187095,0.021108326371484264
2,64,-1.0,-1.0,-1.0,-1.0,-1.0,-1.0,-1.0,-1.0,-1.0,-1.0,-1.0,-1.0
