cores,pkt_sz,total_mean,total_stdev,total_95ci,total_median,user_mean,user_stdev,user_95ci,user_median,system_mean,system_stdev,system_95ci,system_median
1,64,0.12290770122217486,0.01764267455596405,0.0352853491119281,0.12565445026178013,0.09904908447478081,0.014539632066188751,0.029079264132377502,0.10079646515816729,0.013714305758943592,0.006335206484428801,0.012670412968857602,0.010554163185742132
2,64,0.12847948101637516,0.023647382994337284,0.04729476598867457,0.12435233160621761,0.09427346166933977,0.01473855076581664,0.02947710153163328,0.09254559873116575,0.019790791858611028,0.010957032377515366,0.021914064755030733,0.020618556701030927
