cores,pkt_sz,total_mean,total_stdev,total_95ci,total_median,user_mean,user_stdev,user_95ci,user_median,system_mean,system_stdev,system_95ci,system_median
1,64,0.343042077910711,0.06809811571995887,0.13619623143991774,0.35365853658536583,0.21310839184333422,0.042685683988927116,0.08537136797785423,0.22190656565656564,0.021903939219140918,0.011510311440301325,0.02302062288060265,0.018576029445594663
2,64,0.6071885806071105,0.016614477109900563,0.03322895421980113,0.608574973876698,0.4039050325843134,0.02342224985601501,0.04684449971203002,0.4005649717514125,0.033858327320725475,0.010712335777153137,0.021424671554306274,0.03478290092754402
