cores,pkt_sz,mwatt_mean,mwatt_stdev,mwatt_95ci,mwatt_median
1,64,1907.938253012048,372.2129897538859,14.192091371008473,1799.0
2,64,nan,nan,-999.0,nan
