cores,pkt_sz,mwatt_mean,mwatt_stdev,mwatt_95ci,mwatt_median
1,64,1820.425,231.08934284168106,9.271777739046797,1794.0
2,64,1895.38,316.3011786256889,25.601624109023533,1724.5
