cores,pkt_sz,mwatt_mean,mwatt_stdev,mwatt_95ci,mwatt_median
1,64,1977.5244444444445,463.7649314304515,17.537457531067957,1804.0
2,64,nan,nan,-999.0,nan
