cores,pkt_sz,mwatt_mean,mwatt_stdev,mwatt_95ci,mwatt_median
1,64,1684.9244444444444,68.88088641691719,2.6047584419826535,1701.0
2,64,1696.3007407407408,79.57028991079736,3.0089825372116366,1717.0
