cores,pkt_sz,total_mean,total_stdev,total_95ci,total_median,user_mean,user_stdev,user_95ci,user_median,system_mean,system_stdev,system_95ci,system_median
1,64,0.14820852091295947,0.003319835933380589,0.006639671866761178,0.1478696741854637,0.03767755594855079,0.0028522404540481175,0.005704480908096235,0.03759398496240601,0.0026722692180295125,0.001213134411747075,0.00242626882349415,0.002506265664160401
2,64,0.14998498939180233,0.003529027364653781,0.007058054729307562,0.15037593984962405,0.03859071819623491,0.003001551194878181,0.006003102389756362,0.0389374664604312,0.0029741300708184984,0.0013124120991228152,0.0026248241982456304,0.002512562814070352
3,64,0.1622738498057365,0.0036040880757619263,0.007208176151523853,0.1616915422885572,0.045730731944840466,0.003233453221014385,0.00646690644202877,0.04488778054862843,0.004461223277026078,0.0016287914483085221,0.0032575828966170443,0.004962779156327543
4,64,0.16176256314730095,0.003526236359397068,0.007052472718794136,0.1616915422885572,0.0451989172489451,0.0035192633674754744,0.007038526734950949,0.04488778054862843,0.004797781601161831,0.0015064774365813314,0.003012954873162663,0.004962779156327543
5,64,0.16283138204447656,0.003935577623577899,0.007871155247155799,0.1633663366336634,0.04595268733236382,0.003563935793222644,0.007127871586445288,0.046798029556650245,0.004995749400482271,0.0015295692826529737,0.0030591385653059473,0.004962779156327543
6,64,0.16575678106819686,0.0038936687339640565,0.007787337467928113,0.16625310173697272,0.04865575342798998,0.003515041014412625,0.00703008202882525,0.049566371029162476,0.005970735359764556,0.0014978116887037472,0.0029956233774074944,0.005012531328320802
7,64,0.16549956897349838,0.0035182053357493115,0.007036410671498623,0.16541353383458646,0.04651194435828674,0.003341389586745424,0.006682779173490848,0.04534005037783375,0.0066432599189461886,0.0017116979257320434,0.003423395851464087,0.007481296758104738
8,64,0.16657897413564923,0.003481357008706696,0.006962714017413392,0.16708229426433918,0.047090386305187755,0.0033823501115666805,0.006764700223133361,0.04738154613466334,0.006624703419165194,0.0016685204871785854,0.003337040974357171,0.007462686567164179
