cores,pkt_sz,total_mean,total_stdev,total_95ci,total_median,user_mean,user_stdev,user_95ci,user_median,system_mean,system_stdev,system_95ci,system_median
1,64,0.022035941607935133,0.002682281734334623,0.005364563468669246,0.021276595744680882,0.016786873795271915,0.0019483397759835256,0.003896679551967051,0.015957446808510637,0.004367099074962053,0.001480724760099658,0.002961449520199316,0.005291005291005291
2,64,0.02573177602154764,0.003089698699010899,0.006179397398021798,0.02659574468085102,0.01777566042576811,0.002424592803528033,0.004849185607056066,0.01856763925729443,0.0070367919327114425,0.0017307270040395099,0.0034614540080790198,0.007957559681697613
3,64,0.032265862890542396,0.0031304555000625394,0.006260911000125079,0.032258064516129004,0.020864427769915504,0.0025314594832413465,0.005062918966482693,0.021505376344086023,0.010738305539101014,0.001907479629749776,0.003814959259499552,0.010752688172043012
4,64,0.03655124259893067,0.0032751617742536204,0.006550323548507241,0.03527821963002237,0.02163835038499917,0.0024970216671269772,0.0049940433342539545,0.021621621621621623,0.013946685995029543,0.0021617120707718472,0.0043234241415436945,0.013550135501355014
5,64,0.04139928027770333,0.003761750790814027,0.007523501581628054,0.04081640208506104,0.023225427570564405,0.002717745927713678,0.005435491855427356,0.023085785182559375,0.017102749918334208,0.002405950586902499,0.004811901173804998,0.01634877384196185
6,64,0.04688419697561863,0.003904109589472618,0.007808219178945236,0.04644808743169404,0.024823277325708756,0.002889740373912476,0.005779480747824952,0.02459016393442623,0.019990775307338643,0.0024927957047514077,0.0049855914095028155,0.019178082191780823
7,64,0.0972689658380566,0.009296761972790425,0.01859352394558085,0.09882981601731605,0.024076334237890535,0.0036079762705599544,0.007215952541119909,0.02349869451697128,0.02114781619904182,0.0030372686154887625,0.006074537230977525,0.020833333333333332
8,64,0.10410194565239055,0.005042171298551139,0.010084342597102279,0.10416666666666663,0.02584604865662869,0.0029708401694639873,0.005941680338927975,0.026075663620539598,0.02430119936368628,0.0028876657176660505,0.005775331435332101,0.02349869451697128
