cores,pkt_sz,total_mean,total_stdev,total_95ci,total_median,user_mean,user_stdev,user_95ci,user_median,system_mean,system_stdev,system_95ci,system_median
1,64,0.008437180055934936,0.0020513834209880733,0.004102766841976147,0.007653061224489832,0.004651374191810339,0.0013973388116016354,0.002794677623203271,0.005089058524173028,0.0036289743335906977,0.0014031838472470934,0.0028063676944941867,0.0025575447570332483
2,64,0.009753450756999769,0.003573009661566932,0.007146019323133864,0.010230179028132946,0.00470376840397406,0.0021205190683790663,0.0042410381367581325,0.005115089514066497,0.0048607166485978735,0.00200857190877622,0.00401714381755244,0.005115089514066497
3,64,0.017145151713694334,0.0025665485450983355,0.005133097090196671,0.017948717948717996,0.007416285060723739,0.0015510897283997464,0.003102179456799493,0.007692307692307693,0.009586618497316254,0.0019125927277911573,0.0038251854555823145,0.010256410256410256
4,64,0.023301513780954117,0.0028560926822479454,0.005712185364495891,0.023195876288659822,0.009267094594606775,0.0017855477278311742,0.0035710954556623484,0.010282776349614395,0.013875815112139976,0.00235512983480813,0.00471025966961626,0.012919896640826873
5,64,0.029921123119941453,0.0036874247465644334,0.007374849493128867,0.030927835051546393,0.010957212414815013,0.0022511503281151426,0.004502300656230285,0.010362694300518135,0.018709110993108964,0.002916208291496847,0.005832416582993694,0.018134715025906734
6,64,0.03591444407926631,0.004023616988632597,0.008047233977265193,0.03626943005181349,0.012709943335619837,0.002433535893680224,0.004867071787360448,0.012953367875647668,0.02288469831053184,0.003388981327294189,0.006777962654588378,0.023316062176165803
7,64,0.049954352741660185,0.005123027533684068,0.010246055067368136,0.04922279792746109,0.013507168834456516,0.0034592707056229277,0.006918541411245855,0.012953367875647668,0.02503886130727808,0.0037116387107631135,0.007423277421526227,0.0234375
8,64,0.05360150201329962,0.004508059646082067,0.009016119292164134,0.05440414507772018,0.014817470696057496,0.002831424633289446,0.005662849266578892,0.015483896747382722,0.027351148699765546,0.004078882776972012,0.008157765553944023,0.02617801047120419
