cores,pkt_sz,total_mean,total_stdev,total_95ci,total_median,user_mean,user_stdev,user_95ci,user_median,system_mean,system_stdev,system_95ci,system_median
1,64,0.002175107712877645,0.002043414753043838,0.004086829506087676,0.0025188916876573986,0.0007297363224904798,0.0011754558413428352,0.0023509116826856704,0.0,0.0013987252480231458,0.0014257624429680135,0.002851524885936027,0.002512562814070352
2,64,0.004794036330238428,0.0035219795327271083,0.0070439590654542165,0.005063291139240533,0.001577015401242766,0.0016851540215380367,0.0033703080430760733,0.0025188916876574307,0.003185646447651335,0.0024639171454073124,0.004927834290814625,0.002544529262086514
3,64,0.013534871068023816,0.008023041810519103,0.016046083621038206,0.012690355329949221,0.004333532929595335,0.0030796141129996375,0.006159228225999275,0.002564102564102564,0.009185591098871944,0.005470611653415138,0.010941223306830276,0.007653061224489796
4,64,0.025125005760774238,0.013497268987675361,0.026994537975350723,0.022813724860245466,0.009437326752633193,0.005481904609810456,0.010963809219620911,0.007712082262210797,0.015640675282027477,0.00888477767368633,0.01776955534737266,0.012771412912991283
5,64,0.030333698124025383,0.015764333300258983,0.031528666600517966,0.028097108408580818,0.010104101312175281,0.005338349050398253,0.010676698100796507,0.010101074514555369,0.020213929706504458,0.011598118930671827,0.023196237861343654,0.017902813299232736
6,64,0.04646138396322841,0.013578705820294593,0.027157411640589185,0.045685279187817285,0.015191215217629195,0.0050172210890593524,0.010034442178118705,0.015306122448979591,0.03125450164025363,0.010368294979260532,0.020736589958521064,0.030379746835443037
7,64,0.05658637413876511,0.016437216082468523,0.032874432164937045,0.06068277713847331,0.009135946224183794,0.003780738985583022,0.007561477971166044,0.009937903534436996,0.047325666644681096,0.01423545027895187,0.02847090055790374,0.05037783375314862
8,64,0.0143389255628457,0.01513825535762009,0.03027651071524018,0.010781671159029615,0.0036512527407236888,0.004781445490064219,0.009562890980128438,0.0026990602462300577,0.010522204740233512,0.011082534448326627,0.022165068896653255,0.008108108108108109
