cores,pkt_sz,total_mean,total_stdev,total_95ci,total_median,user_mean,user_stdev,user_95ci,user_median,system_mean,system_stdev,system_95ci,system_median
1,64,0.02448298031665536,0.0036021624095329483,0.0072043248190658965,0.023622047244094446,0.020231984368809366,0.002810089587618054,0.005620179175236108,0.020887728459530026,0.0034922637163191457,0.0014504098806644213,0.0029008197613288426,0.002631578947368421
2,64,0.02625360726813262,0.003824457283633278,0.007648914567266556,0.026246719160105014,0.019557861122860665,0.003104218818419774,0.006208437636839548,0.018469656992084433,0.005166347467427549,0.0015403088756372541,0.0030806177512745082,0.005263157894736842
3,64,0.023963374663187417,0.004965132489216886,0.009930264978433773,0.0236531288852051,0.0181393420840173,0.0037962980128360504,0.007592596025672101,0.01834865537095821,0.005325343288129883,0.0017511308189961155,0.003502261637992231,0.005235602094240838
4,64,0.03108006954997005,0.006231899272793229,0.012463798545586458,0.02890937974858404,0.022004822597861982,0.004739579885720796,0.009479159771441592,0.02099737532808399,0.007966106187385339,0.0021980410119007434,0.004396082023801487,0.007874015748031496
5,64,0.0313036774721087,0.004497269377741881,0.008994538755483762,0.03149606299212604,0.020806517522378436,0.0032891906308412243,0.006578381261682449,0.02099737532808399,0.008449211066538441,0.0020924140084923834,0.004184828016984767,0.0079155672823219
6,64,0.038884875323877466,0.0074754693773335015,0.014950938754667003,0.040595473522302805,0.024794188994414993,0.004673477794704533,0.009346955589409065,0.024390243902439025,0.011699598258281782,0.00316710841516565,0.0063342168303313,0.010899182561307902
7,64,0.10181292095294911,0.008930297262730104,0.017860594525460207,0.10432569974554706,0.02572902167684034,0.002979396125556404,0.005958792251112808,0.02544529262086514,0.014562291634955931,0.002740728465205028,0.005481456930410056,0.015189873417721518
8,64,0.10458156060912455,0.009431986149506726,0.018863972299013453,0.1071428571428571,0.02681509195876694,0.0035033607633810867,0.007006721526762173,0.027918781725888325,0.015877955691586218,0.0027667711428459927,0.0055335422856919855,0.01532569549558954
