cores,pkt_sz,total_mean,total_stdev,total_95ci,total_median,user_mean,user_stdev,user_95ci,user_median,system_mean,system_stdev,system_95ci,system_median
1,64,0.0037466749934840604,0.0022547204054732747,0.0045094408109465495,0.0025316455696202667,0.0012900415101800048,0.001319052044494254,0.002638104088988508,0.0012531328320802004,0.0024255360550613715,0.0015777496451361826,0.003155499290272365,0.0025188916876574307
2,64,0.005291556499337631,0.0024340448102878397,0.004868089620575679,0.005076142131979711,0.0018939878128872894,0.001415491701160101,0.002830983402320202,0.0025380710659898475,0.0033350581179998197,0.0016957179765903973,0.0033914359531807946,0.002544529262086514
3,64,0.016613583715622434,0.005236007955054887,0.010472015910109773,0.016471971624643367,0.005433155291476381,0.002314377714543833,0.004628755429087666,0.005076142131979695,0.011149212604679094,0.003628328748062767,0.007256657496125534,0.01020408163265306
4,64,0.028516835653821557,0.00893313058459545,0.0178662611691909,0.027848101265822822,0.010251594322014956,0.0038595579235150474,0.007719115847030095,0.010101010101010102,0.018233742128005256,0.006005444633802688,0.012010889267605376,0.017721518987341773
5,64,0.035988542359471076,0.010141864629060488,0.020283729258120976,0.03562340966921118,0.011886044972024582,0.0037935070030972722,0.0075870140061945444,0.01256281407035176,0.02407124070088948,0.007522882657689297,0.015045765315378594,0.02518891687657431
6,64,0.0441195205172228,0.010924558230022701,0.021849116460045403,0.04336734693877553,0.01282743049068864,0.004649345455009558,0.009298690910019116,0.012674291589025253,0.031198240278042275,0.008289333842044461,0.016578667684088923,0.030690537084398978
7,64,0.05134002095787126,0.009799582586865132,0.019599165173730265,0.051150895140664954,0.01072687894000646,0.003550099956547273,0.007100199913094546,0.010256410256410256,0.03938456694490479,0.008375025310438374,0.01675005062087675,0.038461538461538464
8,64,0.022852377571306832,0.008551845176003343,0.017103690352006685,0.021333333333333315,0.005545013119055893,0.0032948015554315,0.006589603110863,0.005333333333333333,0.016028269781168086,0.006245683291400554,0.012491366582801108,0.015957446808510637
