cores,pkt_sz,target_rate,target_pps,rate_median,rate_mean,pps_median,pps_mean,rate_95ci,pps_95ci
1,64,0.5,976.5625,0.4803490909090909,0.4804322424242424,750.5454545454545,750.5757575757575,0.00023521498674792979,0.0857099128711259
2,64,0.5,976.5625,0.4803490909090909,0.48045947474747475,750.5454545454545,750.5858585858584,0.00024686433562601023,0.09034618090911323
3,64,0.5,976.5625,0.4803490909090909,0.4804315151515151,750.5454545454545,750.5757575757575,0.00023315818692159582,0.0857099128711259
4,64,0.5,976.5625,0.4803490909090909,0.4804315151515151,750.5454545454545,750.5757575757575,0.00033042984499129273,0.12121212121216256
5,64,0.5,976.5625,0.4803490909090909,0.48045947474747464,750.5454545454545,750.5858585858585,0.00024686433562601023,0.09034618090911321
6,64,0.5,976.5625,0.4803490909090909,0.48045947474747464,750.5454545454545,750.5858585858585,0.00024686433562601023,0.09034618090911321
7,64,0.5,976.5625,0.4803490909090909,0.48045947474747475,750.5454545454545,750.5858585858584,0.00024686433562601023,0.09034618090911323
8,64,0.5,976.5625,0.4803490909090909,0.4804315151515151,750.5454545454545,750.5757575757575,0.00023315818692159582,0.0857099128711259
