cores,pkt_sz,target_rate,target_pps,rate_median,rate_mean,pps_median,pps_mean,rate_95ci,pps_95ci
1,64,1000,1953125.0,744.7681163636364,744.7461111919192,1163700.1818181819,1163665.6666666667,0.08030896839044031,125.46125000376568
2,64,1000,1953125.0,744.7789963636363,744.7864937373737,1163717.1818181819,1163728.797979798,0.08526372276870871,133.0995409735991
3,64,1000,1953125.0,740.7274472727272,740.8462097777779,1157386.6363636365,1157572.0707070706,2.29324634095082,3583.0761373804194
4,64,1000,1953125.0,736.9556945454545,736.9621402828284,1151493.2727272727,1151503.2121212122,0.2787263575029982,435.4686107258411
5,64,1000,1953125.0,736.9357112727273,736.9122849292929,1151461.4545454546,1151425.313131313,0.3027612317282239,472.8931186247338
6,64,1000,1953125.0,737.037808,737.7027675959596,1151621.2727272727,1152660.4747474745,3.048537246244375,4763.36230361141
7,64,1000,1953125.0,736.4419098181819,736.6593362424242,1150690.1818181819,1151030.080808081,1.2830042370972239,2004.6044086604163
8,64,1000,1953125.0,736.57024,737.0906122020201,1150891.0,1151703.9494949493,2.187085398113017,3417.0923786237067
