cores,pkt_sz,target_rate,target_pps,rate_median,rate_mean,pps_median,pps_mean,rate_95ci,pps_95ci
1,64,10,19531.25,9.549730909090908,9.550020929292929,14921.454545454546,14921.808080808081,0.004167040381501749,6.627679079945065
2,64,10,19531.25,9.552843636363637,9.553011454545455,14926.318181818182,14926.431818181818,0.004910497993630923,7.482072236932777
3,64,10,19531.25,9.553745454545455,9.553200808080808,14927.727272727272,14926.777777777777,0.006701185308276641,10.363144099991004
4,64,10,19531.25,9.55067418181818,9.552181494949496,14922.636363636364,14925.151515151516,0.0075053967302173424,11.712189815157881
5,64,10,19531.25,9.551243636363637,9.551606141414144,14923.818181818182,14924.252525252523,0.008893745229871092,13.72316555796594
6,64,10,19531.25,9.552542545454545,9.553500282828283,14925.545454545454,14927.21212121212,0.0070779286301061025,11.128104544072492
7,64,10,19531.25,9.553757818181818,9.553377454545453,14927.454545454546,14927.020202020203,0.008768102819233646,13.611634891816518
8,64,10,19531.25,9.554036363636364,9.554056242424243,14928.181818181818,14928.080808080807,0.007139622925792287,10.944200889460172
