cores,pkt_sz,total_mean,total_stdev,total_95ci,total_median,user_mean,user_stdev,user_95ci,user_median,system_mean,system_stdev,system_95ci,system_median
1,64,0.01694389876002246,0.010242991940524939,0.020485983881049878,0.015306122448979553,0.0033878811924696784,0.004773773215017977,0.009547546430035954,0.0025,0.0124307695803163,0.006297734118536629,0.012595468237073257,0.010256410256410256
1,256,0.013990866308410729,0.005851486071390679,0.011702972142781359,0.015228426395939132,0.002396442408076212,0.0032687502711956262,0.0065375005423912525,0.0,0.01145197375788439,0.004955413809390598,0.009910827618781195,0.01020408163265306
1,512,0.016987144841914093,0.017955752391484104,0.03591150478296821,0.015228426395939132,0.004248955755257948,0.006778771134981494,0.013557542269962988,0.005076142131979695,0.012312996768900124,0.011909132154287636,0.02381826430857527,0.01020408163265306
1,1518,0.012021519295890135,0.0052083332422009024,0.010416666484401805,0.01025641025641022,0.0029668748426302212,0.003250812657784367,0.006501625315568734,0.0025380710659898475,0.008912921097250844,0.004358504196095017,0.008717008392190034,0.01015228426395939
