cores,pkt_sz,total_mean,total_stdev,total_95ci,total_median,user_mean,user_stdev,user_95ci,user_median,system_mean,system_stdev,system_95ci,system_median
1,64,0.4033296613144013,0.022959523641205837,0.045919047282411675,0.4044547224926972,0.03237338860862388,0.007902371976957331,0.015804743953914662,0.03174635168910747,0.1316960954507972,0.015125017480973753,0.030250034961947506,0.13057686842853083
1,256,0.11611449068261513,0.015296496614306,0.030592993228612,0.1179775280898876,0.011377747087493905,0.004992183456406644,0.009984366912813288,0.011235955056179775,0.03538049946138912,0.0068531680188379145,0.013706336037675829,0.03389830508474576
1,512,0.08640034167514676,0.016914749811135978,0.033829499622271955,0.08376198269815294,0.007022197291552786,0.003756480053696442,0.007512960107392884,0.005434782608695652,0.02299876270031409,0.008969882920386583,0.017939765840773166,0.021621621621621623
1,1518,0.029027785236646484,0.014755602085123286,0.029511204170246573,0.026109838568935395,0.004373299399360686,0.003989499700245472,0.007978999400490945,0.005235602094240838,0.015586253333273466,0.0064957505031583524,0.012991501006316705,0.015706806282722512
