cores,pkt_sz,total_mean,total_stdev,total_95ci,total_median,user_mean,user_stdev,user_95ci,user_median,system_mean,system_stdev,system_95ci,system_median
1,64,0.4590437269375269,0.03610652117856441,0.07221304235712882,0.45081967213114754,0.005172542274478617,0.0053095343877751205,0.010619068775550241,0.00546448087431694,0.028649712086201255,0.02243714139157735,0.0448742827831547,0.0325352526439483
1,256,0.5320810926975219,0.04765292640355324,0.09530585280710648,0.5257277271390768,0.004495541800528146,0.004140257625799803,0.008280515251599606,0.005451574569221628,0.03253917680373452,0.016227936387176636,0.03245587277435327,0.02850877192982456
1,512,0.5559050749005144,0.05183459360066321,0.10366918720132642,0.5596050014208582,0.004914513642832975,0.0038171549966285797,0.007634309993257159,0.005649717514124294,0.030326907111140604,0.012428632174085194,0.02485726434817039,0.027932960893854747
1,1518,0.24389486392857673,0.02432521621081637,0.04865043242163274,0.2446797806510037,0.02288154178562102,0.009001691411687133,0.018003382823374266,0.021739130434782608,0.09503987384261975,0.012131621049011256,0.02426324209802251,0.0928618807081994
