cores,pkt_sz,total_mean,total_stdev,total_95ci,total_median,user_mean,user_stdev,user_95ci,user_median,system_mean,system_stdev,system_95ci,system_median
1,64,0.03261987897679656,0.005853715930718505,0.01170743186143701,0.03157894736842104,0.004952733367898692,0.003255742616778122,0.006511485233556244,0.005235602094240838,0.018354111853515136,0.004339987532745253,0.008679975065490507,0.02072594501718213
1,256,0.022274686777925993,0.006345549232474241,0.012691098464948482,0.020618556701030966,0.0031369685641308496,0.002502580119989454,0.005005160239978908,0.00510204081632653,0.012277670014246256,0.004216623422546168,0.008433246845092337,0.010362694300518135
1,512,0.019911068392919173,0.008334492071258153,0.016668984142516306,0.020460491889063348,0.003557754163731131,0.00315015185587501,0.00630030371175002,0.00510204081632653,0.010669628328480611,0.004836689299874209,0.009673378599748417,0.010256410256410256
1,1518,0.015016875279912002,0.0053015336063908965,0.010603067212781793,0.015306122448979553,0.0025511450789087358,0.0032913217820422737,0.006582643564084547,0.0,0.011331186938218283,0.0044582809577361805,0.008916561915472361,0.010230245944531658
