cores,pkt_sz,target_rate,target_pps,rate_median,rate_mean,pps_median,pps_mean,rate_95ci,pps_95ci
1,64,1,1953.125,0.9569163636363636,0.9569163636363636,1495.1818181818182,1495.1818181818182,0.0009309090909092044,1.4545454545454959
1,256,1,488.28125,0.9264407272727273,0.9264407272727273,452.3636363636364,452.3636363636364,0.00558545454545456,2.727272727272748
1,512,1,244.140625,0.9530043636363636,0.9530043636363636,232.6818181818182,232.6818181818182,0.000996363636363573,0.2727272727272805
1,1518,1,82.34519104084322,1.0599658181818183,1.0599658181818183,87.31818181818181,87.31818181818181,0.00025163636363667585,0.09090909090909349
