cores,pkt_sz,target_rate,target_pps,rate_median,rate_mean,pps_median,pps_mean,rate_95ci,pps_95ci
1,64,0.1,195.3125,0.09315527272727273,0.09315527272727273,145.40909090909093,145.40909090909093,0.00012872727272728035,0.09090909090909349
1,256,0.1,48.828125,0.08325272727272728,0.08325272727272728,40.63636363636364,40.63636363636364,0.0003134545454545473,0.18181818181817988
1,512,0.1,24.4140625,0.07161636363636363,0.07161636363636363,17.5,17.5,0.000245090909090917,0.09090909090909349
1,1518,0.1,8.234519104084322,0.141312,0.141312,11.636363636363637,11.636363636363637,0.0,0.0
