cores,pkt_sz,target_rate,target_pps,rate_median,rate_mean,pps_median,pps_mean,rate_95ci,pps_95ci
1,64,10,19531.25,9.462002181818182,9.462002181818182,14784.227272727272,14784.227272727272,0.010453818181817454,16.636363636363967
1,256,10,4882.8125,9.276076363636363,9.276076363636363,4529.318181818182,4529.318181818182,0.028792727272726637,14.090909090909008
1,512,10,2441.40625,9.616044363636364,9.616044363636364,2347.681818181818,2347.681818181818,0.02209018181818223,5.363636363636488
1,1518,10,823.4519104084321,9.916253818181819,9.916253818181819,816.590909090909,816.590909090909,0.0002516363636360097,0.09090909090912191
