cores,pkt_sz,total_mean,total_stdev,total_95ci,total_median,user_mean,user_stdev,user_95ci,user_median,system_mean,system_stdev,system_95ci,system_median
1,64,0.5474445850720925,0.1610823209161894,0.3221646418323788,0.5189786059351278,0.10496914316359043,0.10247294861342769,0.20494589722685538,0.10220897615708274,0.03196163642355914,0.022980529846368475,0.04596105969273695,0.03260965883916704
1,128,0.6855321141351023,0.036611557264244664,0.07322311452848933,0.6745800263622852,0.16636310133675028,0.01865651592940175,0.0373130318588035,0.1688666109718741,0.07398015170503464,0.015180174300581398,0.030360348601162795,0.07124728063814359
1,256,0.5773084519394964,0.1348389127710404,0.2696778255420808,0.5781549026229877,0.0533261122550673,0.04948357741581588,0.09896715483163177,0.04601429687030696,0.05491266301998184,0.04377754041605252,0.08755508083210504,0.046224544963056405
1,512,0.6560402971872623,0.08495204316904154,0.16990408633808307,0.6723059244126659,0.052332130508862915,0.04737596358213684,0.09475192716427368,0.050563389147677204,0.08986434480786425,0.052495397949815385,0.10499079589963077,0.07966634429400388
1,1024,0.33389630016090555,0.04996682280503845,0.0999336456100769,0.35416666666666663,0.002721156900900159,0.004619814418889331,0.009239628837778662,0.0,0.003723525562292236,0.004976269696987131,0.009952539393974263,0.002512562814070352
1,1280,0.2793013570721076,0.030497708147671828,0.060995416295343656,0.28571621329879104,0.0024560715375636383,0.004172171297716507,0.008344342595433015,0.0,0.004463627510859138,0.005996344347134723,0.011992688694269445,0.002551020408163265
1,1518,0.22824966264141874,0.030127058592835092,0.060254117185670183,0.23711340206185572,0.003469067765462607,0.005197613308295873,0.010395226616591745,0.0,0.004619636181928472,0.008668245436041956,0.01733649087208391,0.0
