cores,pkt_sz,total_mean,total_stdev,total_95ci,total_median,user_mean,user_stdev,user_95ci,user_median,system_mean,system_stdev,system_95ci,system_median
1,64,0.5060880453471888,0.14091015854398128,0.28182031708796257,0.5026881720430108,0.07985333520580734,0.07779014369893622,0.15558028739787244,0.0647728560099694,0.05410486384549467,0.0466869251520356,0.0933738503040712,0.04838709677419355
1,128,0.6138491111346878,0.053250770420966605,0.10650154084193321,0.6145597210113338,0.12382848959201843,0.024629389094667102,0.049258778189334204,0.12534153005464482,0.12163646989211199,0.02377048167931956,0.04754096335863912,0.11891891891891893
1,256,0.6284525615999432,0.021010770836044978,0.042021541672089956,0.6280965391621129,0.10705938472463182,0.013018371315349078,0.026036742630698155,0.10625371360665478,0.1367796339818844,0.013180669281229246,0.02636133856245849,0.1362407935376574
1,512,0.6316618676051476,0.01796910515059193,0.03593821030118386,0.6287237793054821,0.09214879360285193,0.009535526447873463,0.019071052895746926,0.08916880991349077,0.13217151466246427,0.012201231639363925,0.02440246327872785,0.1276595744680851
1,1024,0.478199424291309,0.012333870211033392,0.024667740422066785,0.4755749405233941,0.13679254941734265,0.00700695886491786,0.01401391772983572,0.13554752931323283,0.07785447196085171,0.014054808427118844,0.028109616854237688,0.0790680107316819
1,1280,0.4311449452175291,0.014950653459188532,0.029901306918377064,0.43112065599375243,0.15774806113129924,0.01009174568510175,0.0201834913702035,0.15776183569874652,0.06111502833674049,0.01286731419205873,0.02573462838411746,0.06091370558375635
1,1518,0.4053109756155015,0.017857904781551914,0.03571580956310383,0.4025615400799495,0.17022356403720915,0.00862918779383345,0.0172583755876669,0.1696669310071372,0.050258833926452195,0.010285265013209812,0.020570530026419623,0.050505050505050504
