cores,pkt_sz,total_mean,total_stdev,total_95ci,total_median,user_mean,user_stdev,user_95ci,user_median,system_mean,system_stdev,system_95ci,system_median
1,64,0.2684110646512431,0.012712841611858003,0.025425683223716005,0.26463275665596186,0.24751186725228502,0.005588494458128707,0.011176988916257414,0.24615384615384617,0.013084641214991167,0.008203720633717848,0.016407441267435697,0.010256410256410256
1,128,0.2638267126100708,0.009703871995642141,0.019407743991284282,0.2602040816326531,0.251522326369818,0.0036097187488390173,0.007219437497678035,0.2512820512820513,0.007780639478773493,0.006941862614688858,0.013883725229377716,0.00510204081632653
1,256,0.26400486058702816,0.010369074667835477,0.020738149335670954,0.25954366518180877,0.2521866894430705,0.0033666031686375854,0.006733206337275171,0.25252525252525254,0.007315956753879386,0.007776657130856687,0.015553314261713374,0.005050505050505051
1,512,0.26107971756871323,0.008438857937391771,0.016877715874783542,0.25888324873096447,0.2527838338915722,0.0036271886868278636,0.007254377373655727,0.25252525252525254,0.004500106483616006,0.0062879068424272705,0.012575813684854541,0.005025125628140704
1,1024,0.26128132279496125,0.008495632700359055,0.01699126540071811,0.25888324873096447,0.2542821423227048,0.004439008137759462,0.008878016275518924,0.25252525252525254,0.003779468866090638,0.005490213162996518,0.010980426325993036,0.0
1,1280,0.2603818340331703,0.008290650579632488,0.016581301159264976,0.25757575757575757,0.25336636659552303,0.003207597777543934,0.006415195555087868,0.25252525252525254,0.004907486355677882,0.006353683306591244,0.012707366613182489,0.005025125628140704
1,1518,0.2603260104918369,0.006975820395552163,0.013951640791104326,0.25757575757575757,0.25318655231011,0.004028445449858933,0.008056890899717867,0.25252525252525254,0.0051746248476196854,0.005364703346017708,0.010729406692035415,0.005025125628140704
