cores,pkt_sz,total_mean,total_stdev,total_95ci,total_median,user_mean,user_stdev,user_95ci,user_median,system_mean,system_stdev,system_95ci,system_median
1,64,0.2758694476303616,0.009532426254709037,0.019064852509418074,0.2731958762886598,0.24057670107260526,0.005552602099969442,0.011105204199938884,0.23958333333333334,0.020457203406121935,0.0064770816311482,0.0129541632622964,0.020618556701030927
1,128,0.2697816498565371,0.011581580869537875,0.02316316173907575,0.2666666666666667,0.2481506209452316,0.006407964373402802,0.012815928746805604,0.24615384615384617,0.011529245023271502,0.0056790430572517345,0.011358086114503469,0.010256410256410256
1,256,0.26556627535496435,0.008501651915019719,0.017003303830039437,0.26262626262626265,0.250147484769755,0.0037685660495984444,0.007537132099196889,0.25,0.00777990475930369,0.006301117429462417,0.012602234858924834,0.00510204081632653
1,512,0.2680232619527715,0.011675490166435829,0.023350980332871658,0.2639593908629442,0.2511647615203743,0.0045525889625440035,0.009105177925088007,0.25,0.00941487910725598,0.008095088665126635,0.01619017733025327,0.009975124378109452
1,1024,0.2620941617700232,0.012676928353169449,0.025353856706338898,0.25888324873096447,0.25253775311844545,0.006074719991913496,0.012149439983826992,0.25125628140703515,0.004780725668804569,0.006651979246241627,0.013303958492483253,0.005025125628140704
1,1280,0.2615507481369545,0.008284750431281919,0.016569500862563837,0.25888324873096447,0.2517491277143402,0.003199023798835358,0.006398047597670716,0.2512691663445432,0.00559986616773907,0.005776909714209505,0.01155381942841901,0.005037815339322877
1,1518,0.26233096023566993,0.008143230569508655,0.01628646113901731,0.2613065326633166,0.2528058647679595,0.0040062690085923185,0.008012538017184637,0.25252525252525254,0.004756533898648873,0.005427681868412829,0.010855363736825658,0.005025125628140704
