cores,pkt_sz,total_mean,total_stdev,total_95ci,total_median,user_mean,user_stdev,user_95ci,user_median,system_mean,system_stdev,system_95ci,system_median
1,64,0.26054343883792064,0.009986456388466954,0.01997291277693391,0.25757575757575757,0.2530957227587435,0.005069282140064099,0.010138564280128198,0.25252525252525254,0.005620325877871158,0.006612499156848758,0.013224998313697516,0.005050505050505051
1,128,0.25892040597912236,0.0072403861088775135,0.014480772217755027,0.25757575757575757,0.2533086547525129,0.003992864830682638,0.007985729661365275,0.25252525252525254,0.004349822790740213,0.00547648437648774,0.01095296875297548,0.005025125628140704
1,256,0.25990010362319094,0.009078199709365875,0.01815639941873175,0.2562814070351759,0.25498263210497946,0.003318744318209418,0.006637488636418836,0.25380710659898476,0.004076418503217716,0.006850777478958724,0.013701554957917448,0.0
1,512,0.25821751474236776,0.00772717062016697,0.01545434124033394,0.2562814070351759,0.2544253059573544,0.00293397151829235,0.0058679430365847,0.25380710659898476,0.003371326206940403,0.005472390823294043,0.010944781646588086,0.0
1,1024,0.2606761231281889,0.015611988195140241,0.031223976390280482,0.25380710659898476,0.2547752857561205,0.004112776909193212,0.008225553818386425,0.25252525252525254,0.004352628193065575,0.00746354671581012,0.01492709343162024,0.0
1,1280,0.2572318632915307,0.009023644356403295,0.01804728871280659,0.25380710659898476,0.2542871166845219,0.0035572677591154474,0.007114535518230895,0.25252525252525254,0.002664867977046467,0.005516420412101738,0.011032840824203477,0.0
1,1518,0.25914556181332415,0.007263728700913793,0.014527457401827586,0.2562814070351759,0.2546631879394465,0.003867176482405207,0.007734352964810414,0.2531661795621186,0.004342787050873652,0.004922235433652285,0.00984447086730457,0.005025125628140704
