cores,pkt_sz,mwatt_mean,mwatt_stdev,mwatt_95ci,mwatt_median
1,64,1881.3,95.04902243930059,7.6933299932493355,1846.0
1,128,1859.9533333333334,87.64689282696918,7.09419678494271,1825.0
1,256,1855.9733333333334,88.50129540797064,10.249710106073053,1819.0
1,512,1845.3533333333332,86.62148591557538,7.011199679404285,1814.0
1,1024,1847.5466666666666,83.23609687042168,6.737184077649658,1814.0
1,1280,1833.66,66.15132450173112,5.354331436784037,1814.0
1,1518,1856.36,95.6939064587361,7.745527327230889,1814.0
