cores,pkt_sz,target_rate,target_pps,rate_median,rate_mean,pps_median,pps_mean,rate_95ci,pps_95ci
1,64,10,19531.25,9.507200000000001,9.507200000000001,14855.0,14855.0,0.007214545454546695,11.272727272727934
1,128,10,9765.625,8.67360581818182,8.67360581818182,8470.318181818182,8470.318181818182,0.003630545454546663,3.5454545454558684
1,256,10,4882.8125,9.294754909090909,9.294754909090909,4538.454545454545,4538.454545454545,0.0,0.0
1,512,10,2441.40625,9.628704727272726,9.628704727272726,2350.772727272727,2350.772727272727,0.0002516363636360097,0.09090909090946298
1,1024,10,1220.703125,9.771692363636364,9.771692363636364,1192.8636363636365,1192.8636363636365,0.0002516363636360097,0.0909090909092356
1,1280,10,976.5625,9.80725309090909,9.80725309090909,957.7727272727273,957.7727272727273,0.00025163636363423336,0.09090909090912191
1,1518,10,823.4519104084321,9.916253818181819,9.916253818181819,816.590909090909,816.590909090909,0.0002516363636360097,0.09090909090912191
