cores,pkt_sz,target_rate,target_pps,rate_median,rate_mean,pps_median,pps_mean,rate_95ci,pps_95ci
1,64,50,97656.25,1.9945112727272727,1.9945112727272727,3116.272727272727,3116.272727272727,3.6725134545454545,5737.999999999999
1,128,50,48828.125,7.087073090909091,7.087073090909091,6920.818181818182,6920.818181818182,0.014156363636363523,13.818181818181984
1,256,50,24414.0625,16.775476727272725,16.775476727272725,8191.136363636364,8191.136363636364,0.6495294545454549,317.1818181818171
1,512,50,12207.03125,35.143430181818175,35.143430181818175,8579.954545454544,8579.954545454544,0.15216945454545083,37.18181818181802
1,1024,50,6103.515625,49.08435236363636,49.08435236363636,6029.318181818182,6029.318181818182,0.6148996363636314,150.090909090909
1,1280,50,4882.8125,48.944407272727275,48.944407272727275,4779.727272727272,4779.727272727272,0.026065454545452837,2.545454545454959
1,1518,50,4117.259552042161,49.091015999999996,49.091015999999996,4042.409090909091,4042.409090909091,0.027599999999999625,2.2727272727270247
