cores,pkt_sz,target_rate,target_pps,rate_median,rate_mean,pps_median,pps_mean,rate_95ci,pps_95ci
1,64,100,195312.5,0.9352727272727273,0.9352727272727273,1461.3636363636365,1461.3636363636365,1.5949963636363635,2492.181818181818
1,128,100,97656.25,3.444968727272727,3.444968727272727,3364.227272727273,3364.227272727273,0.15406545454545473,150.4545454545455
1,256,100,48828.125,5.1658301818181815,5.1658301818181815,2522.363636363636,2522.363636363636,7.650896727272727,3735.8181818181815
1,512,100,24414.0625,9.128989454545454,9.128989454545454,2228.7727272727275,2228.7727272727275,10.560477818181818,2578.2727272727275
1,1024,100,12207.03125,0.00012254545454545455,0.00012254545454545455,0.045454545454545456,0.045454545454545456,0.0002450909090909091,0.09090909090909091
1,1280,100,9765.625,0.00012254545454545455,0.00012254545454545455,0.045454545454545456,0.045454545454545456,0.0002450909090909091,0.09090909090909091
1,1518,100,8234.519104084322,0.0,0.0,0.0,0.0,0.0,0.0
