cores,pkt_sz,target_rate,target_pps,rate_median,rate_mean,pps_median,pps_mean,rate_95ci,pps_95ci
1,64,1,1953.125,0.9608207272727273,0.9608207272727273,1501.1363636363635,1501.1363636363635,0.00024509090909097253,0.0909090909092356
1,128,1,976.5625,0.8700898181818182,0.8700898181818182,849.5454545454545,849.5454545454545,6.545454545481277e-06,0.0
1,256,1,488.28125,0.9295454545454545,0.9295454545454545,453.8636363636364,453.8636363636364,0.0002516363636363428,0.09090909090912191
1,512,1,244.140625,0.9533767272727272,0.9533767272727272,232.77272727272725,232.77272727272725,0.0002516363636363428,0.09090909090909349
1,1024,1,122.0703125,0.9533767272727272,0.9533767272727272,116.4090909090909,116.4090909090909,0.0002516363636363428,0.09090909090909349
1,1280,1,97.65625,1.0129549090909091,1.0129549090909091,98.95454545454545,98.95454545454545,0.0002516363636364538,0.09090909090909349
1,1518,1,82.34519104084322,1.0599658181818183,1.0599658181818183,87.31818181818181,87.31818181818181,0.00025163636363667585,0.09090909090909349
