cores,pkt_sz,total_mean,total_stdev,total_95ci,total_median,user_mean,user_stdev,user_95ci,user_median,system_mean,system_stdev,system_95ci,system_median
1,64,0.06011685504865933,0.014084471654086404,0.02816894330817281,0.0625,0.041525756499211315,0.010239750347333985,0.02047950069466797,0.041884816753926704,0.009065326212467155,0.004572659125794337,0.009145318251588675,0.010309278350515464
2,64,0.08423482607287486,0.016568934352279872,0.033137868704559745,0.08333333333333337,0.05080112152984316,0.009150061006505823,0.018300122013011646,0.05154639175257732,0.018775623941519454,0.008846153536342136,0.017692307072684273,0.015873015873015872
3,64,0.09582606743478238,0.012870317194812898,0.025740634389625795,0.09424083769633507,0.0520540988577175,0.007876481962188943,0.015752963924377885,0.05235602094240838,0.02645753097488275,0.008357039580885557,0.016714079161771114,0.026041666666666668
4,64,0.10848244533763064,0.011214908848201843,0.022429817696403686,0.109375,0.05412991955776899,0.008483614399204685,0.01696722879840937,0.05319148936170213,0.03438080952571633,0.00827396899795118,0.01654793799590236,0.032000227557173744
5,64,0.12100869778844407,0.009906703783158123,0.019813407566316246,0.12105263157894741,0.055842227757740816,0.007553985267761805,0.01510797053552361,0.057291666666666664,0.04402215316303953,0.008627210683128574,0.01725442136625715,0.04266697007623165
