cores,pkt_sz,total_mean,total_stdev,total_95ci,total_median,user_mean,user_stdev,user_95ci,user_median,system_mean,system_stdev,system_95ci,system_median
1,64,0.36168609471794744,0.09089983750440019,0.18179967500880037,0.3924050632911392,0.2070270455578173,0.04514289705919521,0.09028579411839043,0.21712938711367208,0.02327601570650269,0.014922356398960984,0.029844712797921967,0.022988505747126436
2,64,0.4677309522868989,0.24159758826630987,0.48319517653261973,0.628892455858748,0.26192668490665366,0.1696563641259917,0.3393127282519834,0.36389910667367315,0.028346748373034955,0.01230155749748545,0.0246031149949709,0.028818683143977144
3,64,0.3114542150683763,0.2655797786812782,0.5311595573625564,0.19935897435897432,0.11104147034971001,0.2025063181966421,0.4050126363932842,0.0063092110500756315,0.03643436823178374,0.015368769173303076,0.030737538346606152,0.035608622147083685
4,64,0.9480303486381834,0.03220744520584673,0.06441489041169346,0.9590790162218734,0.5695880008198815,0.025416484140664896,0.05083296828132979,0.5717967599410898,0.057738678447706755,0.012174355735306194,0.024348711470612388,0.05670103092783505
5,64,0.9020312574754603,0.0653962746184433,0.1307925492368866,0.9155666945140629,0.5471765410757417,0.0447344794240919,0.0894689588481838,0.5515463917525774,0.05414501208972109,0.013361010377251965,0.02672202075450393,0.052083333333333336
