cores,pkt_sz,total_mean,total_stdev,total_95ci,total_median,user_mean,user_stdev,user_95ci,user_median,system_mean,system_stdev,system_95ci,system_median
1,64,0.020330630110192278,0.011804610135792844,0.023609220271585688,0.020408163265306145,0.0075390129303183695,0.005028596624134746,0.010057193248269492,0.005154639175257732,0.011564267948668085,0.00825533287093837,0.01651066574187674,0.010256410256410256
2,64,0.03038009290426839,0.006849688154393992,0.013699376308787984,0.03076923076923077,0.009326899515007758,0.0043151698672656905,0.008630339734531381,0.010256410256410256,0.019279781087446234,0.005296155237231956,0.010592310474463911,0.020512820512820513
3,64,0.04110671472831576,0.009132781524433694,0.018265563048867388,0.04123711340206182,0.01171794273592268,0.005417322284684273,0.010834644569368546,0.010416666666666666,0.027510047951196697,0.00713837175904996,0.01427674351809992,0.026041666666666668
4,64,0.05278257141697344,0.011758220090924898,0.023516440181849795,0.051813471502590636,0.012676757336230863,0.005730879331811382,0.011461758663622763,0.010443935427574172,0.03792647608543932,0.00926909345555599,0.01853818691111198,0.03626943005181347
5,64,0.06850853607972597,0.020253647704958952,0.040507295409917904,0.06735751295336789,0.015263741537179012,0.006339561682833163,0.012679123365666326,0.015463917525773196,0.04977931831464838,0.010875572840272647,0.021751145680545293,0.04712041884816754
