cores,pkt_sz,total_mean,total_stdev,total_95ci,total_median,user_mean,user_stdev,user_95ci,user_median,system_mean,system_stdev,system_95ci,system_median
1,64,0.5396081888709348,0.10784772910367496,0.21569545820734992,0.5806451612903225,0.1725309333819651,0.09262258581758971,0.18524517163517942,0.2192513368983957,0.021493341360785904,0.018878845267374367,0.037757690534748735,0.0213903743315508
2,64,0.35651163401976377,0.0287533037747251,0.0575066075494502,0.3522727272727273,0.0022951442771082676,0.003034278135576559,0.006068556271153118,0.0,0.014946191809443017,0.009041971024713881,0.018083942049427763,0.016806854560291254
3,64,0.37573741291874196,0.03220738707461895,0.0644147741492379,0.36627906976744184,0.003863777812619816,0.004712578926813278,0.009425157853626557,0.00558659217877095,0.024250876332729134,0.011108907935968802,0.022217815871937604,0.022792207792207794
4,64,0.5129776063871931,0.12408938652185023,0.24817877304370045,0.4563230066023362,0.09204826101711469,0.11025537029788791,0.22051074059577583,0.01699730354391371,0.048456854348534535,0.015977407907051357,0.03195481581410271,0.045714285714285714
5,64,-1.0,-1.0,-1.0,-1.0,-1.0,-1.0,-1.0,-1.0,-1.0,-1.0,-1.0,-1.0
