cores,pkt_sz,total_mean,total_stdev,total_95ci,total_median,user_mean,user_stdev,user_95ci,user_median,system_mean,system_stdev,system_95ci,system_median
1,64,0.08731531036998585,0.15619349866298732,0.31238699732597464,0.03626943005181349,0.0338519496055823,0.04332836163515191,0.08665672327030383,0.02564102564102564,0.012684187821354234,0.013229702905436536,0.026459405810873072,0.010256410256410256
2,64,0.05137631176297657,0.012181318261302351,0.024362636522604703,0.05154639175257736,0.026307933164405297,0.0065279680618311525,0.013055936123662305,0.025906735751295335,0.017837637817598038,0.007509323055043242,0.015018646110086483,0.015625
3,64,0.0636692606268309,0.008784017814569382,0.017568035629138765,0.0625,0.02908412837787903,0.0063597126236052725,0.012719425247210545,0.030927835051546393,0.025300611916883098,0.005973754510328597,0.011947509020657193,0.025906735751295335
4,64,0.07262036538953788,0.007876614174014283,0.015753228348028565,0.0732984293193717,0.030245120949356843,0.0060376108429333565,0.012075221685866713,0.03125,0.03273809001812919,0.006941954310062565,0.01388390862012513,0.031496279966933036
5,64,0.09072864958126373,0.012979761060075704,0.02595952212015141,0.08900523560209428,0.03366619216285837,0.006931352271392559,0.013862704542785117,0.031746031746031744,0.04605840575619929,0.009654675290540171,0.019309350581080343,0.046875
