cores,pkt_sz,target_rate,target_pps,rate_median,rate_mean,pps_median,pps_mean,rate_95ci,pps_95ci
1,64,50,97656.25,11.029197090909092,10.910862060606059,17232.81818181818,17048.121212121212,5.017969573130546,7840.641222067645
2,64,50,97656.25,13.943796363636363,12.900539393939395,21787.18181818182,20156.959595959594,3.1794742100974895,4967.84351402896
3,64,50,97656.25,10.797614545454545,11.956065373737372,16871.272727272728,18681.252525252523,4.323367317305548,6755.1856149614705
4,64,50,97656.25,6.642792727272727,6.152661737373737,10379.363636363636,9613.434343434343,3.2737871608630518,5115.239880593746
5,64,50,97656.25,nan,nan,nan,nan,nan,nan
