cores,pkt_sz,target_rate,target_pps,rate_median,rate_mean,pps_median,pps_mean,rate_95ci,pps_95ci
1,64,0.1,195.3125,0.09309090909090909,0.09309090909090909,145.45454545454547,145.45454545454547,0.0,0.0
2,64,0.1,195.3125,0.09309090909090909,0.09305195959595959,145.45454545454547,145.2929292929293,0.0007883424980910869,1.110192457699729
3,64,0.1,195.3125,0.09309090909090909,0.09317333333333333,145.45454545454547,145.4848484848485,0.00023315818692158687,0.08570991287107231
4,64,0.1,195.3125,0.09309090909090909,0.09320129292929293,145.45454545454547,145.4949494949495,0.0002468643356259961,0.09034618090905673
5,64,0.1,195.3125,0.09309090909090909,0.09309575757575758,145.45454545454547,145.36363636363637,0.0005459777154320407,0.7119600075436734
