cores,pkt_sz,target_rate,target_pps,rate_median,rate_mean,pps_median,pps_mean,rate_95ci,pps_95ci
1,64,0.5,976.5625,0.4803490909090909,0.48037705050505053,750.5454545454545,750.5555555555555,0.00015816335921815217,0.05713994191408393
2,64,0.5,976.5625,0.47988363636363635,0.4797412525252525,749.5454545454545,749.4949494949494,0.0009868956691202948,1.4773741655581212
3,64,0.5,976.5625,0.4794181818181818,0.47888,749.0909090909091,748.1515151515152,0.0033056930584792294,5.221977994797102
4,64,0.5,976.5625,0.48017454545454546,0.4798582626262627,750.0909090909091,749.6464646464647,0.0009956591052011788,1.3563967944722655
5,64,0.5,976.5625,0.47883636363636367,0.478445494949495,748.1818181818181,747.5050505050505,0.0020129602469549043,3.152809886852461
