cores,pkt_sz,total_mean,total_stdev,total_95ci,total_median,user_mean,user_stdev,user_95ci,user_median,system_mean,system_stdev,system_95ci,system_median
1,64,0.37832335576738746,0.035601955828925204,0.07120391165785041,0.36898395721925137,0.00539104048299578,0.0064872534594511795,0.012974506918902359,0.005376344086021506,0.016183310821198282,0.005515956179674725,0.01103191235934945,0.016129032258064516
1,128,0.38624431230050704,0.03827121381244844,0.07654242762489688,0.37765957446808507,0.005837821733157321,0.00524727099385691,0.01049454198771382,0.005434782608695652,0.01842967749983083,0.007913325361180655,0.01582665072236131,0.01634889522451889
1,256,0.5305721195279466,0.1387833624045636,0.2775667248091272,0.5106951871657754,0.0031697757718844016,0.0034961420414592517,0.006992284082918503,0.0026455026455026454,0.011709215479137022,0.008257946363963953,0.016515892727927906,0.010781749491426912
1,512,0.5934737172556014,0.1281075636875645,0.256215127375129,0.6153813678581481,0.002700191508694771,0.0032341704079464524,0.006468340815892905,0.0,0.013425292047028331,0.009407311568040191,0.018814623136080382,0.010810810810810811
1,1024,0.331172185448577,0.03289246024353476,0.06578492048706952,0.3207538944431527,0.004458472891277119,0.005084546046289232,0.010169092092578463,0.0053475935828877,0.014132220572331738,0.011318866041782559,0.022637732083565117,0.010781749491426912
1,1280,0.2743706092694065,0.10710045370714341,0.21420090741428682,0.3163561612328216,0.004264388742183537,0.004756869278501274,0.009513738557002547,0.005305077113587752,0.017959782144633417,0.019518313587726363,0.039036627175452726,0.015957446808510637
1,1518,0.3238946000326166,0.031461562315426544,0.06292312463085309,0.31564874753729244,0.0054675744328197004,0.007713185174953263,0.015426370349906526,0.0053475935828877,0.018511997573803205,0.017928730609670387,0.035857461219340775,0.015915231340763253
