cores,pkt_sz,total_mean,total_stdev,total_95ci,total_median,user_mean,user_stdev,user_95ci,user_median,system_mean,system_stdev,system_95ci,system_median
1,64,0.05494823139752435,0.014504391042626836,0.029008782085253672,0.05820105820105825,0.0026559576853891903,0.003860051565520382,0.007720103131040764,0.0,0.012934535562496111,0.006717331268395773,0.013434662536791545,0.010752688172043012
1,128,0.0412099633226002,0.012870475800543024,0.025740951601086047,0.04166779697799966,0.003327977757929376,0.0032674186157532516,0.006534837231506503,0.0051679931627584,0.009694620194084786,0.005205165409086068,0.010410330818172137,0.010309552278464196
1,256,0.03272048225412825,0.00910200240538949,0.01820400481077898,0.03562364031907178,0.0032883304108211327,0.0024724564442752703,0.0049449128885505405,0.00510204081632653,0.01171022518950675,0.004253073451362092,0.008506146902724184,0.010498759988977681
1,512,0.027029561028085975,0.009747515928470068,0.019495031856940136,0.025839965813792,0.0028389467035565673,0.0034934464787260964,0.006986892957452193,0.0,0.011521506244936187,0.004390761676813813,0.008781523353627627,0.010309278350515464
1,1024,0.019141980025436735,0.005991148207713075,0.01198229641542615,0.020408163265306145,0.0036863641333238057,0.002586162266680541,0.005172324533361082,0.005076142131979695,0.010064848779151847,0.00405171621479264,0.00810343242958528,0.01020408163265306
1,1280,0.017312061231057062,0.006451292385790488,0.012902584771580976,0.01783296886389668,0.0031260798081119475,0.003026040629388073,0.006052081258776146,0.005050505050505051,0.009355571968767112,0.005422663563311311,0.010845327126622622,0.01015228426395939
1,1518,0.017860604448289196,0.005783679936956156,0.011567359873912312,0.02030456852791873,0.0024079252161107478,0.0030591306874303047,0.006118261374860609,0.0,0.011478507209420594,0.004362180370905152,0.008724360741810305,0.010256410256410256
