cores,pkt_sz,total_mean,total_stdev,total_95ci,total_median,user_mean,user_stdev,user_95ci,user_median,system_mean,system_stdev,system_95ci,system_median
1,64,0.01677426966811102,0.006599468375711153,0.013198936751422306,0.01538461538461533,0.002415979584579839,0.0028206338373548815,0.005641267674709763,0.0,0.010239428530719304,0.004640747660154562,0.009281495320309124,0.010256410256410256
1,128,0.015630783695712747,0.008012538296475533,0.016025076592951066,0.015306122448979553,0.0032684704470162425,0.003449454912058195,0.00689890982411639,0.005076142131979695,0.010517662167400615,0.0062778671190995596,0.012555734238199119,0.01020408163265306
1,256,0.01715908593105682,0.016057064490153147,0.03211412898030629,0.015228426395939132,0.003113626675386405,0.005675848577261766,0.011351697154523532,0.0,0.011633203060980708,0.010394646606796249,0.020789293213592498,0.01020408163265306
1,512,0.019116863799334013,0.019270783015851417,0.038541566031702834,0.015306122448979553,0.002975632732308741,0.005314208367084564,0.010628416734169128,0.0,0.014299436383097476,0.01468915671357555,0.0293783134271511,0.012692327617468788
1,1024,0.015082097790439286,0.016608627225805216,0.03321725445161043,0.01025641025641022,0.0032656689184680076,0.0038547814559780113,0.0077095629119560225,0.0025252525252525255,0.009801345562015007,0.007751252659882752,0.015502505319765504,0.01015228426395939
1,1280,0.014710272234600082,0.006849203344583734,0.013698406689167468,0.015228426395939132,0.0025482377049421004,0.003298050205035857,0.006596100410071714,0.0,0.011595060934333878,0.005286036525630469,0.010572073051260938,0.01020408163265306
1,1518,0.01315599615179219,0.004959928835737781,0.009919857671475562,0.012742418326174676,0.003395649442793771,0.0026854607011869702,0.0053709214023739404,0.005076142131979695,0.009478331546030887,0.004328320051663836,0.008656640103327671,0.01020408163265306
