cores,pkt_sz,total_mean,total_stdev,total_95ci,total_median,user_mean,user_stdev,user_95ci,user_median,system_mean,system_stdev,system_95ci,system_median
1,64,0.3401452033286658,0.026474508030061985,0.05294901606012397,0.33333333333333337,0.0047592978544379275,0.0037311748432586286,0.007462349686517257,0.0053475935828877,0.016948725132193348,0.0051977587158935174,0.010395517431787035,0.016129032258064516
1,128,0.33148065279076044,0.013537603301862454,0.027075206603724908,0.3315217391304348,0.004753876076350356,0.00481465947640642,0.00962931895281284,0.005319148936170213,0.016797580633947304,0.009159150547034776,0.018318301094069553,0.016000113778586872
1,256,0.3313600280313289,0.02552180747006613,0.05104361494013226,0.3288433594885208,0.0029856241443057038,0.0032274141255422325,0.006454828251084465,0.002631578947368421,0.010585701994941691,0.009324530380969831,0.018649060761939663,0.00807983402004617
1,512,0.3441730533277944,0.01962271465458992,0.03924542930917984,0.33870967741935487,0.005103052615949544,0.0047693319693016215,0.009538663938603243,0.005376344086021506,0.015479773601532944,0.007777273439010024,0.015554546878020048,0.01608590650336381
1,1024,0.31235826491401025,0.020343730333760784,0.04068746066752157,0.31099419239836695,0.0034066416595758056,0.003573159186350714,0.007146318372701428,0.005263303692623064,0.012941384535544932,0.008026469110789846,0.01605293822157969,0.015957446808510637
1,1280,0.3051638548557041,0.0280166187824261,0.0560332375648522,0.3035840395480226,0.003905739425632367,0.005659872612552972,0.011319745225105943,0.0,0.012484867927144174,0.009343198441143596,0.018686396882287192,0.010899263483012591
1,1518,0.2591491318738986,0.04398164780962176,0.08796329561924351,0.2646182495344507,0.003727915944779256,0.0032172163398398327,0.006434432679679665,0.0055248618784530384,0.01126659659835328,0.00570134453855965,0.0114026890771193,0.011111111111111112
