cores,pkt_sz,total_mean,total_stdev,total_95ci,total_median,user_mean,user_stdev,user_95ci,user_median,system_mean,system_stdev,system_95ci,system_median
1,64,0.2932927229277855,0.025858939245026972,0.051717878490053944,0.28762826998121116,0.003230665378514393,0.003997156423500086,0.007994312847000171,0.0,0.009986384710658392,0.006444703506262271,0.012889407012524542,0.010638297872340425
1,128,0.28651646017010957,0.038334410837863056,0.07666882167572611,0.2861003861003861,0.0032282157759334178,0.003589937496611842,0.007179874993223684,0.005208333333333333,0.012339215317349737,0.008841672396430713,0.017683344792861426,0.010526315789473684
1,256,0.2825042642380435,0.030017590457540145,0.06003518091508029,0.2881350267379679,0.004615898382038092,0.005518626545949647,0.011037253091899294,0.005319148936170213,0.01236737613227317,0.008025304130597702,0.016050608261195403,0.010723937668909205
1,512,0.16067320323527604,0.04306124279307052,0.08612248558614104,0.16574585635359118,0.00531783655750535,0.005558617921956719,0.011117235843913439,0.005434782608695652,0.01572315581813614,0.015032003255915645,0.03006400651183129,0.01092896174863388
1,1024,0.06591823018879918,0.015791225943402817,0.03158245188680563,0.06542478822271569,0.002355787586455311,0.003397015433949687,0.006794030867899374,0.0,0.010737648189238478,0.003402518880312292,0.006805037760624584,0.010582010582010581
1,1280,0.05201478193480427,0.009793205623636673,0.019586411247273346,0.048650070126227185,0.002056224869645087,0.002863607877457791,0.005727215754915582,0.0,0.00966215405207098,0.004359312741190924,0.008718625482381849,0.010498759988977681
1,1518,0.04685802498091429,0.012967826114121478,0.025935652228242956,0.04699770942408377,0.002468668171373341,0.0026099495543540708,0.0052198991087081415,0.0,0.010767159899746456,0.004757671085915177,0.009515342171830353,0.010471204188481676
