cores,pkt_sz,total_mean,total_stdev,total_95ci,total_median,user_mean,user_stdev,user_95ci,user_median,system_mean,system_stdev,system_95ci,system_median
1,64,0.03139134068804729,0.00924096582807111,0.01848193165614222,0.03133180628272253,0.003042905200794102,0.002847136528575088,0.005694273057150176,0.0051679931627584,0.009256800879979144,0.004593177428001824,0.009186354856003647,0.010416666666666666
1,128,0.02845795504664389,0.006100163976525535,0.01220032795305107,0.02839512768458169,0.0041482163929703894,0.0031574804321360607,0.006314960864272121,0.005128205128205128,0.010287077338839474,0.004335882304696924,0.008671764609393848,0.010309278350515464
1,256,0.024044660823407185,0.009575376758758969,0.019150753517517938,0.025316617956211873,0.0035577466664175436,0.0031548955660048684,0.006309791132009737,0.005076142131979695,0.011100079348092965,0.0054566166493222315,0.010913233298644463,0.01028284430346286
1,512,0.02193270047906627,0.0067800930111682894,0.013560186022336579,0.022882672882672928,0.0022640503348920473,0.002531372263606355,0.00506274452721271,0.0,0.012309517026334671,0.004818019064838204,0.009636038129676408,0.010309278350515464
1,1024,0.015603123797218316,0.006964640956664509,0.013929281913329018,0.01538461538461533,0.0024065078558847385,0.0030531487038863354,0.006106297407772671,0.0,0.009932536751799182,0.003957491323295967,0.007914982646591934,0.01020408163265306
1,1280,0.015441998955007188,0.007413972457180032,0.014827944914360064,0.015306122448979553,0.0032561061084145446,0.0032142559159967564,0.006428511831993513,0.005050505050505051,0.009631853571120612,0.004742900325013082,0.009485800650026164,0.01020408163265306
1,1518,0.016985221890235203,0.0050531591631886455,0.010106318326377291,0.01538461538461533,0.0029690988069843685,0.0027800989416792046,0.005560197883358409,0.005050505050505051,0.01159588665479599,0.004534947967321574,0.009069895934643147,0.010256410256410256
