cores,pkt_sz,mwatt_mean,mwatt_stdev,mwatt_95ci,mwatt_median
1,64,1746.28,71.71639700933113,5.80477204246904,1708.5
1,128,1726.4533333333334,67.65516355427393,5.476053152494842,1703.5
1,256,1720.64,58.696312206702274,4.750917869579666,1696.0
1,512,1690.9533333333334,31.210326638612564,2.5261842348908203,1691.0
1,1024,1705.04,31.273179136975077,3.6218794173764763,1691.0
1,1280,1702.56,30.32940926999184,2.4548822073721794,1696.0
1,1518,1709.3133333333333,44.02683070835581,3.5635604502151637,1696.0
