cores,pkt_sz,target_rate,target_pps,rate_median,rate_mean,pps_median,pps_mean,rate_95ci,pps_95ci
1,64,0.5,976.5625,0.47608836363636364,0.47608836363636364,743.5909090909091,743.5909090909091,0.003193454545454555,5.0
1,128,0.5,488.28125,0.4320970909090909,0.4320970909090909,421.8181818181818,421.8181818181818,0.0009374545454545191,0.9090909090908781
1,256,0.5,244.140625,0.46148109090909095,0.46148109090909095,225.3181818181818,225.3181818181818,0.0009898181818181473,0.45454545454543904
1,512,0.5,122.0703125,0.476748,0.476748,116.4090909090909,116.4090909090909,0.00024509090909097253,0.09090909090909349
1,1024,0.5,61.03515625,0.476748,0.476748,58.22727272727273,58.22727272727273,0.00024509090909097253,0.09090909090909349
1,1280,0.5,48.828125,0.5363261818181818,0.5363261818181818,52.40909090909091,52.40909090909091,0.00024509090909097253,0.09090909090908639
1,1518,0.5,41.17259552042161,0.5653705454545455,0.5653705454545455,46.59090909090909,46.59090909090909,0.00024509090909097253,0.09090909090908639
