cores,pkt_sz,target_rate,target_pps,rate_median,rate_mean,pps_median,pps_mean,rate_95ci,pps_95ci
1,64,100,195312.5,0.9975854545454546,0.9975854545454546,1558.7272727272727,1558.7272727272727,0.06411636363636364,100.18181818181802
1,128,100,97656.25,1.8244421818181817,1.8244421818181817,1781.6818181818182,1781.6818181818182,0.015918545454545407,15.545454545454504
1,256,100,48828.125,4.659605090909091,4.659605090909091,2275.181818181818,2275.181818181818,0.20138327272727352,98.36363636363649
1,512,100,24414.0625,10.390560727272728,10.390560727272728,2536.772727272727,2536.772727272727,0.2534589090909076,61.90909090909054
1,1024,100,12207.03125,18.580945454545457,18.580945454545457,2268.181818181818,2268.181818181818,0.40513163636363814,49.454545454545496
1,1280,100,9765.625,24.48629309090909,24.48629309090909,2391.272727272727,2391.272727272727,2.7301047272727246,266.5454545454545
1,1518,100,8234.519104084322,29.28703781818182,29.28703781818182,2411.681818181818,2411.681818181818,2.049275636363639,168.81818181818153
