cores,pkt_sz,target_rate,target_pps,rate_median,rate_mean,pps_median,pps_mean,rate_95ci,pps_95ci
1,64,1,1953.125,0.9419698181818181,0.9419698181818181,1471.6818181818182,1471.6818181818182,0.007434909090909048,11.909090909090992
1,128,1,976.5625,0.8579552727272728,0.8579552727272728,837.7727272727273,837.7727272727273,0.005272000000000054,5.0
1,256,1,488.28125,0.9146476363636364,0.9146476363636364,446.5909090909091,446.5909090909091,0.0009898181818180918,0.45454545454543904
1,512,1,244.140625,0.9520701818181818,0.9520701818181818,232.45454545454544,232.45454545454544,0.0023614545454544444,0.5454545454545325
1,1024,1,122.0703125,0.9526287272727272,0.9526287272727272,116.31818181818181,116.31818181818181,0.001244363636363599,0.09090909090909349
1,1280,1,97.65625,0.9831625454545454,0.9831625454545454,96.04545454545455,96.04545454545455,0.05933309090909089,5.7272727272727195
1,1518,1,82.34519104084322,1.0245119999999999,1.0245119999999999,84.36363636363636,84.36363636363636,0.07065599999999994,5.818181818181813
