cores,pkt_sz,target_rate,target_pps,rate_median,rate_mean,pps_median,pps_mean,rate_95ci,pps_95ci
1,64,0.1,195.3125,0.09090909090909091,0.09090909090909091,142.04545454545456,142.04545454545456,0.0007563636363636245,1.1818181818181586
1,128,0.1,97.65625,0.08224581818181818,0.08224581818181818,80.31818181818181,80.31818181818181,0.0012101818181818047,1.1818181818181728
1,256,0.1,48.828125,0.08238545454545454,0.08238545454545454,40.22727272727273,40.22727272727273,0.0016756363636363514,0.818181818181813
1,512,0.1,24.4140625,0.07149381818181817,0.07149381818181817,17.454545454545453,17.454545454545453,0.0,0.0
1,1024,0.1,12.20703125,0.09532509090909091,0.09532509090909091,11.636363636363637,11.636363636363637,0.0,0.0
1,1280,0.1,9.765625,0.08948981818181817,0.08948981818181817,8.772727272727273,8.772727272727273,0.059333090909090905,5.7272727272727275
1,1518,0.1,8.234519104084322,0.14156036363636365,0.14156036363636365,11.727272727272727,11.727272727272727,6.545454545453522e-06,0.0
