cores,pkt_sz,target_rate,target_pps,rate_median,rate_mean,pps_median,pps_mean,rate_95ci,pps_95ci
1,64,50,97656.25,1.1688436363636363,1.1688436363636363,1826.318181818182,1826.318181818182,0.048232727272727205,75.36363636363626
1,128,50,48828.125,1.921349818181818,1.921349818181818,1876.3181818181818,1876.3181818181818,0.06153309090909076,60.09090909090901
1,256,50,24414.0625,3.8183098181818185,3.8183098181818185,1864.409090909091,1864.409090909091,0.1290239999999998,63.0
1,512,50,12207.03125,7.886103272727272,7.886103272727272,1925.318181818182,1925.318181818182,0.053992727272727414,13.181818181818244
1,1024,50,6103.515625,19.518184727272725,19.518184727272725,2382.590909090909,2382.590909090909,1.3352959999999996,163.0
1,1280,50,4882.8125,35.82138181818182,35.82138181818182,3498.181818181818,3498.181818181818,0.845265454545455,82.5454545454545
1,1518,50,4117.259552042161,45.018912,45.018912,3707.090909090909,3707.090909090909,0.035327999999999804,2.9090909090909918
