cores,pkt_sz,target_rate,target_pps,rate_median,rate_mean,pps_median,pps_mean,rate_95ci,pps_95ci
1,64,10,19531.25,1.539578181818182,1.539578181818182,2405.590909090909,2405.590909090909,0.012159999999999949,19.0
1,128,10,9765.625,2.5278836363636366,2.5278836363636366,2468.6363636363635,2468.6363636363635,0.03295418181818155,32.18181818181802
1,256,10,4882.8125,6.772084363636363,6.772084363636363,3306.681818181818,3306.681818181818,0.5274530909090904,257.5454545454545
1,512,10,2441.40625,9.515380363636364,9.515380363636364,2323.090909090909,2323.090909090909,0.03202327272727423,7.8181818181819835
1,1024,10,1220.703125,9.75369309090909,9.75369309090909,1190.6363636363635,1190.6363636363635,0.01936290909090843,2.3636363636362603
1,1280,10,976.5625,9.795025454545454,9.795025454545454,956.5454545454545,956.5454545454545,0.0577163636363629,5.636363636363626
1,1518,10,823.4519104084321,9.916128,9.916128,816.5454545454545,816.5454545454545,0.0,0.0
