cores,pkt_sz,total_mean,total_stdev,total_95ci,total_median,user_mean,user_stdev,user_95ci,user_median,system_mean,system_stdev,system_95ci,system_median
1,64,0.2254493783701539,0.012489589343338136,0.024979178686676273,0.2285729706390328,0.19950741410745382,0.01139125246805879,0.02278250493611758,0.203125,0.014201587696132029,0.003983409212507684,0.007966818425015367,0.015544041450777202
3,64,0.23382286990548018,0.0345964277321071,0.0691928554642142,0.24472977090778136,0.18639772969223914,0.02690602897554441,0.05381205795108882,0.19209673398155075,0.02856729161056219,0.009665624588082575,0.01933124917616515,0.028612128612128612
1,256,0.07300983320250815,0.013909147772605894,0.02781829554521179,0.07216494845360821,0.055775326028757725,0.009783700521835683,0.019567401043671367,0.05641025641025641,0.010828928529813,0.005895159488355556,0.011790318976711112,0.010309278350515464
3,256,0.09319603653691082,0.009295889708271625,0.01859177941654325,0.09278350515463918,0.06066343949554934,0.008153510712334713,0.016307021424669426,0.06217616580310881,0.025045901137960888,0.005567907835424022,0.011135815670848044,0.02570711075865715
1,512,0.04715204109029377,0.006529486987796001,0.013058973975592003,0.0461538461538461,0.03182737924523146,0.0056904249221128595,0.011380849844225719,0.030927835051546393,0.011067777508142184,0.004394704552588308,0.008789409105176615,0.010256410256410256
3,512,0.07258192083930587,0.013430738367541965,0.02686147673508393,0.07291666666666663,0.03709300451521104,0.00895696563533571,0.01791393127067142,0.041237113402061855,0.027444299937858803,0.007789058397241976,0.015578116794483952,0.025974201208981
1,1518,0.02710198432924662,0.011438658731912812,0.022877317463825625,0.02577319587628868,0.014203313593676627,0.0073367139276805365,0.014673427855361073,0.015384615384615385,0.010632513719594262,0.006725305015231359,0.013450610030462717,0.01020408163265306
3,1518,0.04861982002098949,0.011962822571804282,0.023925645143608565,0.051813471502590636,0.017068313907164786,0.010017677571746495,0.02003535514349299,0.0206719726510336,0.02911584912579337,0.00624648200928914,0.01249296401857828,0.030848532910388582
