cores,pkt_sz,total_mean,total_stdev,total_95ci,total_median,user_mean,user_stdev,user_95ci,user_median,system_mean,system_stdev,system_95ci,system_median
1,64,0.03414124469881465,0.011112280694158117,0.022224561388316234,0.030690737833594994,0.021404539696445003,0.0061980527085700905,0.012396105417140181,0.02040816326530612,0.011321570968470175,0.007200515665107898,0.014401031330215796,0.010256410256410256
3,64,0.05969409910912334,0.022847193063382374,0.04569438612676475,0.05670103092783507,0.02527015430138378,0.010222810489019013,0.020445620978038027,0.023107021996615906,0.030841191680434938,0.01330365228405899,0.02660730456811798,0.030848532910388582
1,256,0.020794506030003615,0.018608061437405385,0.03721612287481077,0.015306122448979553,0.008634003042076262,0.00833917166441114,0.01667834332882228,0.00510204081632653,0.01117558292672182,0.012010628916402115,0.02402125783280423,0.01015228426395939
3,256,0.04259878046564172,0.011833211079079288,0.023666422158158576,0.04102564102564099,0.013918635137179678,0.008511384590652612,0.017022769181305224,0.012834408374748862,0.027818705044101704,0.0067585336907575524,0.013517067381515105,0.025906735751295335
1,512,0.01627705941466421,0.007919724361604636,0.015839448723209273,0.015306122448979553,0.005948938647852047,0.0067599717536625924,0.013519943507325185,0.005076142131979695,0.009903662728140937,0.003924047737944501,0.007848095475889001,0.01020408163265306
3,512,0.037335540734512826,0.00870315426638642,0.01740630853277284,0.03608247422680411,0.008913421684350132,0.007300306832520042,0.014600613665040084,0.005221967713787086,0.027844899001465737,0.00621831929853486,0.01243663859706972,0.026041666666666668
1,1518,0.01442293863130217,0.0074060502293540244,0.014812100458708049,0.012742418326174676,0.003109339518573263,0.004985005910284902,0.009970011820569804,0.0,0.010890580001650826,0.004644786768983677,0.009289573537967354,0.01020408163265306
3,1518,0.03419436630415778,0.007576484679743387,0.015152969359486774,0.03608247422680411,0.00848379922446963,0.004917340832864339,0.009834681665728678,0.01028284430346286,0.025424917413949668,0.006692042707074123,0.013384085414148246,0.025839965813792
