cores,pkt_sz,total_mean,total_stdev,total_95ci,total_median,user_mean,user_stdev,user_95ci,user_median,system_mean,system_stdev,system_95ci,system_median
1,64,0.6101224045392578,0.022558979775001892,0.045117959550003785,0.6074242935945064,0.2142458204936912,0.011277592803862682,0.022555185607725365,0.21164021164021163,0.024341373845974713,0.008311223039154306,0.016622446078308612,0.02631578947368421
3,64,0.4350820511893423,0.04681120957079005,0.0936224191415801,0.4285628019323672,0.00646000472581752,0.006475163372408786,0.012950326744817572,0.005555555555555556,0.03914586347785656,0.01845847105152858,0.03691694210305716,0.034188311688311684
1,256,0.5765452077749296,0.09226432230663259,0.18452864461326518,0.6287309048178613,0.13939022963208025,0.09563049102291461,0.19126098204582923,0.19512338425381903,0.01937013300266837,0.01032818141811334,0.02065636283622668,0.021390986044383435
3,256,0.46491666700811624,0.025987137824023662,0.051974275648047324,0.46305744825136436,0.0047971550700393675,0.003957881574703754,0.007915763149407508,0.005633847521107091,0.03351851966108746,0.013242591912580029,0.026485183825160057,0.028249489274770175
1,512,0.6049977916257353,0.09826328009330725,0.1965265601866145,0.654891304347826,0.14127954852165436,0.0929837636896629,0.1859675273793258,0.1956521739130435,0.020565877526018694,0.009686335745402218,0.019372671490804436,0.021921921921921925
3,512,0.4915464837702467,0.023578339790251774,0.04715667958050355,0.4885518881950639,0.003962819346836228,0.0046226580769716434,0.009245316153943287,0.00558659217877095,0.03897213475177445,0.014339755578850063,0.028679511157700125,0.03508891928864569
1,1518,0.3250888145402439,0.013452268274313766,0.026904536548627532,0.32623084932321883,0.218449528179103,0.009062375822541295,0.01812475164508259,0.2186414708886619,0.017335685184806486,0.006086135214805867,0.012172270429611734,0.018072289156626505
3,1518,0.0924623063222445,0.026996481262822013,0.05399296252564403,0.08488924050632912,0.0056821082625791875,0.0041935520018823915,0.008387104003764783,0.006289308176100629,0.04265522095080411,0.01688107977594232,0.03376215955188464,0.03773584905660377
