cores,pkt_sz,total_mean,total_stdev,total_95ci,total_median,user_mean,user_stdev,user_95ci,user_median,system_mean,system_stdev,system_95ci,system_median
1,64,0.2975536517460902,0.008226729595106012,0.016453459190212023,0.2972280528460303,0.22791063611169518,0.007574535287555592,0.015149070575111183,0.2265193370165746,0.019415168294681942,0.006020465559356167,0.012040931118712335,0.022099447513812154
3,64,0.794166902530228,0.006396720114538271,0.012793440229076542,0.7938144329896908,0.5988272141901837,0.013915288252876568,0.027830576505753137,0.5979084860383944,0.04714563518276435,0.008581629100542802,0.017163258201085604,0.04712041884816754
1,256,0.29042120949151395,0.008221154079142128,0.016442308158284256,0.29032258064516125,0.2315659792617676,0.00657914912734683,0.01315829825469366,0.23118279569892472,0.01545123073968503,0.005110375270510306,0.010220750541020613,0.016000113778586872
3,256,0.13617396803170229,0.19981164893873196,0.3996232978774639,0.06824193992835492,0.06618332457692183,0.17404199273337884,0.3480839854667577,0.005333371259528956,0.024948506603912395,0.006913391733612065,0.01382678346722413,0.021621621621621623
1,512,0.2930171159895065,0.0085269326799413,0.0170538653598826,0.29177924124732635,0.23032714835107043,0.0065694620337931435,0.013138924067586287,0.23118279569892472,0.018297608202701734,0.006315173551830348,0.012630347103660696,0.016042780748663103
3,512,0.06455448324880708,0.016100973417216894,0.03220194683443379,0.06299255993386604,0.0055675750358361396,0.005520999590306836,0.011041999180613672,0.005291005291005291,0.0227205230166642,0.00973581073837722,0.01947162147675444,0.021164021164021163
1,1518,0.12280906749420563,0.029586778663952856,0.05917355732790571,0.13384589947089948,0.09878283743893719,0.023118302910919056,0.04623660582183811,0.10554163185742133,0.012880912869780634,0.005704766662035031,0.011409533324070062,0.010498759988977681
3,1518,0.025856471599470642,0.01094231969547054,0.02188463939094108,0.02617801047120416,0.004905729194306016,0.002981646466801235,0.00596329293360247,0.0051813471502590676,0.016903313470572598,0.007467944588676149,0.014935889177352299,0.015789473684210527
