cores,pkt_sz,target_rate,target_pps,rate_median,rate_mean,pps_median,pps_mean,rate_95ci,pps_95ci
1,64,100,195312.5,0.9003407272727273,0.9003407272727273,1406.6363636363635,1406.6363636363635,0.033699636363636265,52.36363636363626
3,64,100,195312.5,0.0,0.0,0.0,0.0,0.0,0.0
1,256,100,48828.125,1.732358181818182,1.732358181818182,845.8636363636364,845.8636363636364,0.026310545454545364,12.818181818181756
3,256,100,48828.125,0.0,0.0,0.0,0.0,0.0,0.0
1,512,100,24414.0625,3.483212,3.483212,850.409090909091,850.409090909091,0.0027338181818183926,0.636363636363626
3,512,100,24414.0625,0.0,0.0,0.0,0.0,0.0,0.0
1,1518,100,8234.519104084322,18.772538545454545,18.772538545454545,1545.8636363636365,1545.8636363636365,1.6557549090909092,136.27272727272725
3,1518,100,8234.519104084322,0.0,0.0,0.0,0.0,0.0,0.0
