cores,pkt_sz,target_rate,target_pps,rate_median,rate_mean,pps_median,pps_mean,rate_95ci,pps_95ci
1,64,1,1953.125,0.9606981818181818,0.9606981818181818,1501.090909090909,1501.090909090909,0.0,0.0
3,64,1,1953.125,0.7803927272727273,0.7803927272727273,1219.3636363636365,1219.3636363636365,0.1725672727272728,269.63636363636374
1,256,1,488.28125,0.9295454545454545,0.9295454545454545,453.8636363636364,453.8636363636364,0.0002516363636363428,0.09090909090912191
3,256,1,488.28125,0.4675025454545454,0.4675025454545454,228.27272727272725,228.27272727272725,0.11394327272727262,55.6363636363636
1,512,1,244.140625,0.9533767272727272,0.9533767272727272,232.77272727272725,232.77272727272725,0.0002516363636363428,0.09090909090909349
3,512,1,244.140625,0.546197090909091,0.546197090909091,133.36363636363637,133.36363636363637,0.004589090909090987,1.0909090909090935
1,1518,1,82.34519104084322,1.0599658181818183,1.0599658181818183,87.31818181818181,87.31818181818181,0.00025163636363667585,0.09090909090909349
3,1518,1,82.34519104084322,0.7177258181818182,0.7177258181818182,59.13636363636363,59.13636363636363,0.011291636363636282,1.0
