cores,pkt_sz,target_rate,target_pps,rate_median,rate_mean,pps_median,pps_mean,rate_95ci,pps_95ci
1,64,10,19531.25,0.9987876363636363,0.9987876363636363,1560.4545454545455,1560.4545454545455,0.06372800000000012,99.27272727272725
3,64,10,19531.25,1.271485818181818,1.271485818181818,1986.5454545454545,1986.5454545454545,0.23963200000000007,374.72727272727275
1,256,10,4882.8125,3.587384,3.587384,1751.6363636363635,1751.6363636363635,0.017194181818181775,8.36363636363626
3,256,10,4882.8125,0.21600363636363634,0.21600363636363634,105.45454545454545,105.45454545454545,0.43150399999999994,210.72727272727272
1,512,10,2441.40625,7.047293818181818,7.047293818181818,1720.5454545454545,1720.5454545454545,0.008312727272727471,2.0
3,512,10,2441.40625,0.0,0.0,0.0,0.0,0.0,0.0
1,1518,10,823.4519104084321,9.916128,9.916128,816.5454545454545,816.5454545454545,0.0,0.0
3,1518,10,823.4519104084321,0.0,0.0,0.0,0.0,0.0,0.0
