cores,pkt_sz,total_mean,total_stdev,total_95ci,total_median,user_mean,user_stdev,user_95ci,user_median,system_mean,system_stdev,system_95ci,system_median
1,64,0.32250113359243127,0.06238292047207688,0.12476584094415376,0.3044640396803527,0.003774136161590413,0.0034046939915179284,0.006809387983035857,0.0051813471502590676,0.013058522284576633,0.0065217163569476115,0.013043432713895223,0.010638297872340425
1,128,0.31329879488692514,0.0599423748501732,0.1198847497003464,0.2984375,0.0011620546300348386,0.002174134482439321,0.004348268964878642,0.0,0.008724645414410696,0.00664891699241308,0.01329783398482616,0.007826849795761714
1,256,0.3310446380879101,0.06594211964567682,0.13188423929135365,0.3115250705924281,0.004054858306238236,0.004267492505717183,0.008534985011434366,0.005128205128205128,0.016421411334376232,0.010124463126126101,0.020248926252252202,0.015424266455194291
1,512,0.3147068436635083,0.04550293862676883,0.09100587725353766,0.30729166666666663,0.0031892581730933165,0.003547184472698763,0.007094368945397526,0.0025380710659898475,0.008409975447428709,0.006751527383836373,0.013503054767672745,0.005319299436946496
1,1024,0.30296069804200076,0.04887004718607882,0.09774009437215764,0.2894068928666845,0.00391116222465732,0.003960358578556348,0.007920717157112697,0.0051948402417962,0.014181147747985309,0.007624796087160041,0.015249592174320082,0.01299511665762344
1,1280,0.2955966264953927,0.04546543693337523,0.09093087386675046,0.28645833333333337,0.004044435432631146,0.0034877560017399405,0.006975512003479881,0.0051813471502590676,0.012706881070495897,0.00634580300264728,0.01269160600529456,0.015544041450777202
1,1518,0.2996222510055977,0.05042521535193049,0.10085043070386097,0.28571621329879104,0.0051877840655159425,0.0048730840298242045,0.009746168059648409,0.0051948402417962,0.014429478216381048,0.008639920098400467,0.017279840196800934,0.010526315789473684
