cores,pkt_sz,total_mean,total_stdev,total_95ci,total_median,user_mean,user_stdev,user_95ci,user_median,system_mean,system_stdev,system_95ci,system_median
1,64,0.3174279582141718,0.07237349347882173,0.14474698695764346,0.2958165419305316,0.004921560918115119,0.0045880960385580516,0.009176192077116103,0.005208333333333333,0.014635868616856347,0.008909513946849742,0.017819027893699484,0.015544041450777202
1,128,0.30268623947604667,0.06824912635924364,0.13649825271848728,0.27763679619349724,0.0014283017282775633,0.0023032223853967325,0.004606444770793465,0.0,0.0034212620899832114,0.0029549201347195534,0.005909840269439107,0.00510204081632653
1,256,0.3004629847615094,0.06881508428172638,0.13763016856345275,0.2790716307889536,0.0011455059276105828,0.0021430822501188876,0.004286164500237775,0.0,0.0037206984196840407,0.004150462234739941,0.008300924469479882,0.005115122972265829
1,512,0.32211945043118373,0.07294347842732765,0.1458869568546553,0.2931937172774869,0.003617399753300115,0.003196804896286654,0.006393609792573308,0.005128205128205128,0.012309879338997198,0.003857456608262072,0.007714913216524144,0.010582010582010581
1,1024,0.3090055836298415,0.06292135501534116,0.12584271003068231,0.28756880118136663,0.0031689588444657624,0.00390730138910492,0.00781460277820984,0.0,0.014595970514742686,0.0049335297971742605,0.009867059594348521,0.015625
1,1280,0.29314637095382057,0.0830211587548888,0.1660423175097776,0.28645833333333337,0.003885585030595584,0.003527996369285214,0.007055992738570428,0.0051813471502590676,0.014549152301591515,0.005249593532261467,0.010499187064522934,0.015625
1,1518,0.29076964003537403,0.045933698856478064,0.09186739771295613,0.27835051546391754,0.0020084440124200098,0.002517886673389275,0.00503577334677855,0.0,0.00822698129364783,0.006759373163141159,0.013518746326282319,0.007814213643342838
