cores,pkt_sz,total_mean,total_stdev,total_95ci,total_median,user_mean,user_stdev,user_95ci,user_median,system_mean,system_stdev,system_95ci,system_median
1,64,0.09437977018325955,0.034431250543904716,0.06886250108780943,0.09307065217391303,0.0036583441831791524,0.0033757813007628166,0.006751562601525633,0.005277081592871066,0.012821091662851789,0.008156140925451277,0.016312281850902555,0.01129979570990807
1,128,0.06288351194848575,0.0178249368746954,0.0356498737493908,0.06417295813315033,0.0027969233252952406,0.0034159634691552487,0.006831926938310497,0.0,0.011198538536133952,0.005386498328837623,0.010772996657675246,0.01072455434157562
1,256,0.038576111241005795,0.017816458698523798,0.035632917397047596,0.03627040378006874,0.0027654924356650145,0.0029014830138452065,0.005802966027690413,0.0025380710659898475,0.008362194370420635,0.004828431559644788,0.009656863119289576,0.01015228426395939
1,512,0.035143416974232844,0.01073482249918812,0.02146964499837624,0.03580586080586079,0.0032620865887599253,0.00342249301594922,0.00684498603189844,0.0050633235912423726,0.008962723462489329,0.004422482028386669,0.008844964056773338,0.010101010101010102
1,1024,0.02582115560047919,0.023376425454144492,0.046752850908288984,0.020513359983168555,0.0036901676854516766,0.007732827564259318,0.015465655128518637,0.0,0.01006912328301083,0.014077614648818267,0.028155229297636534,0.005154639175257732
1,1280,0.014960664708508067,0.012487307560572538,0.024974615121145075,0.010152545866831564,0.0019712940307394086,0.002471248478488406,0.004942496956976812,0.0,0.00577994889390237,0.0038206031303922566,0.007641206260784513,0.005076142131979695
1,1518,0.020105681884605188,0.014138152385737285,0.02827630477147457,0.015306122448979553,0.0028237490113557427,0.0038688966249211493,0.0077377932498422985,0.0,0.009615342420834637,0.005348871579040104,0.010697743158080208,0.01015228426395939
