cores,pkt_sz,total_mean,total_stdev,total_95ci,total_median,user_mean,user_stdev,user_95ci,user_median,system_mean,system_stdev,system_95ci,system_median
1,64,0.3523582205222962,0.11519946845745328,0.23039893691490657,0.2805213730569948,0.04900686879656794,0.09357981730716075,0.1871596346143215,0.0051813471502590676,0.02222340190009042,0.023026684095900033,0.046053368191800066,0.015503979488275199
1,128,0.12053060762463096,0.032550541215259,0.065101082430518,0.11991326560922,0.0038479503286644764,0.0034454580798691384,0.006890916159738277,0.005305077113587752,0.010912367365877852,0.005719531636608152,0.011439063273216305,0.01111145405722399
1,256,0.08192567142109464,0.030937425416104794,0.06187485083220959,0.07548540867341008,0.0027390258149913513,0.0031022246192274764,0.006204449238454953,0.0,0.01134980085186863,0.005878452121082328,0.011756904242164657,0.010526607385246129
1,512,0.05370127760368282,0.01905565396052481,0.03811130792104962,0.05222822233131513,0.002280468960090926,0.0028248168876045705,0.005649633775209141,0.0,0.009281269762239315,0.005359806852473734,0.010719613704947468,0.01015228426395939
1,1024,0.028815860636332916,0.014786380146301242,0.029572760292602484,0.03022689203593726,0.002560609867313232,0.0030862768306386965,0.006172553661277393,0.0,0.00652766479967443,0.004766561308788992,0.009533122617577983,0.005128339995792131
1,1280,0.019086686184493776,0.011389553908465192,0.022779107816930384,0.015345368916797442,0.0009856106212161326,0.002006128543846091,0.004012257087692182,0.0,0.004516025973641508,0.005047318305358199,0.010094636610716398,0.0050633235912423726
1,1518,0.01950930028443989,0.012592341643832177,0.025184683287664354,0.02020202020202022,0.002265459746009923,0.0030508965854504078,0.0061017931709008155,0.0,0.00621148462507807,0.005238901026876411,0.010477802053752821,0.005076142131979695
