cores,pkt_sz,total_mean,total_stdev,total_95ci,total_median,user_mean,user_stdev,user_95ci,user_median,system_mean,system_stdev,system_95ci,system_median
1,64,0.02729478932823115,0.01499141715698696,0.02998283431397392,0.025316617956211873,0.00242135032629861,0.0030701150474663837,0.006140230094932767,0.0,0.009281922066942831,0.0062061790900066905,0.012412358180013381,0.01020408163265306
1,128,0.023577494539440202,0.019829333312843582,0.039658666625687164,0.02020202020202022,0.0029859403006286395,0.0037204704177693977,0.007440940835538795,0.0,0.009940375097808686,0.0073240209551124905,0.014648041910224981,0.010152545866831581
1,256,0.015748100581656783,0.019954096295152136,0.03990819259030427,0.010230245944531646,0.0018417435955331678,0.00383125665699197,0.00766251331398394,0.0,0.007950904254247753,0.007069768284031698,0.014139536568063396,0.00514142215173143
1,512,0.016150985234218432,0.007647321318883164,0.015294642637766328,0.015267274422459343,0.0019798616298003493,0.002481952949429606,0.004963905898859212,0.0,0.010749165157883227,0.004855293592770359,0.009710587185540718,0.01020408163265306
1,1024,0.013297080138994563,0.00884869968952713,0.01769739937905426,0.01025641025641022,0.003248889893801666,0.0029714264785405875,0.005942852957081175,0.005050505050505051,0.008346753784268893,0.004962839572128577,0.009925679144257155,0.01015228426395939
1,1280,0.014574986978590911,0.0062583020606631545,0.012516604121326309,0.015228426395939132,0.0022611430750265854,0.002528093807465849,0.005056187614931698,0.0,0.010884164596386869,0.004778419513962247,0.009556839027924494,0.01020408163265306
1,1518,0.011743210618491274,0.009059882370380594,0.01811976474076119,0.010204081632653073,0.0033920887347283295,0.002932960056103358,0.005865920112206716,0.0050633235912423726,0.0067878042490167444,0.003960221258778289,0.007920442517556577,0.005128205128205128
