cores,pkt_sz,total_mean,total_stdev,total_95ci,total_median,user_mean,user_stdev,user_95ci,user_median,system_mean,system_stdev,system_95ci,system_median
1,64,0.304879912170799,0.05431708554244949,0.10863417108489898,0.2879581151832461,0.0034739326900382348,0.003473264315141876,0.006946528630283752,0.005154639175257732,0.01360280466035138,0.006453108358763263,0.012906216717526526,0.013063026016393892
1,128,0.2994070159057259,0.057682864190069585,0.11536572838013917,0.28277821834522865,0.0027259351622117615,0.003340007909954885,0.00668001581990977,0.0,0.008801441632839605,0.008607058554753905,0.01721411710950781,0.005305077113587752
1,256,0.29941475216195523,0.04644954204971651,0.09289908409943302,0.2857142857142857,0.003342073572734571,0.003920906597275197,0.007841813194550394,0.0025906735751295338,0.012473691840947005,0.008033248480020756,0.01606649696004151,0.010526315789473684
1,512,0.29618308741017213,0.04889270931766476,0.09778541863532952,0.2831138338640902,0.0030475361302609353,0.004846341478515603,0.009692682957031205,0.0,0.009258208664062219,0.008742278205199974,0.01748455641039995,0.005263157894736842
1,1024,0.23581081120381533,0.06786485003917868,0.13572970007835736,0.2664865768073967,0.0031938786566007055,0.0033309796928400353,0.006661959385680071,0.005115122972265829,0.012924541528355414,0.006322819841122101,0.012645639682244202,0.010582010582010581
1,1280,0.2092026849869908,0.04239962924186232,0.08479925848372465,0.22015198423867155,0.0036338596808486823,0.003678341368793803,0.007356682737587606,0.0051679931627584,0.012011380938182735,0.005460176675836239,0.010920353351672478,0.010638297872340425
1,1518,0.17758209519716986,0.036876058472062774,0.07375211694412555,0.1806206650766236,0.0032098371727585584,0.003547970477130373,0.007095940954260746,0.005155187074829932,0.01225240369840666,0.005886088952003001,0.011772177904006002,0.010582010582010581
