cores,pkt_sz,mwatt_mean,mwatt_stdev,mwatt_95ci,mwatt_median
1,64,1824.8666666666666,190.1026973915824,15.387036563939887,1782.0
1,128,1860.06,224.13487695284434,18.141623418544327,1784.0
1,256,1846.2,205.14911649821943,23.759188641597916,1792.0
1,512,1843.9066666666668,197.6564476279205,15.998442044641592,1779.5
1,1024,1821.0266666666666,140.45886451990927,11.368832287768555,1784.0
1,1280,1803.7533333333333,158.171381173151,12.802494961273055,1769.0
1,1518,1830.88,199.29284717052275,16.130893293049553,1779.0
