cores,pkt_sz,mwatt_mean,mwatt_stdev,mwatt_95ci,mwatt_median
1,64,1821.58,179.90272445593106,14.561444088580174,1778.0
1,128,1826.42,125.9701165620905,10.196103559288417,1831.5
1,256,1844.9066666666668,171.11716635750554,13.850335274502527,1796.5
1,512,1828.0466666666666,172.20682668104524,13.938533093211277,1782.0
1,1024,1853.84,177.41041232126148,14.35971471560913,1787.0
1,1280,1801.0866666666666,139.2282986880022,11.269229485127198,1777.0
1,1518,1766.8066666666666,107.97997942005526,8.739970101988888,1765.5
