cores,pkt_sz,target_rate,target_pps,rate_median,rate_mean,pps_median,pps_mean,rate_95ci,pps_95ci
1,64,10,19531.25,0.4023658181818182,0.4023658181818182,628.5454545454545,628.5454545454545,0.013770181818181793,21.81818181818187
1,128,10,9765.625,0.6470145454545455,0.6470145454545455,631.7727272727273,631.7727272727273,0.01948363636363637,19.181818181818244
1,256,10,4882.8125,1.3206203636363636,1.3206203636363636,644.8181818181818,644.8181818181818,0.050575999999999954,24.727272727272634
1,512,10,2441.40625,2.635901818181818,2.635901818181818,643.5454545454545,643.5454545454545,0.1771243636363642,43.27272727272725
1,1024,10,1220.703125,9.182240727272728,9.182240727272728,1120.909090909091,1120.909090909091,0.1002865454545443,12.181818181818244
1,1280,10,976.5625,9.701594909090907,9.701594909090907,947.4545454545455,947.4545454545455,0.10358254545454493,10.18181818181813
1,1518,10,823.4519104084321,9.882029818181818,9.882029818181818,813.7727272727273,813.7727272727273,0.001956363636363534,0.09090909090912191
