cores,pkt_sz,target_rate,target_pps,rate_median,rate_mean,pps_median,pps_mean,rate_95ci,pps_95ci
1,64,0.1,195.3125,0.0913549090909091,0.0913549090909091,142.5909090909091,142.5909090909091,0.00044654545454544947,1.0
1,128,0.1,97.65625,0.08297672727272727,0.08297672727272727,80.95454545454545,80.95454545454545,0.0006792727272727228,0.818181818181813
1,256,0.1,48.828125,0.08241818181818181,0.08241818181818181,40.22727272727273,40.22727272727273,0.0024858181818181863,1.181818181818187
1,512,0.1,24.4140625,0.07161963636363636,0.07161963636363636,17.5,17.5,0.00025163636363637054,0.09090909090909349
1,1024,0.1,12.20703125,0.0954509090909091,0.0954509090909091,11.681818181818182,11.681818181818182,0.00025163636363637054,0.09090909090908994
1,1280,0.1,9.765625,0.08949309090909091,0.08949309090909091,8.772727272727273,8.772727272727273,0.059326545454545444,5.7272727272727275
1,1518,0.1,8.234519104084322,0.14143781818181816,0.14143781818181816,11.681818181818182,11.681818181818182,0.00025163636363637054,0.09090909090908994
