cores,pkt_sz,target_rate,target_pps,rate_median,rate_mean,pps_median,pps_mean,rate_95ci,pps_95ci
1,64,0.5,976.5625,0.462264,0.462264,722.1363636363636,722.1363636363636,0.002308363636363664,3.9090909090909918
1,128,0.5,488.28125,0.42918181818181816,0.42918181818181816,419.0454545454545,419.0454545454545,0.003789090909090964,3.545454545454561
1,256,0.5,244.140625,0.4606138181818182,0.4606138181818182,224.9090909090909,224.9090909090909,0.0007447272727273413,0.36363636363637397
1,512,0.5,122.0703125,0.475448,0.475448,116.0909090909091,116.0909090909091,0.0013687272727272992,0.36363636363635976
1,1024,0.5,61.03515625,0.4741447272727273,0.4741447272727273,57.90909090909091,57.90909090909091,0.0009963636363636286,0.18181818181817988
1,1280,0.5,48.828125,0.5363294545454544,0.5363294545454544,52.40909090909091,52.40909090909091,0.0002516363636363428,0.09090909090908639
1,1518,0.5,41.17259552042161,0.562488,0.562488,46.31818181818182,46.31818181818182,0.005519999999999969,0.45454545454545325
