cores,pkt_sz,target_rate,target_pps,rate_median,rate_mean,pps_median,pps_mean,rate_95ci,pps_95ci
1,64,100,195312.5,0.3800592727272727,0.3800592727272727,593.5454545454545,593.5454545454545,0.023511999999999977,36.72727272727275
1,128,100,97656.25,0.6140432727272727,0.6140432727272727,599.5,599.5,0.0918872727272727,89.72727272727275
1,256,100,48828.125,1.3042658181818183,1.3042658181818183,636.8181818181818,636.8181818181818,0.22378399999999998,109.27272727272737
1,512,100,24414.0625,2.437368363636364,2.437368363636364,595.090909090909,595.090909090909,0.1712938181818182,41.81818181818187
1,1024,100,12207.03125,5.108332727272728,5.108332727272728,623.6363636363636,623.6363636363636,0.07446618181818199,9.090909090909008
1,1280,100,9765.625,6.325310181818182,6.325310181818182,617.7727272727273,617.7727272727273,0.06423927272727248,6.272727272727252
1,1518,100,8234.519104084322,8.158808363636364,8.158808363636364,671.9090909090909,671.9090909090909,1.4175425454545456,116.72727272727275
