cores,pkt_sz,target_rate,target_pps,rate_median,rate_mean,pps_median,pps_mean,rate_95ci,pps_95ci
1,64,1,1953.125,0.49731854545454546,0.49731854545454546,776.9090909090909,776.9090909090909,0.026607999999999965,41.27272727272725
1,128,1,976.5625,0.8497665454545456,0.8497665454545456,829.7727272727273,829.7727272727273,0.0003069090909090244,0.4545454545454959
1,256,1,488.28125,0.9207949090909091,0.9207949090909091,449.5909090909091,449.5909090909091,0.0057061818181818325,2.818181818181813
1,512,1,244.140625,0.951389090909091,0.951389090909091,232.27272727272725,232.27272727272725,0.002234181818181802,0.5454545454545325
1,1024,1,122.0703125,0.9469207272727272,0.9469207272727272,115.5909090909091,115.5909090909091,0.01117090909090912,1.3636363636363598
1,1280,1,97.65625,1.0096967272727273,1.0096967272727273,98.63636363636363,98.63636363636363,0.006768000000000107,0.7272727272727337
1,1518,1,82.34519104084322,1.0599658181818183,1.0599658181818183,87.31818181818181,87.31818181818181,0.00025163636363667585,0.09090909090909349
