cores,pkt_sz,target_rate,target_pps,rate_median,rate_mean,pps_median,pps_mean,rate_95ci,pps_95ci
1,64,50,97656.25,0.3960821818181818,0.3960821818181818,618.7272727272727,618.7272727272727,0.03230981818181816,50.181818181818244
1,128,50,48828.125,0.6886261818181818,0.6886261818181818,672.409090909091,672.409090909091,0.0683941818181818,66.63636363636363
1,256,50,24414.0625,1.3154072727272728,1.3154072727272728,642.2727272727273,642.2727272727273,0.04325963636363617,21.090909090909122
1,512,50,12207.03125,2.656381818181818,2.656381818181818,648.5454545454545,648.5454545454545,0.2590443636363635,63.27272727272725
1,1024,50,6103.515625,5.446811272727272,5.446811272727272,664.9545454545455,664.9545454545455,0.3582203636363639,43.72727272727275
1,1280,50,4882.8125,7.608568363636364,7.608568363636364,743.0909090909091,743.0909090909091,1.1208210909090903,109.4545454545455
1,1518,50,4117.259552042161,12.028328363636366,12.028328363636366,990.5454545454545,990.5454545454545,0.29586545454545465,24.363636363636374
