cores,pkt_sz,total_mean,total_stdev,total_95ci,total_median,user_mean,user_stdev,user_95ci,user_median,system_mean,system_stdev,system_95ci,system_median
3,64,0.037683361191946804,0.00938974314595785,0.0187794862919157,0.03626943005181349,0.006619481515995206,0.0035718937688064886,0.007143787537612977,0.005221967713787086,0.028769831181671104,0.007391761172991798,0.014783522345983596,0.026041666666666668
3,256,0.03670888301356594,0.007994882429268962,0.015989764858537925,0.03608247422680411,0.007740469933012257,0.004472004940159667,0.008944009880319334,0.007706207482993197,0.028250249971183868,0.006383292469836522,0.012766584939673043,0.026041666666666668
3,512,0.03637806280749507,0.006091699024051498,0.012183398048102995,0.0361759521393088,0.006729972433788709,0.00399300767079468,0.00798601534158936,0.0051948402417962,0.028783744256633343,0.006433982042298883,0.012867964084597765,0.026041666666666668
3,1518,0.034026980614238846,0.008323165451661878,0.016646330903323757,0.035989955062119994,0.0066024385586551,0.0033343642460387873,0.0066687284920775745,0.005221967713787086,0.026990514277805976,0.006663399592486393,0.013326799184972786,0.025906735751295335
