cores,pkt_sz,total_mean,total_stdev,total_95ci,total_median,user_mean,user_stdev,user_95ci,user_median,system_mean,system_stdev,system_95ci,system_median
3,64,0.5082069578986562,0.028306849753309198,0.056613699506618397,0.5061352002408913,0.028827048481380776,0.008164354554129973,0.016328709108259946,0.03048780487804878,0.2361353173551953,0.020853805748342762,0.041707611496685525,0.2361942405420666
3,256,0.18466411775209463,0.016599501943163904,0.03319900388632781,0.1828268876611418,0.011527611087942292,0.005907630024891723,0.011815260049783446,0.011049723756906077,0.07793491351761928,0.013365732662931142,0.026731465325862284,0.07713557161070973
3,512,0.12668588044115334,0.013253544960039866,0.026507089920079732,0.12800819252432155,0.008543261967861517,0.004085343831297806,0.008170687662595611,0.010582010582010581,0.05222667908599575,0.009447591992112913,0.018895183984225825,0.05104519038945268
3,1518,0.055188279250628226,0.011774351615165221,0.023548703230330443,0.05390874745713453,0.006627453500027084,0.004546722444818424,0.009093444889636848,0.0053475935828877,0.0358749916266268,0.007118117375220927,0.014236234750441853,0.03693957115009747
