cores,pkt_sz,total_mean,total_stdev,total_95ci,total_median,user_mean,user_stdev,user_95ci,user_median,system_mean,system_stdev,system_95ci,system_median
3,64,0.4600733337655016,0.024879255284212448,0.049758510568424896,0.4530386740331491,0.0051064398211315455,0.003785493109993122,0.007570986219986244,0.005571073867163253,0.03224674378359143,0.011006979042390997,0.022013958084781994,0.028409090909090908
3,256,0.6012402447804868,0.029664013731540553,0.05932802746308111,0.6005464480874316,0.012166037975823604,0.006027608133074784,0.012055216266149568,0.011142147734326506,0.13874153334534095,0.03341949810677508,0.06683899621355016,0.13814723063277976
3,512,0.6352530413429638,0.03299769281706453,0.06599538563412906,0.6368885975590723,0.01454440337163594,0.012521629774986626,0.025043259549973253,0.011204569706860838,0.1731953704289021,0.039118719259056814,0.07823743851811363,0.18136796013890988
3,1518,0.3770583008615613,0.031103253482798847,0.062206506965597694,0.3745748299319728,0.029024976062881815,0.011982681074487174,0.023965362148974347,0.02768199233716475,0.158804527621141,0.01587071160552316,0.03174142321104632,0.1593313097866078
