cores,pkt_sz,total_mean,total_stdev,total_95ci,total_median,user_mean,user_stdev,user_95ci,user_median,system_mean,system_stdev,system_95ci,system_median
3,64,0.07338452601053135,0.022456350781893616,0.04491270156378723,0.06914893617021278,0.008168889799843964,0.0076755172260215415,0.015351034452043083,0.0053475935828877,0.04591083170677041,0.014578511049224929,0.029157022098449857,0.04232922732362822
3,256,0.052726590889690894,0.011339030374103215,0.02267806074820643,0.051813471502590636,0.00866814757556128,0.005058462438396164,0.010116924876792327,0.0077737077737077736,0.03409035316325725,0.008194980190263575,0.01638996038052715,0.031331806282722516
3,512,0.05163705403774474,0.02046096543602184,0.04092193087204368,0.046391752577319534,0.009348299688764956,0.008006562750869292,0.016013125501738584,0.007733619763694952,0.03350495344894378,0.013736127285949975,0.02747225457189995,0.031169041450777202
3,1518,0.03826668269141875,0.010723918419874533,0.021447836839749067,0.03608247422680411,0.008347112577003296,0.005217441997133678,0.010434883994267357,0.0052493799944888404,0.02833912403543361,0.006879487291339705,0.01375897458267941,0.026041666666666668
