cores,pkt_sz,mwatt_mean,mwatt_stdev,mwatt_95ci,mwatt_median
3,64,1924.5666666666666,228.0913973729732,18.461866767038714,1915.0
3,256,1960.8533333333332,295.5060605507478,23.91845366188636,1908.0
3,512,1991.62,315.5819316754367,25.543407790823494,1878.0
3,1518,1954.2733333333333,288.10819487747233,23.31966557959356,1844.0
