cores,pkt_sz,target_rate,target_pps,rate_median,rate_mean,pps_median,pps_mean,rate_95ci,pps_95ci
3,64,100,195312.5,0.8420749090909091,0.8420749090909091,1315.590909090909,1315.590909090909,0.006730181818181746,10.818181818181756
3,256,100,48828.125,6.655474181818182,6.655474181818182,3249.7272727272725,3249.7272727272725,0.5079694545454547,248.0
3,512,100,24414.0625,14.443613090909091,14.443613090909091,3526.272727272727,3526.272727272727,1.5691403636363646,383.09090909090946
3,1518,100,8234.519104084322,95.986728,95.986728,7904.045454545454,7904.045454545454,2.496144000000001,205.54545454545496
