cores,pkt_sz,total_mean,total_stdev,total_95ci,total_median,user_mean,user_stdev,user_95ci,user_median,system_mean,system_stdev,system_95ci,system_median
1,64,0.4549033696704949,0.06664816445995143,0.13329632891990287,0.46216105656849,0.02814471425532329,0.031408449352452746,0.06281689870490549,0.02695437372856728,0.014773198529339768,0.009722058336825535,0.01944411667365107,0.016304347826086956
2,64,0.4511032704349702,0.09206279562730929,0.18412559125461858,0.461747491638796,0.013058912698700872,0.015895168387153002,0.031790336774306004,0.00558659217877095,0.022416027926912257,0.020062997785326598,0.040125995570653196,0.01694915254237288
