cores,pkt_sz,total_mean,total_stdev,total_95ci,total_median,user_mean,user_stdev,user_95ci,user_median,system_mean,system_stdev,system_95ci,system_median
1,64,0.015436377052372753,0.0068321639449210915,0.013664327889842183,0.015306122448979553,0.003748063684673176,0.0036196066891936852,0.0072392133783873705,0.005076142131979695,0.010619088865792443,0.00482532330024185,0.0096506466004837,0.01020408163265306
2,64,0.02529451930155796,0.00699994527329289,0.01399989054658578,0.02564102564102566,0.005868802417809511,0.0040656180457253185,0.008131236091450637,0.005154639175257732,0.017841555714253676,0.005197862313109527,0.010395724626219054,0.02030456852791878
