cores,pkt_sz,total_mean,total_stdev,total_95ci,total_median,user_mean,user_stdev,user_95ci,user_median,system_mean,system_stdev,system_95ci,system_median
1,64,0.45242061704226294,0.06043822747599086,0.12087645495198172,0.4565217391304348,0.06693844802992216,0.053816069525509325,0.10763213905101865,0.055865921787709494,0.020352601250226563,0.010915513018858743,0.021831026037717485,0.02203873474591707
2,64,0.4335487636971595,0.054929922240610385,0.10985984448122077,0.4386991386991387,0.03558242803615318,0.030749998846705286,0.06149999769341057,0.03577285150318858,0.026115324645330715,0.014911002559322895,0.02982200511864579,0.02266307139188495
