cores,pkt_sz,total_mean,total_stdev,total_95ci,total_median,user_mean,user_stdev,user_95ci,user_median,system_mean,system_stdev,system_95ci,system_median
1,64,0.35854000518545953,0.030213760469386522,0.060427520938773044,0.3605442176870748,0.15601094218074524,0.016698690396232924,0.03339738079246585,0.1564625850340136,0.023560323374692757,0.008941604881654007,0.017883209763308015,0.02127659574468085
2,64,0.4068771886809102,0.0387130434873576,0.0774260869747152,0.4078947368421053,0.15204204424339535,0.016897566543831927,0.03379513308766385,0.15142106520181514,0.03675421843588729,0.014658813774254435,0.02931762754850887,0.03773584905660377
