cores,pkt_sz,total_mean,total_stdev,total_95ci,total_median,user_mean,user_stdev,user_95ci,user_median,system_mean,system_stdev,system_95ci,system_median
1,64,0.0323856722494016,0.01400031924989146,0.02800063849978292,0.03125,0.012577015397072368,0.0059241081246184,0.0118482162492368,0.010526315789473684,0.01005865952114835,0.009320263122753926,0.01864052624550785,0.010362694300518135
2,64,0.045000350363219664,0.013365538381434696,0.026731076762869392,0.04210526315789476,0.013900821574572899,0.006317917185127411,0.012635834370254822,0.015503979488275199,0.01752340881656514,0.0083021246530387,0.0166042493060774,0.015789473684210527
