cores,pkt_sz,mwatt_mean,mwatt_stdev,mwatt_95ci,mwatt_median
1,64,1678.877037037037,79.17164470032301,2.993907608136851,1691.0
2,64,1710.5525925925926,85.48443984867319,3.232628497349083,1727.0
