cores,pkt_sz,target_rate,target_pps,rate_median,rate_mean,pps_median,pps_mean,rate_95ci,pps_95ci
1,64,50,97656.25,6.687902545454546,7.159709818181818,10449.545454545454,11186.848484848486,5.256090778341954,8212.683998159626
2,64,50,97656.25,4.9041061818181815,6.4204538989899,7662.363636363636,10031.828282828283,7.285193094684524,11383.071161691625
