cores,pkt_sz,target_rate,target_pps,rate_median,rate_mean,pps_median,pps_mean,rate_95ci,pps_95ci
1,64,10,19531.25,9.399349818181818,9.400300444444445,14686.181818181818,14687.868686868685,0.011948199831657532,18.71110631253058
2,64,10,19531.25,9.393583272727273,9.391026424242423,14677.181818181818,14673.31313131313,0.015912112927405957,24.944987937903267
