cores,pkt_sz,target_rate,target_pps,rate_median,rate_mean,pps_median,pps_mean,rate_95ci,pps_95ci
1,64,0.5,976.5625,0.4758690909090909,0.476384,743.5454545454545,744.2828282828283,0.004334727024873108,6.750679696116151
2,64,0.5,976.5625,0.475416,0.475918303030303,742.8181818181819,743.4242424242425,0.002969968512013317,4.510980379618996
