cores,pkt_sz,target_rate,target_pps,rate_median,rate_mean,pps_median,pps_mean,rate_95ci,pps_95ci
1,64,1,1953.125,0.9527272727272728,0.9532772525252526,1488.6363636363637,1489.3636363636365,0.00402251183104217,6.119711787328149
2,64,1,1953.125,0.952397090909091,0.9525280808080807,1487.8181818181818,1488.1919191919192,0.0036939212353887117,5.774103514908304
