cores,pkt_sz,target_rate,target_pps,rate_median,rate_mean,pps_median,pps_mean,rate_95ci,pps_95ci
1,64,100,195312.5,9.482426909090908,9.482259151515152,14816.0,14815.89898989899,0.0047215127488212565,7.2415718755143486
1,128,100,97656.25,8.66142981818182,8.661488565656565,8458.272727272728,8458.38383838384,0.003996156671304781,3.882363671631648
1,256,100,48828.125,9.342045090909092,9.345292929292931,4561.545454545455,4563.131313131314,0.015224073711132796,7.43362974176421
1,512,100,24414.0625,9.699328,9.698155797979798,2368.0,2367.727272727273,0.007337193162910188,1.8019477269477717
1,1024,100,12207.03125,9.383808727272726,9.37881987878788,1145.5454545454545,1144.909090909091,0.08627647549788894,10.513011746305727
1,1280,100,9765.625,9.173178181818182,9.18765898989899,895.8181818181819,897.2323232323232,0.15434040046518396,15.072304732928144
1,1518,100,8234.519104084322,9.14112,9.154137616161618,752.7272727272727,753.8383838383838,0.123821507734971,10.223499740509132
