cores,pkt_sz,target_rate,target_pps,rate_median,rate_mean,pps_median,pps_mean,rate_95ci,pps_95ci
1,64,0.5,976.5625,0.04492872727272727,0.0448219797979798,69.9090909090909,69.86868686868686,0.0002475224196507715,0.09034618090908497
1,128,0.5,488.28125,0.041704727272727275,0.0417319595959596,40.72727272727273,40.73737373737374,0.00015404928340031836,0.05713994191406607
1,256,0.5,244.140625,0.035746909090909086,0.03547151515151516,17.454545454545453,17.303030303030305,0.002272442487207891,1.1175205402779262
1,512,0.5,122.0703125,0.04766254545454546,0.04691676767676768,11.636363636363637,11.464646464646465,0.004569750861438596,1.102445547445839
1,1024,0.5,61.03515625,0.04393890909090909,0.03450610101010101,5.363636363636363,4.232323232323233,0.027415239323987508,3.3592503329931094
1,1280,0.5,48.828125,nan,nan,nan,nan,nan,nan
1,1518,0.5,41.17259552042161,nan,nan,nan,nan,nan,nan
