cores,pkt_sz,target_rate,target_pps,rate_median,rate_mean,pps_median,pps_mean,rate_95ci,pps_95ci
1,64,50,97656.25,4.7755054545454545,4.774973010101011,7461.727272727273,7460.797979797979,0.0036649217791073834,5.818672818788131
1,128,50,48828.125,4.359726545454546,4.355259313131314,4257.545454545455,4253.131313131313,0.012810270757430933,12.48782286167268
1,256,50,24414.0625,4.670929454545454,4.67085292929293,2280.7272727272725,2280.676767676768,0.0011544275571005425,0.5495543639893014
1,512,50,12207.03125,4.837748363636363,4.8374863838383835,1181.090909090909,1181.040404040404,0.002196978631166957,0.5495543639893385
1,1024,50,6103.515625,4.432868363636364,4.44489098989899,541.1818181818181,542.6161616161617,0.10192212371951646,12.451788466591195
1,1280,50,4882.8125,4.5279418181818185,4.5171153939393935,442.1818181818182,441.1616161616161,0.11191534319949209,10.901606111702662
1,1518,50,4117.259552042161,4.517813090909091,4.519736484848485,372.09090909090907,372.2020202020202,0.08004676567065266,6.602878175770088
