cores,pkt_sz,target_rate,target_pps,rate_median,rate_mean,pps_median,pps_mean,rate_95ci,pps_95ci
1,64,0.1,195.3125,0.007447272727272727,0.006750949494949495,11.636363636363637,10.383838383838382,0.0037893866837303333,5.8211973105850285
1,128,0.1,97.65625,0.005957818181818182,0.005789252525252526,5.818181818181818,5.636363636363637,0.0011423149205077073,1.094270914258654
1,256,0.1,48.828125,nan,nan,nan,nan,nan,nan
1,512,0.1,24.4140625,nan,nan,nan,nan,nan,nan
1,1024,0.1,12.20703125,nan,nan,nan,nan,nan,nan
1,1280,0.1,9.765625,nan,nan,nan,nan,nan,nan
1,1518,0.1,8.234519104084322,nan,nan,nan,nan,nan,nan
