cores,pkt_sz,target_rate,target_pps,rate_median,rate_mean,pps_median,pps_mean,rate_95ci,pps_95ci
1,64,1,1953.125,0.093336,0.09322925252525253,145.54545454545453,145.5050505050505,0.0002475224196507784,0.09034618090905673
1,128,1,976.5625,0.08340945454545455,0.0834639191919192,81.45454545454545,81.47474747474747,0.00020378804676247073,0.07558903811664743
1,256,1,488.28125,0.08340945454545455,0.0832930101010101,40.72727272727273,40.65656565656566,0.0013860098371389943,0.6626755340144143
1,512,1,244.140625,0.07173890909090909,0.07120428282828281,17.545454545454547,17.4040404040404,0.0026992106460262217,0.6754849897899202
1,1024,1,122.0703125,0.07596218181818182,0.07394868686868687,9.272727272727273,9.040404040404042,0.016434087138118107,2.002956696233606
1,1280,1,97.65625,0.03841890909090909,0.04145761616161616,3.8181818181818183,4.07070707070707,0.022495289945417354,2.2330315618295513
1,1518,1,82.34519104084322,0.05544509090909091,0.05319636363636363,4.636363636363637,4.404040404040405,0.02680486839708645,2.2187300384159054
