cores,pkt_sz,total_mean,total_stdev,total_95ci,total_median,user_mean,user_stdev,user_95ci,user_median,system_mean,system_stdev,system_95ci,system_median
1,64,0.19974724682188177,0.03041135954176848,0.06082271908353696,0.19148936170212771,0.006191837883436544,0.006372421094992957,0.012744842189985913,0.006944444444444444,0.023650742148674197,0.011869343841738862,0.023738687683477724,0.021505652620760533
1,128,0.12733821626416095,0.035945337377686334,0.07189067475537267,0.12048192771084343,0.005217358400045776,0.006995771697305799,0.013991543394611597,0.005952380952380952,0.01999137327122638,0.015170926390137843,0.030341852780275687,0.018072289156626505
1,256,0.0859214823498612,0.018493961975625056,0.03698792395125011,0.08815493898366827,0.003882215283456277,0.005120049066486595,0.01024009813297319,0.0,0.015150604014620563,0.007593625776389602,0.015187251552779203,0.016483516483516484
1,512,0.07183880093725369,0.024248498032895943,0.048496996065791886,0.06914893617021278,0.004472403417939749,0.0064087222579161125,0.012817444515832225,0.005291005291005291,0.014993620937449001,0.012049390788718143,0.024098781577436286,0.010869565217391304
1,1024,0.02702560348070413,0.014294007405249238,0.028588014810498476,0.02631578947368418,0.004113029573223234,0.004157233617510267,0.008314467235020533,0.005263157894736842,0.012758545715270018,0.007694944619447341,0.015389889238894682,0.010638297872340425
1,1280,0.023911274896920805,0.022275538902572802,0.044551077805145604,0.020942408376963373,0.0038996824945820535,0.0038155086767144215,0.007631017353428843,0.005235602094240838,0.012175075205835434,0.006266647306817437,0.012533294613634874,0.010526315789473684
1,1518,0.0214923993516164,0.01888521921171661,0.03777043842343322,0.015873015873015928,0.004056993407624941,0.006326944420286089,0.012653888840572178,0.005208333333333333,0.012334953375820624,0.010964079657677286,0.02192815931535457,0.010526315789473684
