cores,pkt_sz,total_mean,total_stdev,total_95ci,total_median,user_mean,user_stdev,user_95ci,user_median,system_mean,system_stdev,system_95ci,system_median
1,64,0.023528742306751102,0.01736126575724692,0.03472253151449384,0.020618556701030966,0.004462704769255063,0.006555679508230998,0.013111359016461996,0.005128205128205128,0.012913281050682832,0.01098607977349595,0.0219721595469919,0.010362694300518135
1,128,0.019751439185569614,0.014281967843674873,0.028563935687349745,0.015463917525773141,0.003198481639496886,0.004515446931723403,0.009030893863446805,0.0,0.012111723147685294,0.009249345706026387,0.018498691412052775,0.010309278350515464
1,256,0.019480486432335364,0.01009498741740933,0.02018997483481866,0.02030456852791873,0.003470301883533834,0.004039436823960403,0.008078873647920806,0.0050633235912423726,0.012446520941582174,0.006509567770626877,0.013019135541253755,0.01028284430346286
1,512,0.019940396910729886,0.01482889484349951,0.02965778968699902,0.01538461538461533,0.003660518274619181,0.0052736770775358615,0.010547354155071723,0.005076142131979695,0.013318826100802315,0.01028704698820424,0.02057409397640848,0.010256410256410256
1,1024,0.017199987007507647,0.008515190344570933,0.017030380689141866,0.015306122448979553,0.003938817816112522,0.0038152659877715525,0.007630531975543105,0.005076142131979695,0.012190505824516027,0.006672182615221068,0.013344365230442136,0.010256410256410256
1,1280,0.016468601549691247,0.01050051572459918,0.02100103144919836,0.015267274422459343,0.0037193433283048043,0.004320230208951556,0.008640460417903112,0.005076142131979695,0.011515409239372146,0.0068558243597694095,0.013711648719538819,0.01020408163265306
1,1518,0.017626465384646114,0.013599936109503837,0.027199872219007673,0.015306122448979553,0.004065484298292642,0.005696759615070807,0.011393519230141614,0.005076142131979695,0.01241837765333849,0.00879201366602745,0.0175840273320549,0.010256410256410256
