cores,pkt_sz,total_mean,total_stdev,total_95ci,total_median,user_mean,user_stdev,user_95ci,user_median,system_mean,system_stdev,system_95ci,system_median
1,64,0.4698402107242847,0.037188167278611906,0.07437633455722381,0.46703296703296704,0.003909336737645106,0.004824022537923896,0.009648045075847793,0.0,0.018168146764684152,0.010759779871106726,0.02151955974221345,0.016574585635359115
1,128,0.5085288177566861,0.03791574961030566,0.07583149922061132,0.508384074941452,0.005071134394531392,0.007615163834922497,0.015230327669844994,0.00546448087431694,0.01933644700823988,0.013035581618306182,0.026071163236612363,0.01694915254237288
1,256,0.550242527719751,0.04255635445187822,0.08511270890375644,0.5469998051821546,0.004478558885556886,0.006187360112252011,0.012374720224504022,0.0,0.01968281810413506,0.012629015764157921,0.025258031528315843,0.01694915254237288
1,512,0.5533575210217132,0.039777656244424524,0.07955531248884905,0.5494202751580299,0.0051134056449583165,0.005304210989926651,0.010608421979853302,0.005649717514124294,0.021403678436740202,0.011199698890774884,0.022399397781549767,0.017857775573114125
1,1024,0.40259040815111885,0.04820090954871937,0.09640181909743874,0.4101123595505618,0.004481868515926783,0.0049275702882101095,0.009855140576420219,0.005649717514124294,0.017435389026655,0.010932872241505822,0.021865744483011644,0.01694915254237288
1,1280,0.13427164538238393,0.04738322031428943,0.09476644062857886,0.12598425196850394,0.005742018283465651,0.006365521955406421,0.012731043910812843,0.007272823442293451,0.022637248935223266,0.011893034326183919,0.023786068652367837,0.022641831852358168
1,1518,0.10416639109676472,0.032934552343367965,0.06586910468673593,0.097020328599276,0.0051786030250863865,0.005549635544410279,0.011099271088820558,0.006896551724137931,0.02038792529387943,0.011638637671729363,0.023277275343458727,0.015444245676803817
