cores,pkt_sz,total_mean,total_stdev,total_95ci,total_median,user_mean,user_stdev,user_95ci,user_median,system_mean,system_stdev,system_95ci,system_median
1,64,0.399613284756341,0.021163906072816253,0.042327812145632505,0.3966480446927374,0.004571661386683136,0.0052625449956097605,0.010525089991219521,0.005509683686479267,0.016899861120090048,0.01027215957632919,0.02054431915265838,0.016666666666666666
1,128,0.38858885353671857,0.029207505342960217,0.058415010685920435,0.384180790960452,0.005050112709643413,0.00793645051082858,0.01587290102165716,0.00558659217877095,0.018998330129226245,0.017502046470938407,0.03500409294187681,0.01694915254237288
1,256,0.42017412541866456,0.022166673938015847,0.044333347876031694,0.4204545454545454,0.004566633543378794,0.0051385492137951015,0.010277098427590203,0.0056980519480519486,0.01867866287934118,0.009646228072615861,0.019292456145231722,0.017341040462427744
1,512,0.4296042513843585,0.03480432148791284,0.06960864297582568,0.42690058479532167,0.005383430206568903,0.007528830319570502,0.015057660639141004,0.005747126436781609,0.022266139139522512,0.016397880090588082,0.032795760181176165,0.018018180506456965
1,1024,0.09783039846668616,0.028389816297251222,0.056779632594502444,0.09554140127388533,0.004834817907929123,0.005396127979070266,0.010792255958140533,0.006153904415663106,0.017389818370488645,0.008694512714489832,0.017389025428979663,0.018633540372670808
1,1280,0.05436214069381576,0.01980865820063472,0.03961731640126944,0.050000000000000044,0.004792640574535123,0.005196018403930752,0.010392036807861504,0.006060606060606061,0.016080903663911676,0.008602631488134902,0.017205262976269804,0.012578616352201259
1,1518,0.052979563540243746,0.022091797991254453,0.04418359598250891,0.04878048780487809,0.004858996289934002,0.005022049337310187,0.010044098674620375,0.006060606060606061,0.016557254916737724,0.009136258617687609,0.018272517235375218,0.012422360248447204
