cores,pkt_sz,total_mean,total_stdev,total_95ci,total_median,user_mean,user_stdev,user_95ci,user_median,system_mean,system_stdev,system_95ci,system_median
1,64,0.018202626890224144,0.012221830688396437,0.024443661376792873,0.015306122448979553,0.00422911299776386,0.0056269354176863035,0.011253870835372607,0.005076142131979695,0.01258788511241555,0.007831616399286043,0.015663232798572086,0.010256410256410256
1,128,0.01723806854083753,0.01064757537017062,0.02129515074034124,0.015306122448979553,0.003371084182307752,0.003976804442514012,0.007953608885028024,0.0,0.01232148370179701,0.0076411749813351726,0.015282349962670345,0.010256410256410256
1,256,0.017467052732480753,0.011606409016448837,0.023212818032897674,0.015306122448979553,0.00380752800446985,0.004328143671042541,0.008656287342085083,0.0050633235912423726,0.012147931085427433,0.007806253881147055,0.01561250776229411,0.01020408163265306
1,512,0.046354665165997906,0.08258409813205972,0.16516819626411944,0.015306122448979553,0.008320884033010503,0.033618541046508556,0.06723708209301711,0.0,0.0137916849725439,0.008110177316807073,0.016220354633614147,0.010256410256410256
1,1024,0.01621376838436168,0.008620072582839833,0.017240145165679666,0.015228426395939132,0.003524772944260282,0.003727128278927485,0.00745425655785497,0.005076142131979695,0.011931326288831767,0.006159213362148092,0.012318426724296184,0.01020408163265306
1,1280,0.01671083049435017,0.009820686664360125,0.01964137332872025,0.015228426395939132,0.004059666573371571,0.004049699303584789,0.008099398607169577,0.005076142131979695,0.01214725048163153,0.007407069303247105,0.01481413860649421,0.01020408163265306
1,1518,0.018220100390454217,0.011319999940268442,0.022639999880536884,0.015306122448979553,0.004438782490468425,0.00502837839463608,0.01005675678927216,0.005076142131979695,0.013244936388553315,0.007573776365604305,0.01514755273120861,0.010256410256410256
