cores,pkt_sz,target_rate,target_pps,rate_median,rate_mean,pps_median,pps_mean,rate_95ci,pps_95ci
1,64,100,195312.5,1.5300072727272727,1.5226869494949495,2390.6363636363635,2379.10101010101,0.1367896521705942,213.6432226613414
1,128,100,97656.25,3.254830545454545,3.257715313131313,3178.5454545454545,3181.313131313131,0.18262395665414635,178.39921001754522
1,256,100,48828.125,8.586019636363636,8.689042343434345,4192.363636363636,4242.686868686868,0.5884096041186959,287.3136540480964
1,512,100,24414.0625,19.585210181818184,19.798078141414138,4781.545454545455,4833.535353535353,1.1192433572449445,273.261516392612
1,1024,100,12207.03125,81.85669818181819,81.66546884848485,9992.272727272728,9968.969696969698,2.1643184830820594,264.25337758782706
1,1280,100,9765.625,97.44570181818182,97.43779951515153,9516.181818181818,9515.454545454546,0.06992551779241833,6.767284776827632
1,1518,100,8234.519104084322,97.596912,97.59634157575756,8036.636363636364,8036.636363636364,0.0801713357525534,6.595209325126919
