cores,pkt_sz,target_rate,target_pps,rate_median,rate_mean,pps_median,pps_mean,rate_95ci,pps_95ci
1,64,1,1953.125,0.94144,0.9414864646464647,1471.0,1470.9393939393942,0.006003445252936831,9.534240647263264
1,128,1,976.5625,0.8592290909090909,0.8589716363636364,839.0909090909091,838.7878787878789,0.003632080742459185,3.559800037718406
1,256,1,488.28125,0.9240203636363636,0.9216011313131313,451.1818181818182,449.989898989899,0.00902614803866389,4.389188189397064
1,512,1,244.140625,0.9498996363636364,0.9504386262626263,231.9090909090909,232.05050505050505,0.002882286568626961,0.6968964974004163
1,1024,1,122.0703125,0.953250909090909,0.953361292929293,116.36363636363636,116.40404040404039,0.0002468643356260089,0.09034618090908499
1,1280,1,97.65625,1.012829090909091,0.986431595959596,98.9090909090909,96.35353535353535,0.059355686977276605,5.836740882388917
1,1518,1,82.34519104084322,1.05984,1.0442203636363636,87.27272727272727,86.010101010101,0.05870577951076823,4.822235340399311
