cores,pkt_sz,target_rate,target_pps,rate_median,rate_mean,pps_median,pps_mean,rate_95ci,pps_95ci
1,64,0.1,195.3125,0.09042690909090909,0.09048193939393939,141.1818181818182,141.3131313131313,0.0009961310942967268,1.4897534597645818
1,128,0.1,97.65625,0.08275781818181818,0.08262230303030303,80.81818181818181,80.63636363636364,0.0009361390963491977,0.9231240128319883
1,256,0.1,48.828125,0.08285090909090909,0.08291951515151516,40.45454545454545,40.484848484848484,0.0008407144104430097,0.4110503020075904
1,512,0.1,24.4140625,0.07149381818181817,0.07134181818181819,17.454545454545453,17.434343434343436,0.0013930933084412807,0.371409622441419
1,1024,0.1,12.20703125,0.09532509090909091,0.09540751515151516,11.636363636363637,11.666666666666668,0.00033042984499128975,0.12121212121212091
1,1280,0.1,9.765625,0.11915636363636363,0.0992969696969697,11.636363636363637,9.696969696969695,0.05617084849920191,5.485434423750187
1,1518,0.1,8.234519104084322,0.141312,0.11775999999999999,11.636363636363637,9.696969696969695,0.06661511564202227,5.485434423750187
