cores,pkt_sz,total_mean,total_stdev,total_95ci,total_median,user_mean,user_stdev,user_95ci,user_median,system_mean,system_stdev,system_95ci,system_median
1,64,0.1261102819331809,0.0014839218396524106,0.002967843679304821,0.12594458438287148,0.06639560471151548,0.00636309692377329,0.01272619384754658,0.0654911838790932,0.059637128986663394,0.006410163453513841,0.012820326907027682,0.060453400503778336
1,128,0.12579496606193327,0.001244980640715477,0.002489961281430954,0.12562814070351758,0.06447230270570146,0.00651259985120257,0.01302519970240514,0.06508145363408521,0.06126081893035225,0.006539431431724382,0.013078862863448764,0.061553030303030304
1,256,0.12550277742940524,0.0014625067839741926,0.002925013567948385,0.12531328320802004,0.06457749407845068,0.0067633941618315185,0.013526788323663037,0.06516290726817042,0.0608634772147554,0.00687599635949401,0.01375199271898802,0.06030150753768844
1,512,0.12534391409053416,0.0014038219403265141,0.0028076438806530282,0.12531328320802004,0.06511561493175648,0.0058550113976256,0.0117100227952512,0.065,0.06016660905485039,0.005940834120548379,0.011881668241096759,0.06022594173876903
1,1024,0.12523208052256105,0.0012880867453931698,0.0025761734907863397,0.125,0.06524967790129586,0.005972371725350021,0.011944743450700042,0.065,0.059967009006536606,0.005863069041139792,0.011726138082279585,0.06
1,1280,0.1251913944605319,0.0012782245004359474,0.0025564490008718947,0.125,0.06533689058091752,0.006931240622523181,0.013862481245046363,0.065,0.059823639682083554,0.00700726186198679,0.01401452372397358,0.06015037593984962
1,1518,0.12520506722215696,0.001324919418955356,0.002649838837910712,0.125,0.0659772171322114,0.006951760870895986,0.013903521741791972,0.065,0.059197024376451475,0.006772077877786595,0.01354415575557319,0.06015037593984962
