cores,pkt_sz,total_mean,total_stdev,total_95ci,total_median,user_mean,user_stdev,user_95ci,user_median,system_mean,system_stdev,system_95ci,system_median
1,64,0.12513536397608838,0.0013691339209119286,0.002738267841823857,0.125,0.06396549439346161,0.0059558751489284505,0.011911750297856901,0.06265664160401002,0.06115447596789819,0.005960930643727536,0.011921861287455073,0.06234413965087282
1,128,0.1250968126184854,0.0014589694886612827,0.0029179389773225655,0.125,0.06281788855867847,0.0058696314407650114,0.011739262881530023,0.0625,0.062278924059806944,0.005844280031765825,0.01168856006353165,0.0625
1,256,0.1251011624720609,0.0011515766063787977,0.0023031532127575955,0.125,0.06345392079974142,0.006116366854168142,0.012232733708336285,0.06265664160401002,0.0616472416723195,0.006123008225475784,0.012246016450951568,0.06234413965087282
1,512,0.12509665785381108,0.0012372426611885672,0.0024744853223771343,0.125,0.06392950697481378,0.0055372573031555634,0.011074514606311127,0.06483790523690773,0.061167150878997295,0.005417917735303469,0.010835835470606937,0.06015037593984962
1,1024,0.12509838915104174,0.0013927495714110383,0.0027854991428220765,0.125,0.06411567490475037,0.005778879806793726,0.011557759613587452,0.0627353559778844,0.06096732063156276,0.0059448607984051455,0.011889721596810291,0.06226659718862049
1,1280,0.125095101116788,0.0012518750926459941,0.0025037501852919882,0.125,0.06463918675104569,0.006157540834395314,0.012315081668790627,0.06483790523690773,0.06045591436574227,0.006151198926170683,0.012302397852341366,0.06116971533310889
1,1518,0.12511432195544253,0.001283545454215802,0.002567090908431604,0.125,0.06374533415485135,0.006356315143528239,0.012712630287056478,0.06257832080200501,0.06136898780059119,0.006293755015613335,0.01258751003122667,0.0625
