cores,pkt_sz,total_mean,total_stdev,total_95ci,total_median,user_mean,user_stdev,user_95ci,user_median,system_mean,system_stdev,system_95ci,system_median
1,64,0.1274290869822401,0.0015684666796678191,0.0031369333593356382,0.12722646310432573,0.0671597797412719,0.0073350060387957685,0.014670012077591537,0.06598984771573604,0.059987576587480856,0.007383975354193806,0.014767950708387613,0.06091370558375635
1,128,0.12638208154848155,0.001380712502186723,0.002761425004373446,0.1262626262626263,0.06700570413854524,0.006923565755828628,0.013847131511657257,0.06565656565656566,0.05923632118955552,0.007015099771550956,0.014030199543101913,0.06060606060606061
1,256,0.12592974266436333,0.0013471719979296498,0.0026943439958592996,0.12594458438287148,0.06638024311722102,0.006685926022790735,0.01337185204558147,0.0654911838790932,0.05941006801349621,0.006715624403742735,0.01343124880748547,0.06030150753768844
1,512,0.1255653178976774,0.0014353277496234524,0.002870655499246905,0.12562814070351758,0.0663171144569969,0.0066663320946607945,0.013332664189321589,0.06532663316582915,0.05921737772718653,0.00683158388801107,0.01366316777602214,0.06015037593984962
1,1024,0.1253584186050627,0.0011291715769987348,0.0022583431539974696,0.12531328320802004,0.06469006291968325,0.006662276301031483,0.013324552602062965,0.0627353559778844,0.0606528849096748,0.006640422526814798,0.013280845053629597,0.0625
1,1280,0.1253087187243072,0.0014250739282616592,0.0028501478565233183,0.12531328320802004,0.06579392947757667,0.007618434482060683,0.015236868964121367,0.06516290726817042,0.05948392485629727,0.0077638291261853815,0.015527658252370763,0.06015037593984962
1,1518,0.12525719232328042,0.00128286801941553,0.00256573603883106,0.12531328320802004,0.06561788496482715,0.005871858433907931,0.011743716867815862,0.06516290726817042,0.05960848164495919,0.005879596781787504,0.011759193563575007,0.06015037593984962
