cores,pkt_sz,total_mean,total_stdev,total_95ci,total_median,user_mean,user_stdev,user_95ci,user_median,system_mean,system_stdev,system_95ci,system_median
1,64,0.12531721632592363,0.0014192297963806196,0.002838459592761239,0.12531328320802004,0.06624541626045538,0.007445456658755137,0.014890913317510274,0.06516290726817042,0.05907180006546825,0.007427231400371301,0.014854462800742601,0.06
1,128,0.12522451115684566,0.0012906188923520153,0.0025812377847040306,0.12531328320802004,0.06451122203257914,0.0058157518493595186,0.011631503698719037,0.065,0.060697895509537955,0.005778265874736397,0.011556531749472795,0.06015037593984962
1,256,0.12515488266042932,0.0013141813787482242,0.0026283627574964484,0.125,0.06387525134940775,0.006062126905910072,0.012124253811820144,0.065,0.061279631311021626,0.006033399497845122,0.012066798995690244,0.06234413965087282
1,512,0.1251394032775546,0.0012376297837063124,0.0024752595674126248,0.125,0.06483213028635318,0.006537010135181845,0.01307402027036369,0.065,0.060307272991201415,0.006480626845821464,0.012961253691642928,0.06015037593984962
1,1024,0.12512155550976695,0.0014247084807665479,0.0028494169615330958,0.125,0.06482381091919838,0.006978179362636505,0.01395635872527301,0.06491895261845387,0.06028235097583992,0.007084402129036041,0.014168804258072081,0.06015037593984962
1,1280,0.12512975408592197,0.0014042934993677818,0.0028085869987355635,0.125,0.06392226741414576,0.006180721799735323,0.012361443599470646,0.0625,0.06120748667177624,0.006052905097862653,0.012105810195725306,0.0625
1,1518,0.1251125820049974,0.0012909467167259428,0.0025818934334518855,0.125,0.06421613070854741,0.005756645866835475,0.01151329173367095,0.06483790523690773,0.06089645129644991,0.005832761123042099,0.011665522246084198,0.06015037593984962
