cores,pkt_sz,total_mean,total_stdev,total_95ci,total_median,user_mean,user_stdev,user_95ci,user_median,system_mean,system_stdev,system_95ci,system_median
1,64,0.1250777723694948,0.0011383342540439137,0.0022766685080878274,0.125,0.06286237934037125,0.005810417471053659,0.011620834942107318,0.0625,0.06221539302912353,0.005740623124345917,0.011481246248691833,0.06257832080200501
1,128,0.12508318875331034,0.0012706998251228619,0.0025413996502457238,0.125,0.06350815169489693,0.005835243272360745,0.01167048654472149,0.0625,0.06157503705841346,0.006088453484362405,0.01217690696872481,0.0625
1,256,0.12513940434070991,0.0012234814419201788,0.0024469628838403577,0.125,0.06432824956482663,0.006112210702666882,0.012224421405333764,0.06483790523690773,0.06081115477588332,0.006059287534561083,0.012118575069122166,0.06132282359428063
1,512,0.1251408853916166,0.0014104193005415745,0.002820838601083149,0.125,0.0652078218697379,0.007493736820687754,0.014987473641375508,0.065,0.05993306352187876,0.007316404262298361,0.014632808524596723,0.06015037593984962
1,1024,0.12512785011582572,0.0013931910137029693,0.0027863820274059386,0.125,0.0658748972757403,0.007372641260260137,0.014745282520520275,0.065,0.05925295284008539,0.00743735988891944,0.01487471977783888,0.06
1,1280,0.12513672940068768,0.0013514279854204526,0.002702855970840905,0.125,0.06494698014394074,0.007116928041251512,0.014233856082503025,0.06483790523690773,0.06017439393459228,0.007195096305944675,0.01439019261188935,0.06015037593984962
1,1518,0.125127917099017,0.0013126394715448238,0.0026252789430896476,0.125,0.06542474936805626,0.007787237683774181,0.015574475367548362,0.065,0.059703167730960745,0.007724009757957745,0.01544801951591549,0.06
