cores,pkt_sz,target_rate,target_pps,rate_median,rate_mean,pps_median,pps_mean,rate_95ci,pps_95ci
1,64,10,19531.25,9.614429090909091,9.614408808080807,15022.545454545454,15022.414141414141,0.00043911346069483496,0.6006492423155024
1,128,10,9765.625,8.726155636363636,8.725928484848485,8521.636363636364,8521.363636363636,0.0015313372754688563,1.4746090982544175
1,256,10,4882.8125,9.357684363636363,9.359166949494949,4569.181818181818,4569.898989898989,0.012327969489890794,6.004249761837832
1,512,10,2441.40625,9.699328,9.698955313131314,2368.0,2367.919191919192,0.0026424413331539868,0.6552434238475208
1,1024,10,1220.703125,9.866146909090908,9.86465713131313,1204.3636363636363,1204.20202020202,0.00895484658596667,1.1101924576996385
1,1280,10,976.5625,9.889978181818181,9.889129696969697,965.8181818181819,965.7575757575758,0.005329083794610892,0.5420770854544957
1,1518,10,823.4519104084321,10.033152,10.032866424242423,826.1818181818181,826.1818181818181,0.0021518800407612226,0.20994555243259713
