cores,pkt_sz,target_rate,target_pps,rate_median,rate_mean,pps_median,pps_mean,rate_95ci,pps_95ci
1,64,0.1,195.3125,0.09309090909090909,0.09314610101010101,145.45454545454547,145.4747474747475,0.00031221264261845744,0.11427988382811427
1,128,0.1,97.65625,0.08340945454545455,0.08346464646464648,81.45454545454545,81.47474747474747,0.0003122126426184487,0.11427988382813214
1,256,0.1,48.828125,0.08340945454545455,0.08346464646464648,40.72727272727273,40.74747474747475,0.00020653230226378035,0.07558903811664743
1,512,0.1,24.4140625,0.07149381818181817,0.07160420202020201,17.454545454545453,17.494949494949495,0.0004130185042693622,0.1511780762332919
1,1024,0.1,12.20703125,0.09532509090909091,0.09543547474747476,11.636363636363637,11.676767676767676,0.0004130185042693391,0.15117807623329044
1,1280,0.1,9.765625,0.059578181818181815,0.0795479595959596,5.818181818181818,7.7979797979797985,0.05636513308088427,5.557795691611829
1,1518,0.1,8.234519104084322,0.141312,0.12572105050505047,11.636363636363637,10.383838383838382,0.058736525871970174,4.833140703126565
