cores,pkt_sz,target_rate,target_pps,rate_median,rate_mean,pps_median,pps_mean,rate_95ci,pps_95ci
1,64,1,1953.125,0.9606981818181818,0.9608085656565657,1501.090909090909,1501.131313131313,0.00024686433562606536,0.0903461809092262
1,128,1,976.5625,0.8698414545454546,0.8699518383838384,849.4545454545455,849.4949494949495,0.00024686433562595505,0.09034618090900025
1,256,1,488.28125,0.9294196363636363,0.9295300202020201,453.8181818181818,453.8585858585859,0.0002468643356260089,0.09034618090911323
1,512,1,244.140625,0.953250909090909,0.9533333333333334,232.72727272727272,232.75757575757572,0.00023315818692161235,0.08570991287109911
1,1024,1,122.0703125,0.953250909090909,0.9533340606060605,116.36363636363636,116.39393939393939,0.00023521498674791144,0.08570991287109911
1,1280,1,97.65625,0.953250909090909,0.9654358787878787,93.0909090909091,94.30303030303031,0.05119846570703881,5.013846758774889
1,1518,1,82.34519104084322,1.05984,1.0520724848484848,87.27272727272727,86.65656565656565,0.044469457296798784,3.679319793583419
