cores,pkt_sz,target_rate,target_pps,rate_median,rate_mean,pps_median,pps_mean,rate_95ci,pps_95ci
1,64,50,97656.25,48.08678436363637,48.08691454545455,75135.45454545454,75135.69318181818,0.003162076271547939,4.810403240767964
1,128,50,48828.125,43.66071927272727,43.65609551515151,42637.36363636364,42632.83838383839,0.016914516094598327,16.56792297873877
1,256,50,24414.0625,46.824048,46.82343094949495,22863.272727272728,22862.989898989897,0.00884338910103318,4.332756430717241
1,512,50,12207.03125,48.56813381818182,48.564203717171715,11857.454545454546,11856.505050505051,0.012005713983479679,2.931869295441823
1,1024,50,6103.515625,49.521384727272725,49.516337535353536,6045.090909090909,6044.49494949495,0.01394546656985295,1.7336111477109963
1,1280,50,4882.8125,49.68820363636363,49.68686593939394,4852.363636363636,4852.262626262625,0.008099532397934636,0.7687392965833216
1,1518,50,4117.259552042161,49.883136,49.87536775757576,4107.636363636364,4107.020202020201,0.044468932889332353,3.679319793583504
