cores,pkt_sz,total_mean,total_stdev,total_95ci,total_median,user_mean,user_stdev,user_95ci,user_median,system_mean,system_stdev,system_95ci,system_median
1,64,0.00564700410081228,0.0014695268405511563,0.0029390536811023126,0.0050890585241730735,0.0019053572691932058,0.001251491051283759,0.002502982102567518,0.0025380710659898475,0.00367132334357406,0.0012594417646334226,0.002518883529266845,0.002551020408163265
1,128,0.005689813994500328,0.0019133780543204597,0.0038267561086409193,0.005063291139240533,0.0017559561863359334,0.0011647726047496656,0.0023295452094993312,0.0025252525252525255,0.003933857808164391,0.0015086835663132307,0.0030173671326264614,0.0037942880582474492
1,256,0.005880808398970816,0.0015580253603367162,0.0031160507206734324,0.005050505050505083,0.001890239573566121,0.001091345043186561,0.002182690086373122,0.0025188916876574307,0.0039209503347335545,0.001247307368167052,0.002494614736334104,0.005025125628140704
1,512,0.005733095567274949,0.0018353205193391245,0.003670641038678249,0.005037783375314908,0.0018176208853567094,0.0015275809781851518,0.0030551619563703035,0.002512562814070352,0.003915474681918229,0.001247017975951509,0.002494035951903018,0.005025125628140704
1,1024,0.0034272715176036084,0.002064699489301941,0.004129398978603882,0.002525252525252486,0.001118983568904287,0.0012510663391501547,0.0025021326783003094,0.0,0.0021685253236513294,0.0013456043287400745,0.002691208657480149,0.0025188916876574307
1,1280,0.0026576163370223343,0.0021291260097902314,0.004258252019580463,0.002525252525252486,0.000699344957466068,0.0011276655832544015,0.002255331166508803,0.0,0.001539154873619077,0.0013631895670787823,0.0027263791341575645,0.002512562814070352
1,1518,0.002868570832234645,0.0018880512737215257,0.0037761025474430513,0.002525252525252486,0.0007689581408300949,0.0011592492363724615,0.002318498472744923,0.0,0.0017501182277625373,0.0013032338257591607,0.0026064676515183214,0.0025188916876574307
