cores,pkt_sz,total_mean,total_stdev,total_95ci,total_median,user_mean,user_stdev,user_95ci,user_median,system_mean,system_stdev,system_95ci,system_median
1,64,0.00432814037743857,0.0020718218298071407,0.004143643659614281,0.00527704485488123,0.0013198480091780886,0.0013198544030203342,0.0026397088060406684,0.0013157894736842105,0.0024956310690957485,0.0013840270690479311,0.0027680541380958623,0.0026455026455026454
1,128,0.007113988189597992,0.0023742491015598622,0.0047484982031197245,0.007751937984496138,0.002155375042681214,0.0015527535554293683,0.0031055071108587367,0.002583979328165375,0.004600282107494068,0.0016190791698271166,0.0032381583396542332,0.00516795865633075
1,256,0.0058891717383156945,0.002056308781496323,0.004112617562992646,0.005121647321135792,0.0017733625842034921,0.0011763276906980723,0.0023526553813961446,0.002551020408163265,0.003974625811665643,0.0013992646549276988,0.0027985293098553975,0.005082600328076362
1,512,0.0059154005553921085,0.0017822638963882213,0.0035645277927764426,0.005076142131979711,0.002111851895902898,0.0012651285144168766,0.0025302570288337533,0.002531645569620253,0.0037332251714441867,0.001398313567957834,0.002796627135915668,0.0037975171562957826
1,1024,0.005403743151695968,0.0022308182067360045,0.004461636413472009,0.005063291139240533,0.0015437480048478827,0.001231491595832148,0.002462983191664296,0.0025188916876574307,0.0034392937251962134,0.001588983732260148,0.003177967464520296,0.002531645569620253
1,1280,0.0057488051311435605,0.0021042244201580603,0.0042084488403161206,0.005063291139240533,0.001331538013727378,0.0012595135228053464,0.002519027045610693,0.002515727250863891,0.003015048643623255,0.001662636922878696,0.003325273845757392,0.0025252525252525255
1,1518,0.005537318843827046,0.0018519347746052098,0.0037038695492104196,0.005063291139240533,0.0011903654207702536,0.0012584472982228954,0.0025168945964457907,0.0,0.002734650645803313,0.0009117145610260803,0.0018234291220521606,0.0025252525252525255
