cores,pkt_sz,total_mean,total_stdev,total_95ci,total_median,user_mean,user_stdev,user_95ci,user_median,system_mean,system_stdev,system_95ci,system_median
1,64,0.00342639336175779,0.0015812679434944027,0.0031625358869888055,0.002525252525252486,0.0011882486729655535,0.0012562070567184384,0.002512414113436877,0.0,0.0022381446887922434,0.001295516782067381,0.002591033564134762,0.0025188916876574307
1,128,0.004889763361501953,0.001557054301777386,0.003114108603554772,0.005025125628140725,0.0016066557687867424,0.0012079022598663973,0.0024158045197327947,0.002512562814070352,0.0032134891020440767,0.0012707621755632926,0.002541524351126585,0.0025188916876574307
1,256,0.004607276801143506,0.002167440231569836,0.004334880463139672,0.005025125628140725,0.0013955263193634608,0.001248205466538557,0.002496410933077114,0.002506265664160401,0.0031421319911089114,0.0013678915183897942,0.0027357830367795884,0.0025188916876574307
1,512,0.004538352712991769,0.0021124968913322365,0.004224993782664473,0.005025125628140725,0.001395698596487774,0.0012483565164994798,0.0024967130329989597,0.002506265664160401,0.0030730356258328647,0.001195404589941536,0.002390809179883072,0.0025188916876574307
1,1024,0.005166663884809957,0.001661971077303071,0.003323942154606142,0.005025125628140725,0.00167539787959224,0.0011846907191965465,0.002369381438393093,0.002512562814070352,0.003421821560773256,0.0012046862027408943,0.0024093724054817887,0.0025188916876574307
1,1280,0.005026378319511656,0.002046160420810724,0.004092320841621448,0.005025125628140725,0.0017451957237971357,0.0014294659688236834,0.0028589319376473668,0.0025094142391153765,0.0032113891842125556,0.0013992663303549775,0.002798532660709955,0.0025188916876574307
1,1518,0.0049569320993557466,0.0017183541913854375,0.003436708382770875,0.005025125628140725,0.0015349320529770038,0.0012244551659543195,0.002448910331908639,0.002506265664160401,0.0034220000463787334,0.0012038147531330556,0.002407629506266111,0.0025252525252525255
