cores,pkt_sz,total_mean,total_stdev,total_95ci,total_median,user_mean,user_stdev,user_95ci,user_median,system_mean,system_stdev,system_95ci,system_median
1,64,0.005079956665435281,0.002515601364793403,0.005031202729586806,0.0053050397877983935,0.0007358488241831766,0.0011865357802791562,0.0023730715605583125,0.0,0.0018393151919173867,0.0013679633888335847,0.0027359267776671694,0.0026455026455026454
1,128,0.004574529664541616,0.002542629662268548,0.005085259324537096,0.0053050397877983935,0.0011062047606099315,0.0013088893586957362,0.0026177787173914725,0.0,0.002214955986015596,0.0011713821953611239,0.0023427643907222477,0.002656047180992155
1,256,0.0064189498918095595,0.0020667026277296774,0.004133405255459355,0.007772020725388629,0.0019473091465481364,0.001662300671152841,0.003324601342305682,0.0025906735751295338,0.0040391131734041725,0.0012845956438945541,0.0025691912877891083,0.0051813471502590676
1,512,0.005539574462826328,0.002198999149307168,0.004397998298614336,0.005115089514066473,0.0017043123101243096,0.0012051402483472578,0.0024102804966945157,0.0025575447570332483,0.0035518108291127965,0.0013771652740457259,0.0027543305480914517,0.002564102564102564
1,1024,0.006206713479155428,0.0026948136695428594,0.005389627339085719,0.0076142131979695105,0.001621730254513295,0.0013580941979060657,0.0027161883958121314,0.002531645569620253,0.0035279872551923267,0.0013703115428883523,0.0027406230857767045,0.002551020408163265
1,1280,0.008516659261031777,0.0020691225403623253,0.0041382450807246505,0.0076142131979695105,0.0012665394331846816,0.0012665435415288688,0.0025330870830577376,0.0012626262626262627,0.003378749223196375,0.0013329621384013746,0.002665924276802749,0.0025380710659898475
1,1518,0.009620863653335103,0.0018490543527990447,0.0036981087055980894,0.010101010101010055,0.0015437471034033866,0.0012314899461089942,0.0024629798922179884,0.0025188916876574307,0.0034412516831472694,0.0013503859969541925,0.002700771993908385,0.0025348583178050506
