cores,pkt_sz,target_rate,target_pps,rate_median,rate_mean,pps_median,pps_mean,rate_95ci,pps_95ci
1,64,10,19531.25,9.551796363636365,9.551796363636365,14924.681818181818,14924.681818181818,0.00017454545454498316,0.2727272727279342
1,128,10,9765.625,8.716055272727273,8.716055272727273,8511.772727272728,8511.772727272728,0.006423272727271723,6.272727272726116
1,256,10,4882.8125,9.351200727272726,9.351200727272726,4566.0,4566.0,0.005147636363636465,2.5454545454540494
1,512,10,2441.40625,9.694054545454545,9.694054545454545,2366.727272727273,2366.727272727273,0.010546909090907164,2.545454545454504
1,1024,10,1220.703125,9.230275636363636,9.230275636363636,1126.7727272727273,1126.7727272727273,0.039963636363637534,4.8181818181819835
1,1280,10,976.5625,9.079747636363635,9.079747636363635,886.7272727272727,886.7272727272727,0.1756901818181813,17.090909090909122
1,1518,10,823.4519104084321,9.173936363636365,9.173936363636365,755.5,755.5,0.01876145454545508,1.5454545454545041
