cores,pkt_sz,target_rate,target_pps,rate_median,rate_mean,pps_median,pps_mean,rate_95ci,pps_95ci
1,64,1,1953.125,0.9609465454545455,0.9609465454545455,1501.1818181818182,1501.1818181818182,6.545454545481277e-06,0.0
1,128,1,976.5625,0.8700898181818182,0.8700898181818182,849.5454545454545,849.5454545454545,6.545454545481277e-06,0.0
1,256,1,488.28125,0.9296679999999999,0.9296679999999999,453.90909090909093,453.90909090909093,6.545454545370255e-06,0.0
1,512,1,244.140625,0.9485963636363637,0.9485963636363637,231.5909090909091,231.5909090909091,0.009309090909090822,2.272727272727252
1,1024,1,122.0703125,0.8802676363636364,0.8802676363636364,107.45454545454545,107.45454545454545,0.0476625454545454,5.818181818181813
1,1280,1,97.65625,0.8852945454545453,0.8852945454545453,86.45454545454545,86.45454545454545,0.02792727272727269,2.7272727272727195
1,1518,1,82.34519104084322,0.873264,0.873264,71.9090909090909,71.9090909090909,0.046368000000000076,3.818181818181813
