cores,pkt_sz,target_rate,target_pps,rate_median,rate_mean,pps_median,pps_mean,rate_95ci,pps_95ci
1,64,0.5,976.5625,0.4804716363636363,0.4804716363636363,750.590909090909,750.590909090909,0.000245090909090917,0.09090909090912191
1,128,0.5,488.28125,0.4350432727272727,0.4350432727272727,424.77272727272725,424.77272727272725,0.0002450909090908615,0.09090909090906507
1,256,0.5,244.140625,0.46443054545454543,0.46443054545454543,226.77272727272725,226.77272727272725,0.0005585454545454782,0.2727272727272805
1,512,0.5,122.0703125,0.4760669090909091,0.4760669090909091,116.22727272727272,116.22727272727272,0.0011170909090908454,0.27272727272726627
1,1024,0.5,61.03515625,0.2893265454545454,0.2893265454545454,35.31818181818181,35.31818181818181,0.05138618181818183,6.272727272727273
1,1280,0.5,48.828125,0.3602618181818182,0.3602618181818182,35.18181818181818,35.18181818181818,0.035374545454545436,3.4545454545454533
1,1518,0.5,41.17259552042161,0.4606163636363636,0.4606163636363636,38.0,38.0,0.00440945454545455,0.36363636363635976
