cores,pkt_sz,target_rate,target_pps,rate_median,rate_mean,pps_median,pps_mean,rate_95ci,pps_95ci
1,64,100,195312.5,95.91764363636364,95.91764363636364,149871.31818181818,149871.31818181818,0.0948945454545509,148.2727272727352
1,128,100,97656.25,87.08676109090909,87.08676109090909,85045.59090909091,85045.59090909091,0.004409454545452718,4.454545454544132
1,256,100,48828.125,93.43360618181819,93.43360618181819,45621.86363636363,45621.86363636363,0.09519781818183048,46.454545454551415
1,512,100,24414.0625,97.04125127272727,97.04125127272727,23691.727272727272,23691.727272727272,0.17637309090908104,43.0909090909081
1,1024,100,12207.03125,96.34449854545454,96.34449854545454,11760.863636363636,11760.863636363636,1.6227541818181948,198.0909090909081
1,1280,100,9765.625,95.52036472727272,95.52036472727272,9328.227272727272,9328.227272727272,2.18856072727273,213.72727272727388
1,1518,100,8234.519104084322,96.01555781818183,96.01555781818183,7906.454545454546,7906.454545454546,0.23540363636364248,19.45454545454504
