cores,pkt_sz,total_mean,total_stdev,total_95ci,total_median,user_mean,user_stdev,user_95ci,user_median,system_mean,system_stdev,system_95ci,system_median
1,64,0.4695328217375845,0.08571427273690475,0.1714285454738095,0.49864864864864866,0.08736783488728272,0.07182070863238627,0.14364141726477253,0.0989010989010989,0.020047638466761417,0.01801909282787767,0.03603818565575534,0.01662062615101289
2,64,0.45601998540860234,0.07601673361341654,0.15203346722683309,0.4465829930338698,0.05709704743950392,0.059119897665091056,0.11823979533018211,0.01690154256332127,0.02763186712223242,0.01488211155563158,0.02976422311126316,0.022598870056497175
