cores,pkt_sz,total_mean,total_stdev,total_95ci,total_median,user_mean,user_stdev,user_95ci,user_median,system_mean,system_stdev,system_95ci,system_median
1,64,0.48610022838577277,0.08651856741779526,0.17303713483559052,0.5054945054945055,0.05042835835513334,0.046945439014020256,0.09389087802804051,0.048914488258750555,0.018400459709487657,0.01438448318496035,0.0287689663699207,0.016575091575091575
2,64,0.49307936731298335,0.07308720746826117,0.14617441493652233,0.5135135135135135,0.03684409543665196,0.033498737165054665,0.06699747433010933,0.043478260869565216,0.0266873608928825,0.012194683514351138,0.024389367028702275,0.02702702702702703
