cores,pkt_sz,total_mean,total_stdev,total_95ci,total_median,user_mean,user_stdev,user_95ci,user_median,system_mean,system_stdev,system_95ci,system_median
1,64,0.017305624523994104,0.011139756723110308,0.022279513446220617,0.01538461538461533,0.005138859537496276,0.003964050066449686,0.007928100132899372,0.00510204081632653,0.010906955883636573,0.008357941729111397,0.016715883458222794,0.01020408163265306
2,64,0.027702313084261233,0.012388519877298942,0.024777039754597885,0.02577319587628868,0.006910536050546826,0.005067323574695651,0.010134647149391302,0.0051813471502590676,0.019243450392977715,0.008478026722007027,0.016956053444014053,0.02040816326530612
