cores,pkt_sz,total_mean,total_stdev,total_95ci,total_median,user_mean,user_stdev,user_95ci,user_median,system_mean,system_stdev,system_95ci,system_median
1,64,0.042827230899299615,0.015995588238448467,0.031991176476896935,0.04166666666666663,0.021445199448904266,0.00630181442630497,0.01260362885260994,0.020833333333333332,0.010651652401476738,0.009704149359646821,0.019408298719293643,0.010362694300518135
2,64,0.0559629515890804,0.016198457262109875,0.03239691452421975,0.05699481865284972,0.022860422283649453,0.007436037453767396,0.014872074907534793,0.021052631578947368,0.01881023115310976,0.010137966249088852,0.020275932498177704,0.015789473684210527
