cores,pkt_sz,total_mean,total_stdev,total_95ci,total_median,user_mean,user_stdev,user_95ci,user_median,system_mean,system_stdev,system_95ci,system_median
1,64,0.4237753406125236,0.0665948220983939,0.1331896441967878,0.4363031483284648,0.20812467430477466,0.03348398094103034,0.06696796188206068,0.2129032258064516,0.02206734624169713,0.00899196774314783,0.01798393548629566,0.019736842105263157
2,64,0.5523132049394097,0.02852039389278156,0.05704078778556312,0.5576340326340327,0.28129505151720596,0.021111002205783234,0.04222200441156647,0.28152316057540094,0.03909052727772123,0.009905889140739784,0.019811778281479567,0.0375
