cores,pkt_sz,mwatt_mean,mwatt_stdev,mwatt_95ci,mwatt_median
1,64,1688.7007407407407,93.90227820081446,3.550952442518337,1691.0
2,64,1731.9274074074074,92.35116107844948,3.4922963242661353,1727.0
