cores,pkt_sz,target_rate,target_pps,rate_median,rate_mean,pps_median,pps_mean,rate_95ci,pps_95ci
1,64,10,19531.25,9.18464,9.176539797979798,14351.0,14338.343434343435,0.06052738254131245,94.57403522080024
2,64,10,19531.25,9.410210909090909,9.409968,14703.454545454546,14703.0101010101,0.019876546179590893,31.215409587815824
