cores,pkt_sz,target_rate,target_pps,rate_median,rate_mean,pps_median,pps_mean,rate_95ci,pps_95ci
1,64,50,97656.25,6.510894545454546,7.137249050505051,10173.272727272728,11151.91919191919,5.438922533309216,8498.40336430763
2,64,50,97656.25,5.422021818181818,6.046049777777778,8471.90909090909,9446.91919191919,5.8143609639973475,9085.002599798365
