cores,pkt_sz,target_rate,target_pps,rate_median,rate_mean,pps_median,pps_mean,rate_95ci,pps_95ci
1,64,100,195312.5,2.7764945454545455,2.840948444444445,4338.272727272727,4438.949494949495,1.40820484092527,2200.400209213326
2,64,100,195312.5,2.129512727272727,2.731190141414141,3327.3636363636365,4267.383838383838,1.844072604765061,2881.3897215539564
