cores,pkt_sz,target_rate,target_pps,rate_median,rate_mean,pps_median,pps_mean,rate_95ci,pps_95ci
1,64,0.1,195.3125,0.09287054545454546,0.0929398787878788,145.0909090909091,145.12121212121212,0.00037418808095200033,0.49236596391734494
2,64,0.1,195.3125,0.0928,0.09276096969696969,144.72727272727272,144.8080808080808,0.0005146757446493764,0.8060580744751523
