cores,pkt_sz,target_rate,target_pps,rate_median,rate_mean,pps_median,pps_mean,rate_95ci,pps_95ci
1,64,0.5,976.5625,0.4794181818181818,0.4787823030303031,749.0909090909091,748.0000000000001,0.0029425317534894713,4.788262355176613
2,64,0.5,976.5625,0.47685818181818185,0.47784492929292927,745.0909090909091,746.5353535353536,0.0034127097762237327,5.368646483499307
