cores,pkt_sz,total_mean,total_stdev,total_95ci,total_median,user_mean,user_stdev,user_95ci,user_median,system_mean,system_stdev,system_95ci,system_median
3,64,0.017476529013568446,0.003938921861146694,0.007877843722293387,0.017766497461928932,0.005707166403836195,0.002255676782612139,0.004511353565224278,0.005082600328076362,0.011628179267285689,0.002790211801558033,0.005580423603116066,0.01142822082719781
3,256,0.011232311091508173,0.004726470405232368,0.009452940810464735,0.012706500820190869,0.0037418790996524,0.00226907326053822,0.00453814652107644,0.0025673983257530814,0.007490431991855768,0.0031422517267566496,0.006284503453513299,0.007633587786259542
3,512,0.008845884952073332,0.004500271770074837,0.009000543540149675,0.007682470981703715,0.0026904656099224584,0.0016864150581441318,0.0033728301162882636,0.0025575447570332483,0.006015123956593646,0.0032637267480392436,0.006527453496078487,0.005115089514066497
3,1518,0.009379529694144307,0.0063504989987770094,0.012700997997554019,0.007672634271099765,0.0027510413491506156,0.0022444095916612575,0.004488819183322515,0.0025575447570332483,0.006487480763509921,0.0046380642667531845,0.009276128533506369,0.005115089514066497
