cores,pkt_sz,total_mean,total_stdev,total_95ci,total_median,user_mean,user_stdev,user_95ci,user_median,system_mean,system_stdev,system_95ci,system_median
3,64,0.07933701156101183,0.007150086133178505,0.01430017226635701,0.07951176983435049,0.03497355775785976,0.003855507717028768,0.007711015434057536,0.035182743719329085,0.042951952688501466,0.005234517355330889,0.010469034710661778,0.0431266846361186
3,256,0.07622690274756143,0.003502015866123274,0.007004031732246548,0.07608695652173914,0.03091424979276611,0.0025371398603636574,0.005074279720727315,0.030054644808743168,0.04425874799823042,0.002957208103403034,0.005914416206806068,0.043478260869565216
3,512,0.05407076683455979,0.003098206697368493,0.006196413394736986,0.0546875,0.021817637297053546,0.0022758170633498803,0.004551634126699761,0.020942408376963352,0.03210845263042725,0.0027887531516412193,0.0055775063032824385,0.031413612565445025
3,1518,0.033384749619586235,0.0027724048479071295,0.005544809695814259,0.033419023136246784,0.009987120415714,0.0016785405837529224,0.0033570811675058447,0.010256410256410256,0.018119077180358725,0.002235748485177125,0.00447149697035425,0.017971788280271572
