cores,pkt_sz,total_mean,total_stdev,total_95ci,total_median,user_mean,user_stdev,user_95ci,user_median,system_mean,system_stdev,system_95ci,system_median
3,64,0.039840251684663174,0.0027587273405558876,0.005517454681111775,0.039892665474060784,0.015235846077845925,0.0019361168253226133,0.0038722336506452266,0.015463917525773196,0.02431895414794314,0.002405198941074384,0.004810397882148768,0.023255813953488372
3,256,0.023180329468068566,0.0028509095850178788,0.0057018191700357575,0.022900763358778664,0.007913887479300045,0.0022107119797628704,0.004421423959525741,0.007633587786259542,0.015124897104795646,0.0022905693176720155,0.004581138635344031,0.015267175572519083
3,512,0.019809495623758607,0.004308145682711058,0.008616291365422116,0.02030456852791873,0.006837932840259907,0.002576864105202464,0.005153728210404928,0.007585347142309167,0.01276058962184213,0.003471164047405043,0.006942328094810086,0.012690355329949238
3,1518,0.012942397136602064,0.003374341729901208,0.006748683459802416,0.012755102040816313,0.004171511434065914,0.0019004219697495513,0.0038008439394991026,0.005069716635610101,0.008488697503653294,0.002229381689325944,0.004458763378651888,0.0076726342710997444
