cores,pkt_sz,total_mean,total_stdev,total_95ci,total_median,user_mean,user_stdev,user_95ci,user_median,system_mean,system_stdev,system_95ci,system_median
3,64,0.009271308428257337,0.004258394618312289,0.008516789236624578,0.007672634271099765,0.0030438543450434633,0.0018763096359720255,0.003752619271944051,0.0025575447570332483,0.006156592405209346,0.003286598781309762,0.006573197562619524,0.005115089514066497
3,256,0.006945970148991392,0.0036215202101734724,0.007243040420346945,0.007653061224489832,0.0020548296081986414,0.0015672332960135354,0.003134466592027071,0.002551020408163265,0.004891140540792754,0.0027042478473776567,0.005408495694755313,0.00510204081632653
3,512,0.007367027891068174,0.0038576291759831625,0.007715258351966325,0.006390633176347471,0.0023382947456494587,0.0017353492928703488,0.0034706985857406976,0.0025575447570332483,0.005028733145418724,0.0031348573151137853,0.006269714630227571,0.005115089514066497
3,1518,0.006858618325494161,0.005427991580334163,0.010855983160668325,0.00512820512820511,0.002264594947163171,0.0018691484924995903,0.0037382969849991806,0.0025575447570332483,0.004524404887659869,0.0038927954459846703,0.007785590891969341,0.005095549670249779
