cores,pkt_sz,target_rate,target_pps,rate_median,rate_mean,pps_median,pps_mean,rate_95ci,pps_95ci
3,64,10,19531.25,9.544966181818182,9.544966181818182,14913.863636363636,14913.863636363636,0.00033672727272637815,0.8181818181819835
3,256,10,4882.8125,9.365812727272727,9.365812727272727,4573.136363636364,4573.136363636364,0.000245090909093193,0.09090909090900823
3,512,10,2441.40625,9.699450545454546,9.699450545454546,2368.0454545454545,2368.0454545454545,0.0002450909090914166,0.09090909090900823
3,1518,10,823.4519104084321,9.83388,9.83388,809.7727272727273,809.7727272727273,0.018767999999999674,1.5454545454545041
