cores,pkt_sz,target_rate,target_pps,rate_median,rate_mean,pps_median,pps_mean,rate_95ci,pps_95ci
3,64,100,195312.5,94.52721454545454,94.52721454545454,147698.77272727274,147698.77272727274,0.010647272727283053,16.636363636353053
3,256,100,48828.125,92.56364218181818,92.56364218181818,45197.09090909091,45197.09090909091,0.014894545454552599,7.272727272727934
3,512,100,24414.0625,96.49673309090909,96.49673309090909,23558.772727272728,23558.772727272728,0.003351272727272203,0.8181818181838025
3,1518,100,8234.519104084322,99.61392000000001,99.61392000000001,8202.727272727272,8202.727272727272,0.026495999999994524,2.1818181818180165
