cores,pkt_sz,target_rate,target_pps,rate_median,rate_mean,pps_median,pps_mean,rate_95ci,pps_95ci
3,64,1,1953.125,0.960824,0.960824,1501.1363636363635,1501.1363636363635,0.0002516363636364538,0.0909090909092356
3,256,1,488.28125,0.9295454545454545,0.9295454545454545,453.8636363636364,453.8636363636364,0.0002516363636363428,0.09090909090912191
3,512,1,244.140625,0.9533734545454545,0.9533734545454545,232.77272727272725,232.77272727272725,0.00024509090909097253,0.09090909090909349
3,1518,1,82.34519104084322,1.0086265454545456,1.0086265454545456,83.0909090909091,83.0909090909091,0.030053090909090807,2.5454545454545467
