cores,pkt_sz,total_mean,total_stdev,total_95ci,total_median,user_mean,user_stdev,user_95ci,user_median,system_mean,system_stdev,system_95ci,system_median
1,64,0.40770902378032703,0.03155966779204269,0.06311933558408538,0.40752751572327045,0.03445623510540352,0.008257451621410094,0.01651490324282019,0.03625675478311669,0.12749524513486463,0.01406538254943863,0.02813076509887726,0.12539308176100628
1,256,0.11892273354451054,0.016306878292489595,0.03261375658497919,0.11731843575418999,0.01069911609765446,0.005831571068804684,0.011663142137609368,0.0111731843575419,0.03511848664957073,0.008530321503202017,0.017060643006404034,0.03380308512664254
1,512,0.07439617275926877,0.023503853674376733,0.047007707348753466,0.06989247311827962,0.0069594864814854955,0.007658537592721398,0.015317075185442796,0.005405405405405406,0.023485401726366192,0.012020696909506348,0.024041393819012696,0.021621621621621623
1,1518,0.02657423878509117,0.005695130730827648,0.011390261461655296,0.02617801047120416,0.004504016932605928,0.00372427232119491,0.00744854464238982,0.005235602094240838,0.01423323015474894,0.004505654696167266,0.009011309392334532,0.015625
