cores,pkt_sz,total_mean,total_stdev,total_95ci,total_median,user_mean,user_stdev,user_95ci,user_median,system_mean,system_stdev,system_95ci,system_median
1,64,0.02943486134237748,0.008994366420844767,0.017988732841689534,0.031088082901554404,0.00463508926103773,0.004718355649369376,0.009436711298738751,0.005208333333333333,0.016098408856354,0.005500058422477572,0.011000116844955145,0.015665903141361258
1,256,0.023211152305894503,0.005685135885960779,0.011370271771921557,0.020618556701030966,0.0034188782311394697,0.003200493723375816,0.006400987446751632,0.00510204081632653,0.012958166758171245,0.005458396099030455,0.01091679219806091,0.012807700399747528
1,512,0.019900066881533732,0.005669596976730031,0.011339193953460062,0.02051282051282055,0.0028418239858124823,0.0028120236078469137,0.0056240472156938275,0.0050633235912423726,0.011083872284458125,0.004389958787603612,0.008779917575207224,0.01028284430346286
1,1518,0.012493768501564603,0.006020869337517212,0.012041738675034424,0.010309278350515427,0.0018424845707988283,0.0027246276646005333,0.005449255329201067,0.0,0.009514545549267407,0.004970255820537583,0.009940511641075166,0.010256410256410256
