cores,pkt_sz,total_mean,total_stdev,total_95ci,total_median,user_mean,user_stdev,user_95ci,user_median,system_mean,system_stdev,system_95ci,system_median
1,64,0.4585868971508575,0.033957074533796004,0.06791414906759201,0.46132478632478635,0.005198652831725745,0.005326476674138211,0.010652953348276421,0.0054496317415062955,0.02710241950503952,0.019432099426031236,0.03886419885206247,0.027655677655677655
1,256,0.5648884732787085,0.04504908119605259,0.09009816239210518,0.5546153846153846,0.014655302560746838,0.009903293454041426,0.019806586908082853,0.011695906432748537,0.07652144023131663,0.022845110304105652,0.045690220608211304,0.07328743545611016
1,512,0.5971060910284242,0.061459176237411525,0.12291835247482305,0.5785984848484849,0.012976602861035295,0.005332611708314486,0.010665223416628972,0.011528239202657806,0.07483145988679309,0.02337022720373788,0.04674045440747576,0.0771896896896897
1,1518,0.24216415738597366,0.0464055809086298,0.0928111618172596,0.25543703396851697,0.022383629487023667,0.009218106740040675,0.01843621348008135,0.021897810218978103,0.09248996801943943,0.017981715956256587,0.03596343191251317,0.09319116135662898
