cores,pkt_sz,mwatt_mean,mwatt_stdev,mwatt_95ci,mwatt_median
1,64,1854.66,213.83528957276127,17.307968084951767,1748.0
1,256,1741.8933333333334,71.12375568136305,5.7568032660767585,1706.0
1,512,1767.3733333333332,105.13125425972156,8.50939242579534,1700.5
1,1518,1727.3333333333333,55.59804153225383,4.500141816389146,1696.0
