cores,pkt_sz,target_rate,target_pps,rate_median,rate_mean,pps_median,pps_mean,rate_95ci,pps_95ci
1,64,0.1,195.3125,0.09331018181818182,0.09331018181818182,145.5,145.5,6.472727272728573e-05,0.09090909090906507
1,256,0.1,48.828125,0.08347163636363636,0.08347163636363636,40.72727272727273,40.72727272727273,0.0003658181818181755,0.18181818181818699
1,512,0.1,24.4140625,0.07136981818181817,0.07136981818181817,17.454545454545453,17.454545454545453,0.0007512727272727254,0.18181818181818343
1,1518,0.1,8.234519104084322,0.14156036363636365,0.14156036363636365,11.727272727272727,11.727272727272727,6.545454545453522e-06,0.0
