cores,pkt_sz,target_rate,target_pps,rate_median,rate_mean,pps_median,pps_mean,rate_95ci,pps_95ci
1,64,1,1953.125,0.9575720000000001,0.9575720000000001,1495.909090909091,1495.909090909091,0.0015192727272727027,2.3636363636362603
1,256,1,488.28125,0.9290163636363636,0.9290163636363636,453.5909090909091,453.5909090909091,0.0013098181818180787,0.6363636363636829
1,512,1,244.140625,0.9533130909090909,0.9533130909090909,232.77272727272725,232.77272727272725,0.0003789090909089854,0.09090909090909349
1,1518,1,82.34519104084322,1.0600883636363636,1.0600883636363636,87.36363636363636,87.36363636363636,6.545454545703322e-06,0.0
