cores,pkt_sz,target_rate,target_pps,rate_median,rate_mean,pps_median,pps_mean,rate_95ci,pps_95ci
1,64,10,19531.25,9.44624109090909,9.44624109090909,14759.454545454546,14759.454545454546,0.00488072727272737,7.636363636363967
1,256,10,4882.8125,9.277315999999999,9.277315999999999,4529.909090909091,4529.909090909091,0.03351927272727373,16.363636363636033
1,512,10,2441.40625,9.58042,9.58042,2339.0,2339.0,0.00075127272727471,0.18181818181801646
1,1518,10,823.4519104084321,9.916376363636363,9.916376363636363,816.6363636363636,816.6363636363636,6.545454544593099e-06,0.0
