cores,pkt_sz,total_mean,total_stdev,total_95ci,total_median,user_mean,user_stdev,user_95ci,user_median,system_mean,system_stdev,system_95ci,system_median
3,64,0.0890012717632998,0.014967667084691888,0.029935334169383775,0.09471910935325567,0.06513306431113836,0.011291968070488378,0.022583936140976757,0.06901047388852266,0.022008753729839115,0.004013285745698068,0.008026571491396135,0.021563968990896343
3,256,0.15775075251637571,0.0037951874466133884,0.007590374893226777,0.15774647887323945,0.10904991677490107,0.005014535002517711,0.010029070005035423,0.1085996435051087,0.04674395250350973,0.003074283625090556,0.006148567250181112,0.047752808988764044
3,512,0.08238057508322771,0.003710604151431594,0.007421208302863188,0.08310991957104563,0.053230009494347426,0.0033865749978857973,0.0067731499957715945,0.05361930294906166,0.028629462728144414,0.002860037214913606,0.005720074429827212,0.029490616621983913
3,1518,0.04161112076189134,0.0029197164147815526,0.005839432829563105,0.04134366925064603,0.024323047877898095,0.0017245146624886127,0.0034490293249772254,0.023316062176165803,0.01678655647191583,0.0019341283970746533,0.0038682567941493067,0.016769450031301196
