cores,pkt_sz,total_mean,total_stdev,total_95ci,total_median,user_mean,user_stdev,user_95ci,user_median,system_mean,system_stdev,system_95ci,system_median
3,64,0.05833325235358025,0.004389012825205875,0.00877802565041175,0.05774278215223094,0.03714365535058071,0.002875811466793126,0.005751622933586252,0.03684210526315789,0.020900051342513937,0.0028080037345980706,0.005616007469196141,0.02096989185252367
3,256,0.030013885942200683,0.0035205627938178015,0.007041125587635603,0.030612244897959218,0.014616920258049833,0.0022652463250316672,0.0045304926500633344,0.015306122448979591,0.015326104006146297,0.0024379429152910905,0.004875885830582181,0.015306122448979591
3,512,0.02227168587341584,0.0037704854066823324,0.007540970813364665,0.022900763358778664,0.010039643740110904,0.002436884427837104,0.004873768855674208,0.010178117048346057,0.012091570945703617,0.002397547935792237,0.004795095871584474,0.01272264631043257
3,1518,0.01462995551992975,0.004354205454250547,0.008708410908501094,0.014008075090552685,0.006149775926052747,0.0023369494347653783,0.0046738988695307565,0.005115089514066497,0.008339529011939684,0.002940204426686486,0.005880408853372972,0.007653061224489796
