cores,pkt_sz,total_mean,total_stdev,total_95ci,total_median,user_mean,user_stdev,user_95ci,user_median,system_mean,system_stdev,system_95ci,system_median
3,64,0.016422126899731705,0.003849767746023035,0.00769953549204607,0.015306122448979553,0.007149560528916882,0.0022928799861909894,0.004585759972381979,0.007614213197969543,0.009201885002423553,0.0026043797598454916,0.005208759519690983,0.007692307692307693
3,256,0.012224043000514322,0.004657841724226909,0.009315683448453817,0.012722646310432517,0.004664733075295725,0.002104616750229949,0.004209233500459898,0.005082600328076362,0.007559309925218607,0.0033342364609711657,0.0066684729219423314,0.007643324505374669
3,512,0.010804649573961331,0.005460897182958231,0.010921794365916462,0.010204081632653073,0.003673062464174944,0.002096122329946664,0.004192244659893328,0.002560823660567906,0.007131587109786391,0.004006490728292942,0.008012981456585884,0.005128205128205128
3,1518,0.008414240947831414,0.004858842209976038,0.009717684419952076,0.007672634271099765,0.0026172717705257535,0.0018418048972911488,0.0036836097945822975,0.0025575447570332483,0.005725926267388076,0.0037311716704559643,0.007462343340911929,0.005115089514066497
