cores,pkt_sz,target_rate,target_pps,rate_median,rate_mean,pps_median,pps_mean,rate_95ci,pps_95ci
3,64,100,195312.5,94.135948,94.135948,147087.27272727274,147087.27272727274,0.019619636363614745,30.363636363646947
3,256,100,48828.125,92.39685272727272,92.39685272727272,45115.63636363636,45115.63636363636,0.004037090909079666,2.0
3,512,100,24414.0625,96.11816181818182,96.11816181818182,23466.363636363636,23466.363636363636,0.012787636363640331,3.0909090909117367
3,1518,100,8234.519104084322,99.55994654545455,99.55994654545455,8198.318181818182,8198.318181818182,0.03287490909090707,2.636363636363967
