cores,pkt_sz,target_rate,target_pps,rate_median,rate_mean,pps_median,pps_mean,rate_95ci,pps_95ci
3,64,10,19531.25,9.541818181818183,9.541818181818183,14909.090909090908,14909.090909090908,0.00011636363636391422,0.18181818181801646
3,256,10,4882.8125,9.36569018181818,9.36569018181818,4573.090909090909,4573.090909090909,0.0,0.0
3,512,10,2441.40625,9.699328,9.699328,2368.0,2368.0,0.0,0.0
3,1518,10,823.4519104084321,9.869208,9.869208,812.6818181818182,812.6818181818182,0.04084800000000044,3.363636363636374
