cores,pkt_sz,target_rate,target_pps,rate_median,rate_mean,pps_median,pps_mean,rate_95ci,pps_95ci
3,64,1,1953.125,0.960824,0.960824,1501.1363636363635,1501.1363636363635,0.0002516363636364538,0.0909090909092356
3,256,1,488.28125,0.9285818181818182,0.9285818181818182,453.4090909090909,453.4090909090909,0.0016756363636363236,0.818181818181813
3,512,1,244.140625,0.9517614545454545,0.9517614545454545,232.36363636363637,232.36363636363637,0.002978909090909032,0.7272727272727195
3,1518,1,82.34519104084322,0.9858720000000001,0.9858720000000001,81.18181818181819,81.18181818181819,0.013248000000000038,1.0909090909090935
