cores,pkt_sz,total_mean,total_stdev,total_95ci,total_median,user_mean,user_stdev,user_95ci,user_median,system_mean,system_stdev,system_95ci,system_median
1,64,0.3964503324193842,0.03359523525157544,0.06719047050315088,0.3987341772151899,0.21468714052562632,0.013308681526689986,0.026617363053379972,0.21518987341772153,0.023044741219257907,0.010928617806622421,0.021857235613244843,0.019230769230769232
2,64,0.6322246562642955,0.06414721078621165,0.1282944215724233,0.6428571428571428,0.3758965965060181,0.04018674854956054,0.08037349709912107,0.3815028901734104,0.03335700662483108,0.008945615644618939,0.017891231289237877,0.03428571428571429
