cores,pkt_sz,total_mean,total_stdev,total_95ci,total_median,user_mean,user_stdev,user_95ci,user_median,system_mean,system_stdev,system_95ci,system_median
1,64,0.06975826294142005,0.015280703558449737,0.030561407116899475,0.06878306878306883,0.047786753977818,0.010614010129971577,0.021228020259943154,0.04736842105263158,0.010995043716534973,0.005255619553532819,0.010511239107065638,0.010443935427574172
2,64,0.08183194873966505,0.011462885329872795,0.02292577065974559,0.08290155440414504,0.04936898400261035,0.007088484552643675,0.01417696910528735,0.04736842105263158,0.01784794706730491,0.0072442203486974355,0.014488440697394871,0.015748139983466518
