cores,pkt_sz,total_mean,total_stdev,total_95ci,total_median,user_mean,user_stdev,user_95ci,user_median,system_mean,system_stdev,system_95ci,system_median
1,64,0.4963953834038249,0.10529103171348157,0.21058206342696315,0.5476742113705222,0.07878469756483077,0.07347049064259473,0.14694098128518945,0.09836065573770492,0.01576650461548679,0.011770411420898175,0.02354082284179635,0.011267695042214181
2,64,0.501807541359351,0.08716478947989174,0.1743295789597835,0.4822849845569019,0.04971875864452566,0.06527227447533268,0.13054454895066536,0.010869565217391304,0.023916237827889417,0.01134003265055916,0.02268006530111832,0.022099447513812154
