cores,pkt_sz,total_mean,total_stdev,total_95ci,total_median,user_mean,user_stdev,user_95ci,user_median,system_mean,system_stdev,system_95ci,system_median
1,64,0.5723796969603693,0.0955686293849576,0.1911372587699152,0.6,0.19572878912144792,0.06217348052479975,0.1243469610495995,0.21447875337818412,0.023418589530887348,0.010726451926269875,0.02145290385253975,0.021621621621621623
2,64,0.5103152017753061,0.14322220108472045,0.2864444021694409,0.4342278719397364,0.11450885554234114,0.1274475269185248,0.2548950538370496,0.011111111111111112,0.030144025698533358,0.01594709125932503,0.03189418251865006,0.027701043585021484
