cores,pkt_sz,total_mean,total_stdev,total_95ci,total_median,user_mean,user_stdev,user_95ci,user_median,system_mean,system_stdev,system_95ci,system_median
1,64,0.03957205296520628,0.015382139525279349,0.030764279050558698,0.03626943005181349,0.02374651916062176,0.00753236271482549,0.01506472542965098,0.02564102564102564,0.010814259458681466,0.009596999054024252,0.019193998108048504,0.010256410256410256
2,64,0.0521319333603214,0.010832693167266802,0.021665386334533604,0.05154639175257736,0.026537251989211353,0.0059232883546923,0.0118465767093846,0.025906735751295335,0.01836743622174484,0.007128201756324284,0.014256403512648569,0.015665903141361258
