cores,pkt_sz,total_mean,total_stdev,total_95ci,total_median,user_mean,user_stdev,user_95ci,user_median,system_mean,system_stdev,system_95ci,system_median
1,64,0.018748794405346447,0.006932524256220923,0.013865048512441846,0.02030456852791873,0.007220136776907679,0.0034217118248189285,0.006843423649637857,0.005128205128205128,0.010299215099127878,0.005173825529222776,0.010347651058445552,0.01020408163265306
2,64,0.0295507152097488,0.007477251666944536,0.014954503333889072,0.03076923076923077,0.009174405899778523,0.00489696388894309,0.00979392777788618,0.010256410256410256,0.018727383089360845,0.005379010389898473,0.010758020779796946,0.02040816326530612
