cores,pkt_sz,mwatt_mean,mwatt_stdev,mwatt_95ci,mwatt_median
1,64,1969.6251851851853,472.9422831779352,17.884502780959338,1804.0
2,64,2015.5748148148148,518.0321382449117,19.58959379739315,1825.0
