cores,pkt_sz,target_rate,target_pps,rate_median,rate_mean,pps_median,pps_mean,rate_95ci,pps_95ci
1,64,0.5,976.5625,0.4803490909090909,0.4801565252525253,750.5454545454545,750.2121212121211,0.0012718384018082552,1.9507244775067487
2,64,0.5,976.5625,0.4797672727272727,0.4797972525252525,749.6363636363636,749.5858585858587,0.0011524934720607133,1.7483795170439667
