cores,pkt_sz,target_rate,target_pps,rate_median,rate_mean,pps_median,pps_mean,rate_95ci,pps_95ci
1,64,10,19531.25,7.941080727272728,7.949849131313131,12407.636363636364,12421.47474747475,0.1182580976968152,184.71221559921852
2,64,10,19531.25,8.005701818181818,8.042268606060606,12508.90909090909,12565.979797979797,0.4744699130459245,741.2835852353774
