cores,pkt_sz,target_rate,target_pps,rate_median,rate_mean,pps_median,pps_mean,rate_95ci,pps_95ci
1,64,50,97656.25,5.789976,5.707640323232322,9046.545454545454,8917.9898989899,2.5431082940563727,3973.573193755211
2,64,50,97656.25,6.7570618181818185,6.753678464646466,10557.90909090909,10552.525252525253,5.167624683608879,8074.353271399012
