cores,pkt_sz,target_rate,target_pps,rate_median,rate_mean,pps_median,pps_mean,rate_95ci,pps_95ci
1,64,0.1,195.3125,0.09309090909090909,0.09309090909090909,145.45454545454547,145.45454545454547,0.0,0.0
2,64,0.1,195.3125,0.09309090909090909,0.09311814141414142,145.45454545454547,145.4646464646465,0.00015404928340032273,0.057139941914048205
