cores,pkt_sz,target_rate,target_pps,rate_median,rate_mean,pps_median,pps_mean,rate_95ci,pps_95ci
1,64,1,1953.125,0.9609432727272728,0.9602172929292929,1501.1818181818182,1500.141414141414,0.0024733147991520773,3.802383005264364
2,64,1,1953.125,0.9568,0.9569500606060605,1495.0,1495.2020202020203,0.0043715292388516085,6.857745295927982
