cores,pkt_sz,target_rate,target_pps,rate_median,rate_mean,pps_median,pps_mean,rate_95ci,pps_95ci
1,64,100,195312.5,3.491083636363636,4.013256484848485,5454.818181818182,6270.515151515151,2.961042089551389,4626.52338438515
2,64,100,195312.5,2.763810909090909,2.7635047272727276,4318.454545454545,4317.878787878788,2.1474892621608372,3355.446675360014
