cores,pkt_sz,total_mean,total_stdev,total_95ci,total_median,user_mean,user_stdev,user_95ci,user_median,system_mean,system_stdev,system_95ci,system_median
5,64,0.46994074331255903,0.02605622380290637,0.05211244760581274,0.4662921348314607,0.009240255457403295,0.00485753956855676,0.00971507913711352,0.010782376191583353,0.05700822782613865,0.011859125972123071,0.023718251944246142,0.056022848534304184
5,256,0.5369580056269619,0.022135884327070598,0.044271768654141196,0.5348837209302326,0.009062239378430587,0.00491969468277478,0.00983938936554956,0.011204569706860838,0.060723868783522685,0.011947149698324649,0.023894299396649298,0.05917366946778711
5,512,0.5833476737065925,0.03333626945192464,0.06667253890384928,0.57223113964687,0.007944478597503973,0.005821564593093126,0.011643129186186253,0.006134969325153374,0.06524532136749776,0.013039738454874463,0.026079476909748926,0.06645368480915265
5,1518,0.1960237942930185,0.03320590432688109,0.06641180865376219,0.19444444444444442,0.01312536632663578,0.008558815465149227,0.017117630930298455,0.013793103448275862,0.09435670751127838,0.015769766396222178,0.031539532792444355,0.09655631659056316
