cores,pkt_sz,total_mean,total_stdev,total_95ci,total_median,user_mean,user_stdev,user_95ci,user_median,system_mean,system_stdev,system_95ci,system_median
5,64,0.25960044719550995,0.16632923382703924,0.33265846765407847,0.17391450463772012,0.013688690312710038,0.01085532299151694,0.02171064598303388,0.011560693641618497,0.11937617990054313,0.0837450473137577,0.1674900946275154,0.080692312803136
5,256,0.1129952144343733,0.01489151828122748,0.02978303656245496,0.10928961748633881,0.007970768648449917,0.0055065696009310265,0.011013139201862053,0.0055402087170042975,0.051460223228921895,0.009604929038613697,0.019209858077227394,0.0495871531783134
5,512,0.10543028544703484,0.014988800458588058,0.029977600917176116,0.10215053763440862,0.007545373142331607,0.005466205650461515,0.01093241130092303,0.007995398331895312,0.047515671979825105,0.008962256880768084,0.017924513761536167,0.04800034133576061
5,1518,0.05750455268183094,0.014069724064580779,0.028139448129161557,0.05405405405405406,0.0070717590817546815,0.004329636297484063,0.008659272594968126,0.005390874745713456,0.04082059838627676,0.007025269638968778,0.014050539277937556,0.042105263157894736
