cores,pkt_sz,total_mean,total_stdev,total_95ci,total_median,user_mean,user_stdev,user_95ci,user_median,system_mean,system_stdev,system_95ci,system_median
5,64,0.06813475510822421,0.02882188277937437,0.05764376555874874,0.0670103092783505,0.010546180067722892,0.004929615118486011,0.009859230236972022,0.010443935427574172,0.0490039296509518,0.01193755349042048,0.02387510698084096,0.04932523616734143
5,256,0.06256677938946832,0.012106497851244612,0.024212995702489224,0.06666666666666665,0.011183044991543059,0.0055705470708661735,0.011141094141732347,0.010309278350515464,0.05051450627383944,0.010508942031450566,0.021017884062901133,0.05154639175257732
5,512,0.06004552200226027,0.014370047876775604,0.028740095753551208,0.05729166666666663,0.010515491779491798,0.006753070141883733,0.013506140283767466,0.0103359863255168,0.047464628820561704,0.009164682686958314,0.018329365373916627,0.04907041350571642
5,1518,0.06406717756981734,0.013187894137542604,0.02637578827508521,0.06666666666666665,0.01129134590847853,0.005447912119103179,0.010895824238206358,0.010362694300518135,0.05220145959497638,0.01112239554603878,0.02224479109207756,0.05181347150259067
