cores,pkt_sz,total_mean,total_stdev,total_95ci,total_median,user_mean,user_stdev,user_95ci,user_median,system_mean,system_stdev,system_95ci,system_median
5,64,0.11629035752167412,0.049635396578984414,0.09927079315796883,0.09921738656195467,0.01140452271709124,0.004361999016005891,0.008723998032011782,0.010723937668909205,0.06482375200564687,0.012552899795345029,0.025105799590690057,0.06451799392975864
5,256,0.07106077888256417,0.017253893829179818,0.034507787658359636,0.06860588169767184,0.010376919351015961,0.006263342184231179,0.012526684368462358,0.010416949244499905,0.04829549350896106,0.012528556974754527,0.025057113949509054,0.0481283422459893
5,512,0.06629707046334758,0.01256803121494697,0.02513606242989394,0.06842294800409987,0.009764970273878732,0.004957773121427231,0.009915546242854461,0.010362694300518135,0.04833734637474285,0.010860312016035146,0.021720624032070292,0.05181347150259067
5,1518,0.059246917474408356,0.01385919751945757,0.02771839503891514,0.05774317993937722,0.010328908923164324,0.006788755426051568,0.013577510852103136,0.0103896804835924,0.04653156870696184,0.011326989704392037,0.022653979408784074,0.04446729740847388
