cores,pkt_sz,mwatt_mean,mwatt_stdev,mwatt_95ci,mwatt_median
5,64,1807.92,70.4739687165883,5.704209084495119,1810.0
5,256,1771.7133333333334,94.37876432522073,7.639078863464533,1804.5
5,512,1793.6733333333334,84.65975011118854,6.852415501351743,1805.0
5,1518,1803.88,86.26709840180476,6.982515322438303,1809.0
