cores,pkt_sz,mwatt_mean,mwatt_stdev,mwatt_95ci,mwatt_median
5,64,1864.8133333333333,145.02438354367249,11.738368381237592,1850.0
5,256,1760.84,78.03230783891162,6.315985992627475,1764.0
5,512,1753.4466666666667,65.18543156939968,5.276151431604944,1747.0
5,1518,1799.5733333333333,71.57265275384323,5.79313728848922,1789.0
