cores,pkt_sz,target_rate,target_pps,rate_median,rate_mean,pps_median,pps_mean,rate_95ci,pps_95ci
5,64,100,195312.5,0.4791949090909091,0.4791949090909091,748.590909090909,748.590909090909,0.04714618181818181,73.36363636363637
5,256,100,48828.125,2.774421090909091,2.774421090909091,1354.6818181818182,1354.6818181818182,0.17178036363636373,83.90909090909099
5,512,100,24414.0625,8.442354181818182,8.442354181818182,2061.1363636363635,2061.1363636363635,0.22540072727272786,54.99999999999977
5,1518,100,8234.519104084322,16.27639781818182,16.27639781818182,1340.318181818182,1340.318181818182,0.18572363636363676,15.36363636363626
