cores,pkt_sz,target_rate,target_pps,rate_median,rate_mean,pps_median,pps_mean,rate_95ci,pps_95ci
5,64,0.1,195.3125,0.09216945454545454,0.09216945454545454,143.86363636363637,143.86363636363637,0.0018429090909090895,3.181818181818187
5,256,0.1,48.828125,0.077824,0.077824,38.0,38.0,0.011170909090909092,5.454545454545453
5,512,0.1,24.4140625,0.07161963636363636,0.07161963636363636,17.5,17.5,0.00025163636363637054,0.09090909090909349
5,1518,0.1,8.234519104084322,0.141312,0.141312,11.636363636363637,11.636363636363637,0.0,0.0
