cores,pkt_sz,target_rate,target_pps,rate_median,rate_mean,pps_median,pps_mean,rate_95ci,pps_95ci
5,64,1,1953.125,0.90208,0.90208,1409.5,1409.5,0.024494545454545325,38.27272727272748
5,256,1,488.28125,0.8138007272727272,0.8138007272727272,397.3636363636364,397.3636363636364,0.04319418181818191,21.090909090909122
5,512,1,244.140625,0.8318603636363636,0.8318603636363636,203.0909090909091,203.0909090909091,0.049896727272727315,12.181818181818187
5,1518,1,82.34519104084322,1.0500265454545454,1.0500265454545454,86.5,86.5,0.020117090909090862,1.7272727272727195
