cores,pkt_sz,total_mean,total_stdev,total_95ci,total_median,user_mean,user_stdev,user_95ci,user_median,system_mean,system_stdev,system_95ci,system_median
1,64,0.3250956488477642,0.051510430169875956,0.10302086033975191,0.31034337179848015,0.004564118058315497,0.005557693764601516,0.011115387529203031,0.005208333333333333,0.014960280219176019,0.014767832517811743,0.029535665035623486,0.010610154227175504
