cores,pkt_sz,total_mean,total_stdev,total_95ci,total_median,user_mean,user_stdev,user_95ci,user_median,system_mean,system_stdev,system_95ci,system_median
1,64,0.30906304423622116,0.0661755402838417,0.1323510805676834,0.2879581151832461,0.005398361123352472,0.008769880283128214,0.01753976056625643,0.0051679931627584,0.015469710518946876,0.01915588110827475,0.0383117622165495,0.010526315789473684
