cores,pkt_sz,total_mean,total_stdev,total_95ci,total_median,user_mean,user_stdev,user_95ci,user_median,system_mean,system_stdev,system_95ci,system_median
1,64,0.3088286260499163,0.05634818795120219,0.11269637590240437,0.2931937172774869,0.00399368128728775,0.006349988697523411,0.012699977395046823,0.0,0.012878051451279692,0.013317673363818098,0.026635346727636195,0.010471204188481676
