cores,pkt_sz,total_mean,total_stdev,total_95ci,total_median,user_mean,user_stdev,user_95ci,user_median,system_mean,system_stdev,system_95ci,system_median
1,64,0.09141841044472013,0.031928021939592995,0.06385604387918599,0.0888888888888889,0.00477884492852475,0.005191156575440192,0.010382313150880383,0.005405405405405406,0.015101205877309183,0.007788264253716958,0.015576528507433915,0.012012120337637978
