cores,pkt_sz,total_mean,total_stdev,total_95ci,total_median,user_mean,user_stdev,user_95ci,user_median,system_mean,system_stdev,system_95ci,system_median
1,64,0.30240555183476026,0.06412614630026452,0.12825229260052903,0.27835051546391754,0.004793997574844409,0.006183975322566505,0.01236795064513301,0.005154639175257732,0.014356986199727048,0.015281282800789527,0.030562565601579054,0.010471204188481676
