cores,pkt_sz,total_mean,total_stdev,total_95ci,total_median,user_mean,user_stdev,user_95ci,user_median,system_mean,system_stdev,system_95ci,system_median
1,64,0.03465402653989596,0.023001378825844715,0.04600275765168943,0.030927835051546393,0.004170045097831837,0.005176420389638405,0.01035284077927681,0.005076142131979695,0.013308626217433792,0.011603840361759234,0.02320768072351847,0.010471204188481676
