cores,pkt_sz,mwatt_mean,mwatt_stdev,mwatt_95ci,mwatt_median
1,64,1730.48,115.2573961955491,4.35850482417095,1711.0
