cores,pkt_sz,mwatt_mean,mwatt_stdev,mwatt_95ci,mwatt_median
1,64,1786.931851851852,153.71990336050578,5.812980012416119,1794.0
