cores,pkt_sz,target_rate,target_pps,rate_median,rate_mean,pps_median,pps_mean,rate_95ci,pps_95ci
1,64,0.5,976.5625,0.46085818181818183,0.46228315151515154,720.0909090909091,722.2525252525253,0.004683853536592478,7.193394469049234
