cores,pkt_sz,target_rate,target_pps,rate_median,rate_mean,pps_median,pps_mean,rate_95ci,pps_95ci
1,64,50,97656.25,0.36421818181818183,0.36278513131313134,569.0909090909091,566.8080808080808,0.015391545310162739,24.112598499272192
