cores,pkt_sz,target_rate,target_pps,rate_median,rate_mean,pps_median,pps_mean,rate_95ci,pps_95ci
1,64,10,19531.25,0.3828945454545455,0.3789099797979798,598.2727272727273,591.9494949494949,0.012437159344199337,19.255015896640522
