cores,pkt_sz,target_rate,target_pps,rate_median,rate_mean,pps_median,pps_mean,rate_95ci,pps_95ci
1,64,1,1953.125,0.4296727272727273,0.42873163636363637,671.3636363636364,669.8282828282828,0.019735836839183753,30.868118351102975
