cores,pkt_sz,total_mean,total_stdev,total_95ci,total_median,user_mean,user_stdev,user_95ci,user_median,system_mean,system_stdev,system_95ci,system_median
1,64,0.24992669909377627,0.09443862843289665,0.1888772568657933,0.2975229190698804,0.002664913583816517,0.005138588422056511,0.010277176844113022,0.0,0.012458921569399732,0.010072266803627937,0.020144533607255873,0.011142147734326506
