cores,pkt_sz,total_mean,total_stdev,total_95ci,total_median,user_mean,user_stdev,user_95ci,user_median,system_mean,system_stdev,system_95ci,system_median
1,64,0.37248384769067855,0.04869873462663793,0.09739746925327586,0.34876433196696965,0.0019884275093359463,0.0032470381752290577,0.006494076350458115,0.0,0.010449355569654503,0.0071985819955344135,0.014397163991068827,0.010840188014101058
