cores,pkt_sz,total_mean,total_stdev,total_95ci,total_median,user_mean,user_stdev,user_95ci,user_median,system_mean,system_stdev,system_95ci,system_median
1,64,0.33818297461632296,0.028274830032684075,0.05654966006536815,0.3278688524590164,0.002720726804934019,0.0030941911425047676,0.006188382285009535,0.0,0.012523718264310365,0.006378944989659597,0.012757889979319193,0.01098901098901099
