cores,pkt_sz,total_mean,total_stdev,total_95ci,total_median,user_mean,user_stdev,user_95ci,user_median,system_mean,system_stdev,system_95ci,system_median
1,64,0.0215591995455043,0.007984527180789718,0.015969054361579436,0.020725388601036232,0.002925064069121549,0.0038549619421009724,0.007709923884201945,0.0,0.010508575278957412,0.004939753470692461,0.009879506941384923,0.010362694300518135
