cores,pkt_sz,total_mean,total_stdev,total_95ci,total_median,user_mean,user_stdev,user_95ci,user_median,system_mean,system_stdev,system_95ci,system_median
1,64,0.015227960277725798,0.00813246641922708,0.01626493283845416,0.015306122448979553,0.003561208782166666,0.0039760146919789845,0.007952029383957969,0.005076142131979695,0.009809514175122802,0.005611462993521213,0.011222925987042425,0.01020408163265306
