cores,pkt_sz,total_mean,total_stdev,total_95ci,total_median,user_mean,user_stdev,user_95ci,user_median,system_mean,system_stdev,system_95ci,system_median
1,64,0.0266437147458203,0.007972942140586666,0.01594588428117333,0.02631578947368418,0.002231123330576212,0.002898108909161008,0.005796217818322016,0.0,0.008680447253525762,0.004671916211960721,0.009343832423921441,0.010416666666666666
