cores,pkt_sz,mwatt_mean,mwatt_stdev,mwatt_95ci,mwatt_median
1,64,1674.414814814815,70.2932677019995,2.658168208711686,1696.0
