cores,pkt_sz,target_rate,target_pps,rate_median,rate_mean,pps_median,pps_mean,rate_95ci,pps_95ci
1,64,50,97656.25,4.586200727272727,4.738858585858586,7165.636363636364,7404.333333333333,1.3955144100828003,2180.407424375502
