cores,pkt_sz,target_rate,target_pps,rate_median,rate_mean,pps_median,pps_mean,rate_95ci,pps_95ci
1,64,0.5,976.5625,0.4717963636363636,0.47191272727272726,737.1818181818181,737.3636363636364,0.0012864484035317858,2.010075630518381
