cores,pkt_sz,target_rate,target_pps,rate_median,rate_mean,pps_median,pps_mean,rate_95ci,pps_95ci
1,64,10,19531.25,6.29568,6.203333898989899,9837.0,9692.676767676769,0.6578164841828352,1027.8126555023214
