cores,pkt_sz,target_rate,target_pps,rate_median,rate_mean,pps_median,pps_mean,rate_95ci,pps_95ci
1,64,100,195312.5,3.457861818181818,3.5053550707070706,5402.909090909091,5476.919191919191,1.8789663243684638,2936.107980795379
