cores,pkt_sz,total_mean,total_stdev,total_95ci,total_median,user_mean,user_stdev,user_95ci,user_median,system_mean,system_stdev,system_95ci,system_median
1,64,0.3360871119054778,0.09589983697863413,0.19179967395726827,0.28200163621488955,0.002385670614470735,0.004502975764857206,0.009005951529714413,0.0,0.010053904309123443,0.011430598994416834,0.022861197988833667,0.005221967713787086
1,128,0.3451139526058632,0.10437487520459987,0.20874975040919974,0.2853441894892672,0.002876066656777947,0.002832479826891329,0.005664959653782658,0.00508935508935509,0.010192192872870827,0.007869605887657118,0.015739211775314236,0.0103896804835924
1,256,0.33796768521932147,0.09032775069340014,0.18065550138680028,0.2905803657098994,0.003298528925056288,0.004558443336674473,0.009116886673348945,0.0,0.01392333151446485,0.01485954728428911,0.02971909456857822,0.010471204188481676
1,512,0.3743248778603283,0.12263092397147433,0.24526184794294867,0.28385784047748236,0.002001115403608397,0.0025087540944626298,0.0050175081889252595,0.0,0.007460665694579965,0.008926222170873889,0.017852444341747778,0.005195120634749285
1,1024,0.32268432323493546,0.09648835770739722,0.19297671541479444,0.27436153704531707,0.0022730288306011715,0.002804136542662355,0.00560827308532471,0.0,0.007679777396452396,0.008088186538443311,0.016176373076886623,0.00510204081632653
1,1280,0.3483045492667259,0.10654421277287807,0.21308842554575613,0.2828282828282829,0.002833754808201752,0.00385165859501218,0.00770331719002436,0.0,0.015577408952167212,0.010566582018986888,0.021133164037973776,0.015345368916797488
1,1518,0.33265926593828854,0.10374831454305679,0.20749662908611358,0.27202309034769767,0.004270971859090514,0.010145297402317479,0.020290594804634958,0.0,0.009964498539112208,0.02223239163187873,0.04446478326375746,0.00510204081632653
