cores,pkt_sz,total_mean,total_stdev,total_95ci,total_median,user_mean,user_stdev,user_95ci,user_median,system_mean,system_stdev,system_95ci,system_median
1,64,0.37462332820283445,0.11850893747852836,0.23701787495705673,0.3341836734693877,0.00227125178780968,0.007684106709268841,0.015368213418537682,0.0,0.005390002527855194,0.01593981373326594,0.03187962746653188,0.0
1,128,0.3179015818563912,0.09713963927778048,0.19427927855556096,0.2777777777777778,0.0030993910208361496,0.003436790609481675,0.00687358121896335,0.002512562814070352,0.010844004962480806,0.009832565772242905,0.01966513154448581,0.005263303692623064
1,256,0.3316007951881657,0.10836458972572398,0.21672917945144796,0.27088247359245204,0.002703920091973372,0.006919149408866264,0.013838298817732528,0.0,0.010261637156881019,0.0196549942977751,0.0393099885955502,0.005128205128205128
1,512,0.1725940756997131,0.039708836366305664,0.07941767273261133,0.17098445595854928,0.0032095942973214813,0.0031111390746879713,0.0062222781493759425,0.0050633235912423726,0.010458427412324134,0.0044098432197821015,0.008819686439564203,0.0103359863255168
1,1024,0.08320175921936986,0.024795972004225463,0.049591944008450926,0.08352989436980823,0.0022680008850377454,0.0030489193574964697,0.006097838714992939,0.0,0.009244937901204602,0.005085954832043879,0.010171909664087759,0.01015228426395939
1,1280,0.08501612373501079,0.03212317777321778,0.06424635554643555,0.09278597050617776,0.0038428911994816428,0.0037124179487044214,0.007424835897408843,0.005076142131979695,0.010239226220257911,0.006031737375760499,0.012063474751520998,0.010230245944531658
1,1518,0.07243857301846854,0.03808924049815665,0.0761784809963133,0.08184196755625328,0.003138560587153228,0.002780460942002438,0.005560921884004876,0.005089091474153113,0.008541942823002443,0.004821479912491335,0.00964295982498267,0.01015228426395939
