cores,pkt_sz,total_mean,total_stdev,total_95ci,total_median,user_mean,user_stdev,user_95ci,user_median,system_mean,system_stdev,system_95ci,system_median
1,64,0.4410975202012039,0.15502151453003407,0.31004302906006814,0.5051283399957921,0.0034105694678081533,0.007702364563717846,0.015404729127435691,0.0,0.008829642516743428,0.011382289950573726,0.022764579901147452,0.005222252522497955
1,128,0.352431673520798,0.11183280286267006,0.2236656057253401,0.27577593537414963,0.0027148724817289372,0.002846589258087727,0.005693178516175454,0.0025380710659898475,0.007018144839627601,0.007116715022185367,0.014233430044370735,0.005128205128205128
1,256,0.34891176736373813,0.10479183663075577,0.20958367326151153,0.28644688644688643,0.0028632883042960648,0.0030844241156366614,0.006168848231273323,0.0025252525252525255,0.014299593118957725,0.007585012748344869,0.015170025496689738,0.015345368916797488
1,512,0.3623981544098409,0.1124395503865572,0.2248791007731144,0.284239623951712,0.0029838673531615476,0.0030423933791740945,0.006084786758348189,0.005038071065989847,0.009437499609250638,0.010024263701519915,0.02004852740303983,0.005208474622249952
1,1024,0.34971514287433114,0.1085745498708484,0.2171490997416968,0.28350515463917525,0.0029947211079962882,0.004234769501528548,0.008469539003057096,0.0,0.009406911487687415,0.012370580559978308,0.024741161119956615,0.005155187074829932
1,1280,0.3714847023150989,0.1163594308634113,0.2327188617268226,0.28716074058489377,0.0028743358637319163,0.0033249869323463115,0.006649973864692623,0.0,0.012035933464744273,0.009994136340095645,0.01998827268019129,0.01028284430346286
1,1518,0.36975381201054563,0.1124580098103642,0.2249160196207284,0.2893830128205128,0.0022994098861493072,0.003092442811786298,0.006184885623572596,0.0,0.006281151761809651,0.00692999328553268,0.01385998657106536,0.005115122972265829
