cores,pkt_sz,total_mean,total_stdev,total_95ci,total_median,user_mean,user_stdev,user_95ci,user_median,system_mean,system_stdev,system_95ci,system_median
1,64,0.36021654610219295,0.10341189825854083,0.20682379651708166,0.2853423209093312,0.0034449073819842278,0.0029737351935181498,0.0059474703870362996,0.005154639175257732,0.011888327602073642,0.006577215976552542,0.013154431953105084,0.010471204188481676
1,128,0.33465505371506515,0.1090477451415044,0.2180954902830088,0.27876916636140037,0.0053142359171817624,0.009344649134141281,0.018689298268282563,0.005115122972265829,0.0153444575678693,0.020745634644625706,0.04149126928925141,0.012849815292210381
1,256,0.33762553122371597,0.10424206440241292,0.20848412880482584,0.2776147419627749,0.0015591129064134585,0.0026348644759448436,0.005269728951889687,0.0,0.008849210100927216,0.008258649597342795,0.01651729919468559,0.0052493799944888404
1,512,0.3409958990448367,0.10606904947185887,0.21213809894371774,0.27414648778359507,0.002007776734562351,0.0032808986061498473,0.006561797212299695,0.0,0.005752649608660016,0.005422633408681585,0.01084526681736317,0.005154776139232098
1,1024,0.3285123694029744,0.10040160308151283,0.20080320616302566,0.26463275665596186,0.002413724068192544,0.00699154342314037,0.01398308684628074,0.0,0.005530265379681886,0.009152063683584257,0.018304127367168514,0.005076142131979695
1,1280,0.35067105856773534,0.11289630357526617,0.22579260715053234,0.27604166666666663,0.0022803258605114305,0.0028192244421888927,0.005638448884377785,0.0,0.014056643453649563,0.015060066657892536,0.030120133315785072,0.010443935427574172
1,1518,0.320559695956956,0.09225589148057647,0.18451178296115295,0.2791878172588832,0.003847157900679412,0.007216868991299423,0.014433737982598846,0.0,0.01230714836160829,0.016129527995509745,0.03225905599101949,0.01020408163265306
