cores,pkt_sz,total_mean,total_stdev,total_95ci,total_median,user_mean,user_stdev,user_95ci,user_median,system_mean,system_stdev,system_95ci,system_median
1,64,0.0718504779431653,0.04491328931013109,0.08982657862026218,0.0641025641025641,0.0030747342477397584,0.0026188034549734147,0.005237606909946829,0.004976232917409389,0.009941768545325518,0.005235698022686396,0.010471396045372791,0.010256410256410256
1,128,0.051934575616063454,0.037508686718030766,0.07501737343606153,0.05699481865284972,0.002015316338077812,0.002529121004796422,0.005058242009592844,0.0,0.009094410133358693,0.005895350785436476,0.011790701570872952,0.010025125628140704
1,256,0.04017712572766022,0.03949150564275551,0.07898301128551102,0.015631784628745093,0.00283952306201648,0.0028107315834570864,0.005621463166914173,0.005037815339322877,0.00820485564594746,0.0056807930648482335,0.011361586129696467,0.010050251256281407
1,512,0.023318878496493126,0.03360181957498168,0.06720363914996336,0.010152545866831564,0.002254757642396861,0.0030398015149673253,0.0060796030299346505,0.0,0.0067925628856816385,0.006231678778210939,0.012463357556421879,0.005076142131979695
1,1024,0.013621672388563676,0.021455107929870137,0.042910215859740274,0.01005025125628145,0.0016949690588888274,0.002397105561247314,0.004794211122494628,0.0,0.00720161741902192,0.005123706925638784,0.010247413851277568,0.00514142215173143
1,1280,0.010317604138875851,0.02108185252162436,0.04216370504324872,0.005050505050505083,0.0009834960002464191,0.002001852364210359,0.004003704728420718,0.0,0.004217531593481455,0.004376181094653183,0.008752362189306365,0.005050505050505051
1,1518,0.014328167111758043,0.021712570912121407,0.04342514182424281,0.010075630678645753,0.0018266636362099173,0.002705668330415332,0.005411336660830664,0.0,0.007203072023842859,0.004688181316463325,0.00937636263292665,0.005154639175257732
