cores,pkt_sz,target_rate,target_pps,rate_median,rate_mean,pps_median,pps_mean,rate_95ci,pps_95ci
1,64,50,97656.25,0.11215163636363636,0.11215163636363636,175.0909090909091,175.0909090909091,0.0035367272727272747,5.818181818181813
1,128,50,48828.125,0.1893298181818182,0.1893298181818182,184.8181818181818,184.8181818181818,0.011695272727272749,11.27272727272728
1,256,50,24414.0625,0.36429418181818185,0.36429418181818185,177.86363636363637,177.86363636363637,0.04332145454545461,21.181818181818187
1,512,50,12207.03125,0.7271625454545454,0.7271625454545454,177.54545454545453,177.54545454545453,0.07360072727272726,18.0
1,1024,50,6103.515625,1.5655392727272726,1.5655392727272726,191.13636363636363,191.13636363636363,0.2802625454545453,34.27272727272728
1,1280,50,4882.8125,1.8819552727272728,1.8819552727272728,183.8181818181818,183.8181818181818,0.07702036363636378,7.454545454545439
1,1518,50,4117.259552042161,3.2028265454545455,3.2028265454545455,263.77272727272725,263.77272727272725,0.0929810909090909,7.727272727272691
