cores,pkt_sz,target_rate,target_pps,rate_median,rate_mean,pps_median,pps_mean,rate_95ci,pps_95ci
1,64,100,195312.5,0.10738072727272727,0.10738072727272727,167.63636363636363,167.63636363636363,0.003769454545454534,6.181818181818187
1,128,100,97656.25,0.16917563636363636,0.16917563636363636,165.13636363636363,165.13636363636363,0.008437090909090922,8.090909090909093
1,256,100,48828.125,0.3367392727272728,0.3367392727272728,164.4090909090909,164.4090909090909,0.0034785454545454564,1.727272727272748
1,512,100,24414.0625,0.6547378181818182,0.6547378181818182,159.86363636363637,159.86363636363637,0.004223272727272853,1.0
1,1024,100,12207.03125,1.4303712727272728,1.4303712727272728,174.63636363636363,174.63636363636363,0.09433527272727282,11.454545454545467
1,1280,100,9765.625,1.941068,1.941068,189.5909090909091,189.5909090909091,0.05002400000000007,4.818181818181813
1,1518,100,8234.519104084322,2.4846745454545456,2.4846745454545456,204.63636363636363,204.63636363636363,0.05826690909090937,4.7272727272727195
