cores,pkt_sz,target_rate,target_pps,rate_median,rate_mean,pps_median,pps_mean,rate_95ci,pps_95ci
1,64,1,1953.125,0.1322472727272727,0.1322472727272727,206.63636363636363,206.63636363636363,0.009192727272727269,14.363636363636346
1,128,1,976.5625,0.23196545454545453,0.23196545454545453,226.45454545454544,226.45454545454544,0.0012690909090909142,1.0909090909090935
1,256,1,488.28125,0.6382607272727273,0.6382607272727273,311.6363636363636,311.6363636363636,0.028985454545454648,14.181818181818187
1,512,1,244.140625,0.9505807272727274,0.9505807272727274,232.0909090909091,232.0909090909091,0.0006174545454545877,0.18181818181818699
1,1024,1,122.0703125,0.932521090909091,0.932521090909091,113.86363636363637,113.86363636363637,0.011670545454545378,1.3636363636363598
1,1280,1,97.65625,1.009228,1.009228,98.5909090909091,98.5909090909091,0.007692363636363719,0.818181818181813
1,1518,1,82.34519104084322,1.0516825454545455,1.0516825454545455,86.63636363636363,86.63636363636363,0.016314909090908936,1.2727272727272663
