cores,pkt_sz,total_mean,total_stdev,total_95ci,total_median,user_mean,user_stdev,user_95ci,user_median,system_mean,system_stdev,system_95ci,system_median
1,64,0.4240838139316383,0.03208914537685032,0.06417829075370064,0.4186097862568451,0.09361598649664733,0.014061620554939995,0.02812324110987999,0.09212121212121213,0.13601966790342251,0.014818460128974026,0.029636920257948052,0.13804446460980035
1,128,0.3494056186720218,0.012432584960181502,0.024865169920363004,0.34705882352941175,0.09985555614511293,0.012343848958049807,0.024687697916099614,0.10180005737234653,0.13865224518446997,0.011353208281820132,0.022706416563640263,0.13994288045695635
1,256,0.32435327441928813,0.01509583702182206,0.03019167404364412,0.31868131868131866,0.10068440870479216,0.012768869885615507,0.025537739771231013,0.0991743063566268,0.14561212559809855,0.01590603644820957,0.03181207289641914,0.14440384958117983
1,512,0.3112132428596015,0.013773498979858224,0.02754699795971645,0.30687830687830686,0.10630144375244162,0.01247577195385,0.0249515439077,0.10610154227175503,0.141521305022093,0.014149731566217263,0.028299463132434526,0.13756998880179172
1,1024,0.27411777562422057,0.0119463679387703,0.0238927358775406,0.27083333333333337,0.1094415382733731,0.013406021837901091,0.026812043675802182,0.11052631578947368,0.14617229609966423,0.015082407250219322,0.030164814500438644,0.14583333333333334
1,1280,0.2693252878458457,0.009163632705825866,0.018327265411651732,0.26683311855670105,0.10887370397081697,0.01472518199131451,0.02945036398262902,0.10880829015544041,0.14633810517391305,0.014727586332644763,0.029455172665289527,0.14621509598603838
1,1518,0.2662145620543013,0.011012197047052315,0.02202439409410463,0.2642487046632125,0.10760908320116083,0.013991413213450495,0.02798282642690099,0.10796986518636004,0.14912682737707053,0.012563409832251746,0.025126819664503492,0.14759129759129758
