cores,pkt_sz,total_mean,total_stdev,total_95ci,total_median,user_mean,user_stdev,user_95ci,user_median,system_mean,system_stdev,system_95ci,system_median
1,64,0.26514523619246166,0.013355444479082889,0.026710888958165778,0.2615384615384615,0.10736698714495235,0.010729476545985906,0.02145895309197181,0.10741758241758242,0.15068320405929642,0.015035757024822873,0.030071514049645746,0.14833856619570907
1,128,0.2629226474227556,0.008722461789679007,0.017444923579358014,0.26075530714798484,0.1079972359944556,0.014819722993412518,0.029639445986825035,0.10714285714285714,0.14971734183418361,0.013853432918419027,0.027706865836838054,0.14795918367346939
1,256,0.2603300855919551,0.009777971402795972,0.019555942805591944,0.25757575757575757,0.11137993431751621,0.012397498427264952,0.024794996854529905,0.10942194136537864,0.145296097546472,0.0116133821736167,0.0232267643472334,0.14720812182741116
1,512,0.2628973111739099,0.011173033391209432,0.022346066782418864,0.25888324873096447,0.11106698510703972,0.01258849338262751,0.02517698676525502,0.1116751269035533,0.14789288332266087,0.014742241889406064,0.029484483778812128,0.14646464646464646
1,1024,0.2575460765455579,0.007812879449041623,0.015625758898083247,0.255,0.11001013143407798,0.012106432143979572,0.024212864287959143,0.1111111111111111,0.14655247102326893,0.014152901856666313,0.028305803713332627,0.14646464646464646
1,1280,0.25923872906168666,0.009835792249005656,0.01967158449801131,0.25757575757575757,0.11135670681540136,0.012362498354746877,0.024724996709493754,0.1111111111111111,0.1467596664263829,0.013144454330416442,0.026288908660832885,0.14393031145575594
1,1518,0.26038124704438054,0.01319414564831559,0.02638829129663118,0.2562814070351759,0.10698790642844974,0.012090742926788101,0.024181485853576202,0.10857587429533455,0.15001202186797039,0.014973209427764722,0.029946418855529445,0.14609664484036344
