cores,pkt_sz,total_mean,total_stdev,total_95ci,total_median,user_mean,user_stdev,user_95ci,user_median,system_mean,system_stdev,system_95ci,system_median
1,64,0.27155652194504853,0.010363068085929128,0.020726136171858256,0.26943005181347146,0.11078302500252891,0.015188970542205006,0.030377941084410012,0.1085278564179264,0.14669356634494302,0.014758001286823039,0.029516002573646078,0.1454555267702936
1,128,0.2654328724059402,0.008958234958798552,0.017916469917597103,0.2615384615384615,0.10588040371833797,0.013262894568289949,0.026525789136579898,0.10256410256410256,0.14974363149685482,0.014510440900575173,0.029020881801150346,0.15306122448979592
1,256,0.26457158999888364,0.008154104415273759,0.016308208830547517,0.26262626262626265,0.10596966020691488,0.011504436701435972,0.023008873402871943,0.1043199005490521,0.15042349710456987,0.01246800962158834,0.02493601924317668,0.15228426395939088
1,512,0.265719551307618,0.015367598623919792,0.030735197247839584,0.2602040816326531,0.10877607802931366,0.012689850312229904,0.02537970062445981,0.1113931190073322,0.15047482263332826,0.014058912285336704,0.028117824570673407,0.15189970773727118
1,1024,0.26153805234378363,0.009942017611450263,0.019884035222900526,0.25757575757575757,0.10943674256667797,0.011432087854393192,0.022864175708786384,0.1065989847715736,0.14999545102110443,0.013440052252191127,0.026880104504382253,0.14720812182741116
1,1280,0.2587456145857076,0.008311543162468649,0.016623086324937298,0.2569285823054667,0.10685950659436044,0.011636044706989996,0.023272089413979992,0.10606060606060606,0.15090333183725116,0.010979858867127648,0.021959717734255296,0.1511344601796863
1,1518,0.2590945991023974,0.007716749409682255,0.01543349881936451,0.25757575757575757,0.11170425248050805,0.010802728828101252,0.021605457656202504,0.1116751269035533,0.14626868862874398,0.011857376829540231,0.023714753659080462,0.14646464646464646
