cores,pkt_sz,total_mean,total_stdev,total_95ci,total_median,user_mean,user_stdev,user_95ci,user_median,system_mean,system_stdev,system_95ci,system_median
1,64,0.6725205491925466,0.02658130277598348,0.05316260555196696,0.6675438596491229,0.09629991478203165,0.013422414910752451,0.026844829821504903,0.09600068267152122,0.13538841447720473,0.015245345681041874,0.03049069136208375,0.13441248735366385
1,128,0.5947989522799095,0.10075082399230577,0.20150164798461154,0.5918501170960188,0.04105168771998914,0.03614679190680087,0.07229358381360174,0.050304449648711946,0.06698759851700223,0.051402826254043625,0.10280565250808725,0.06972972972972974
1,256,0.6450921391509896,0.04727564810601181,0.09455129621202361,0.6441134865348173,0.04989914555380099,0.019452220302004948,0.038904440604009896,0.05117852466171977,0.07733836670100068,0.029867664665175136,0.05973532933035027,0.07614318228843368
1,512,0.6424300214662534,0.02888976519139363,0.05777953038278726,0.6420753588516747,0.04819069492861853,0.016422788310148925,0.03284557662029785,0.048577164804469275,0.07133203981590824,0.02267977818747934,0.04535955637495868,0.0718397459225196
1,1024,0.5069313718502557,0.10704944828313717,0.21409889656627434,0.4369114877589454,0.04889994869345651,0.047742298126042526,0.09548459625208505,0.0196969696969697,0.07398107862315638,0.06497165502176012,0.12994331004352025,0.03401065742167437
1,1280,0.4081211984541571,0.02561036745105351,0.05122073490210702,0.4021276595744681,0.0905583796851735,0.014328615274692072,0.028657230549384145,0.09285714285714286,0.1309319011625084,0.01878860243958975,0.0375772048791795,0.13194444444444445
1,1518,0.3762108243539386,0.016106737625091454,0.03221347525018291,0.3745748299319728,0.09232383261873599,0.01316225675115347,0.02632451350230694,0.08904109589041095,0.13263854733118818,0.014624161453913216,0.029248322907826432,0.13289183222958056
