cores,pkt_sz,target_rate,target_pps,rate_median,rate_mean,pps_median,pps_mean,rate_95ci,pps_95ci
1,64,0.1,195.3125,0.0905890909090909,0.0905890909090909,141.54545454545456,141.54545454545456,0.00011636363636362279,0.1818181818181586
1,128,0.1,97.65625,0.08297672727272727,0.08297672727272727,80.95454545454545,80.95454545454545,6.545454545453522e-05,0.09090909090909349
1,256,0.1,48.828125,0.08260436363636363,0.08260436363636363,40.31818181818181,40.31818181818181,0.0012378181818181733,0.6363636363636331
1,512,0.1,24.4140625,0.07143345454545455,0.07143345454545455,17.454545454545453,17.454545454545453,0.0006239999999999996,0.18181818181818343
1,1024,0.1,12.20703125,0.0954509090909091,0.0954509090909091,11.681818181818182,11.681818181818182,0.00025163636363637054,0.09090909090908994
1,1280,0.1,9.765625,0.059704,0.059704,5.863636363636363,5.863636363636363,0.00025163636363637054,0.09090909090909083
1,1518,0.1,8.234519104084322,0.141312,0.141312,11.636363636363637,11.636363636363637,0.0,0.0
