cores,pkt_sz,target_rate,target_pps,rate_median,rate_mean,pps_median,pps_mean,rate_95ci,pps_95ci
1,64,10,19531.25,9.365708,9.365708,14633.772727272728,14633.772727272728,0.009088727272725805,13.909090909090082
1,128,10,9765.625,8.593856363636363,8.593856363636363,8392.363636363636,8392.363636363636,0.007667636363636987,7.636363636363967
1,256,10,4882.8125,9.223290545454546,9.223290545454546,4503.545454545454,4503.545454545454,0.01483563636363705,7.272727272727025
1,512,10,2441.40625,9.570304,9.570304,2336.5,2336.5,0.006330181818183789,1.5454545454549589
1,1024,10,1220.703125,9.771566545454546,9.771566545454546,1192.8181818181818,1192.8181818181818,0.0,0.0
1,1280,10,976.5625,9.80725309090909,9.80725309090909,957.7727272727273,957.7727272727273,0.00025163636363423336,0.09090909090912191
1,1518,10,823.4519104084321,9.916253818181819,9.916253818181819,816.590909090909,816.590909090909,0.0002516363636360097,0.09090909090912191
