cores,pkt_sz,target_rate,target_pps,rate_median,rate_mean,pps_median,pps_mean,rate_95ci,pps_95ci
1,64,50,97656.25,2.8682858181818185,2.8682858181818185,4481.545454545454,4481.545454545454,0.10468799999999988,163.27272727272702
1,128,50,48828.125,8.937551272727273,8.937551272727273,8728.0,8728.0,0.3973396363636379,388.18181818181984
1,256,50,24414.0625,20.617588363636365,20.617588363636365,10067.181818181818,10067.181818181818,0.3913541818181798,191.0909090909081
1,512,50,12207.03125,44.47399563636364,44.47399563636364,10857.909090909092,10857.909090909092,0.21448145454545653,52.36363636363785
1,1024,50,6103.515625,48.761390545454546,48.761390545454546,5952.318181818182,5952.318181818182,0.026065454545452837,3.1818181818180165
1,1280,50,4882.8125,48.93649454545454,48.93649454545454,4778.954545454546,4778.954545454546,0.03258181818182493,3.181818181818926
1,1518,50,4117.259552042161,49.07832,49.07832,4041.3636363636365,4041.3636363636365,0.09494399999999814,7.8181818181819835
