cores,pkt_sz,total_mean,total_stdev,total_95ci,total_median,user_mean,user_stdev,user_95ci,user_median,system_mean,system_stdev,system_95ci,system_median
1,64,0.12817892113675233,0.0017049649046939135,0.003409929809387827,0.1278195488721805,0.12407750700879412,0.0011100018137294393,0.0022200036274588786,0.12468827930174564,0.0011807339420871381,0.0012482628412971645,0.002496525682594329,0.0
1,128,0.1254844548081876,0.0015802032105908738,0.0031604064211817476,0.12531328320802004,0.12465111887067132,0.0009350564189712739,0.0018701128379425478,0.125,0.0006946202267930841,0.0011200438358647386,0.002240087671729477,0.0
1,256,0.12569210304090483,0.0017299794860596081,0.0034599589721192162,0.12531328320802004,0.12486067294422834,0.0006874086132050681,0.0013748172264101363,0.125,0.0003463571929766518,0.000862423701200591,0.001724847402401182,0.0
1,512,0.12562391752795674,0.0013059414313558169,0.0026118828627116337,0.12531328320802004,0.12499995659695091,0.000671618804792377,0.001343237609584754,0.125,0.00013854253255749514,0.0005712254953751262,0.0011424509907502524,0.0
1,1024,0.12540718428912634,0.0008916330866768682,0.0017832661733537365,0.125,0.12499138351328819,0.0006962881779168033,0.0013925763558336067,0.125,0.00013854253255749514,0.0005712254953751262,0.0011424509907502524,0.0
1,1280,0.1253811647086683,0.0010797067679071963,0.0021594135358143926,0.125,0.1249651907546644,0.0006666186572357507,0.0013332373144715015,0.125,0.00013854253255749514,0.0005712254953751262,0.0011424509907502524,0.0
1,1518,0.12532042202811222,0.0008306175661704669,0.0016612351323409338,0.125,0.12504333696299724,0.0005219950432022512,0.0010439900864045023,0.125,6.927126627874757e-05,0.00040981433798140875,0.0008196286759628175,0.0
