cores,pkt_sz,total_mean,total_stdev,total_95ci,total_median,user_mean,user_stdev,user_95ci,user_median,system_mean,system_stdev,system_95ci,system_median
1,64,0.12519967572713994,0.0005152284102584254,0.0010304568205168508,0.125,0.12506113319458245,0.00020609219622767078,0.00041218439245534156,0.125,0.00013854253255749514,0.0005712254953751262,0.0011424509907502524,0.0
1,128,0.125121355896845,0.0006298763821665033,0.0012597527643330067,0.125,0.12498298568087028,0.0004423554353808583,0.0008847108707617166,0.125,0.0001383702159747122,0.0005705154843167618,0.0011410309686335236,0.0
1,256,0.125173785374353,0.0005625187334401059,0.0011250374668802117,0.125,0.12503506966362984,0.0002054944389311382,0.0004109888778622764,0.125,6.927126627874757e-05,0.00040981433798140875,0.0008196286759628175,0.0
1,512,0.12516499669095152,0.0005324265184224799,0.0010648530368449597,0.125,0.12502645415839403,0.0002255717915157171,0.0004511435830314342,0.125,6.927126627874757e-05,0.00040981433798140875,0.0008196286759628175,0.0
1,1024,0.12516508262898865,0.0005822368158757205,0.001164473631751441,0.125,0.1250956381845442,0.0004283622423847532,0.0008567244847695064,0.125,6.944444444444444e-05,0.00041083887382636246,0.0008216777476527249,0.0
1,1280,0.12516495328790245,0.0005273204617744851,0.0010546409235489703,0.125,0.12509568202162374,0.0004081196912348733,0.0008162393824697466,0.125,6.927126627874757e-05,0.00040981433798140875,0.0008196286759628175,0.0
1,1518,0.12516456167898504,0.0007153978914513149,0.0014307957829026298,0.125,0.1250952904127063,0.0006326410527063477,0.0012652821054126955,0.125,6.927126627874757e-05,0.00040981433798140875,0.0008196286759628175,0.0
