cores,pkt_sz,total_mean,total_stdev,total_95ci,total_median,user_mean,user_stdev,user_95ci,user_median,system_mean,system_stdev,system_95ci,system_median
1,64,0.14038862947183645,0.001134840958707345,0.00226968191741469,0.14035087719298245,0.11914966698227764,0.001296278019971213,0.002592556039942426,0.12,0.006266911339513513,0.0012509310125681104,0.002501862025136221,0.0062595400667098
1,128,0.13379274831265384,0.0018899074629160225,0.003779814925832045,0.1331658291457286,0.12182332257467415,0.0011077372595513816,0.002215474519102763,0.12234725685785536,0.003549176879781721,0.0012318741710306456,0.002463748342061291,0.0025188916876574307
1,256,0.13007040859528632,0.0012228545745290068,0.0024457091490580137,0.13032581453634084,0.12345977430514189,0.0012047288107449648,0.0024094576214899297,0.12280701754385964,0.0018786584757859498,0.0010846503843694782,0.0021693007687389565,0.0025031328320802007
1,512,0.12801352891420986,0.0014480263124995428,0.0028960526249990856,0.1278195488721805,0.12439997071956393,0.0010876798382647697,0.0021753596765295394,0.125,0.0008329878450629206,0.0011780243934091644,0.0023560487868183287,0.0
1,1024,0.12655175965931176,0.0018794721954747827,0.0037589443909495654,0.12734102244389023,0.12474689161453119,0.0009248821186279155,0.001849764237255831,0.125,0.0005552100672851427,0.0010387047502685163,0.0020774095005370325,0.0
1,1280,0.12648253617557328,0.0016690768419661626,0.0033381536839323252,0.12562814070351758,0.12474884694805582,0.001096688588504145,0.00219337717700829,0.125,0.0004848988639512331,0.000986963622109657,0.001973927244219314,0.0
1,1518,0.12616150171080942,0.001457636542753424,0.002915273085506848,0.12531328320802004,0.12484309546729817,0.0008747128857832228,0.0017494257715664457,0.125,0.0004163203103352729,0.0009309212875108128,0.0018618425750216256,0.0
