cores,pkt_sz,total_mean,total_stdev,total_95ci,total_median,user_mean,user_stdev,user_95ci,user_median,system_mean,system_stdev,system_95ci,system_median
1,64,0.15535949172179075,0.002083234377645489,0.004166468755290978,0.15538847117794485,0.11312500236906176,0.0018067428167815463,0.0036134856335630927,0.11306532663316583,0.012405794875541751,0.0017621073680451696,0.003524214736090339,0.012531328320802004
1,128,0.14257567459454606,0.0016700020472422653,0.0033400040944845306,0.1428571428571429,0.11855994532916604,0.0012320885239382824,0.002464177047876565,0.11809045226130653,0.006959971292454727,0.0013256366290264941,0.0026512732580529883,0.007509398496240601
1,256,0.13477655999676766,0.0022975189564129633,0.0045950379128259266,0.13533834586466165,0.12161240374142869,0.001537332073901837,0.003074664147803674,0.12121212121212122,0.004039317371939127,0.0014728167034890225,0.002945633406978045,0.004987531172069825
1,512,0.13107463552687143,0.001983242222719213,0.003966484445438426,0.13048954043399957,0.12349523033329463,0.0012324260649657368,0.0024648521299314736,0.12296129771665344,0.0019468898049436094,0.0010406705213532221,0.0020813410427064443,0.0025
1,1024,0.12847497215546377,0.0017039444234114595,0.003407888846822919,0.1278195488721805,0.12430393951059585,0.0011194478879384547,0.0022388957758769095,0.125,0.0011109396690673762,0.0012420704646979998,0.0024841409293959995,0.0
1,1280,0.12774406902656554,0.0013383134506906558,0.0026766269013813117,0.1278195488721805,0.1245475203761306,0.000984169614865472,0.001968339229730944,0.125,0.0008328164030191856,0.0011777840507311357,0.0023555681014622715,0.0
1,1518,0.12736960440745737,0.0017035930243110117,0.0034071860486220235,0.12749999999999995,0.12452132488676508,0.0009614056458572954,0.0019228112917145908,0.125,0.0006942729959226423,0.0011194839272398102,0.0022389678544796204,0.0
