cores,pkt_sz,total_mean,total_stdev,total_95ci,total_median,user_mean,user_stdev,user_95ci,user_median,system_mean,system_stdev,system_95ci,system_median
1,64,0.12525110735878445,0.0007710744048313528,0.0015421488096627055,0.125,0.12511256482622696,0.0006211443901362587,0.0012422887802725174,0.125,6.927126627874757e-05,0.00040981433798140875,0.0008196286759628175,0.0
1,128,0.12505134536322596,0.0008919892442173002,0.0017839784884346004,0.125,0.12505134536322596,0.0008919892442173142,0.0017839784884346283,0.125,0.0,0.0,0.0,0.0
1,256,0.12516503965997006,0.0005578878520694165,0.001115775704138833,0.125,0.1250263239492469,0.00018604611921340237,0.00037209223842680475,0.125,0.000138715710723192,0.0005719399991753265,0.001143879998350653,0.0
1,512,0.12511308621026104,0.0004367269250514314,0.0008734538501028628,0.125,0.1250436417658166,0.00016734151661015678,0.00033468303322031355,0.125,6.944444444444444e-05,0.00041083887382636236,0.0008216777476527247,0.0
1,1024,0.1250958551997894,0.0004588898543875592,0.0009177797087751184,0.125,0.1250958551997894,0.0004588898543875673,0.0009177797087751346,0.125,0.0,0.0,0.0,0.0
1,1280,0.12504368516886563,0.00018282462053755325,0.0003656492410751065,0.125,0.12504368516886563,0.00018282462053755325,0.0003656492410751065,0.125,0.0,0.0,0.0,0.0
1,1518,0.12515629437961764,0.0005324919571528802,0.0010649839143057605,0.125,0.12515629437961764,0.0005324919571528861,0.0010649839143057722,0.125,0.0,0.0,0.0,0.0
