cores,pkt_sz,target_rate,target_pps,rate_median,rate_mean,pps_median,pps_mean,rate_95ci,pps_95ci
1,64,50,97656.25,47.81352727272727,47.81352727272727,74708.63636363637,74708.63636363637,0.01407999999999987,22.0
1,128,50,48828.125,43.664849454545454,43.664849454545454,42641.454545454544,42641.454545454544,0.0,0.0
1,256,50,24414.0625,46.828450909090904,46.828450909090904,22865.454545454544,22865.454545454544,0.0,0.0
1,512,50,12207.03125,48.568256363636365,48.568256363636365,11857.5,11857.5,0.00024509090908253484,0.09090909090809873
1,1024,50,6103.515625,49.52150727272728,49.52150727272728,6045.136363636364,6045.136363636364,0.0002450909090967457,0.09090909090900823
1,1280,50,4882.8125,49.688326181818184,49.688326181818184,4852.40909090909,4852.40909090909,0.0002450909090967457,0.09090909090900823
1,1518,50,4117.259552042161,49.847930545454545,49.847930545454545,4104.772727272728,4104.772727272728,0.07090109090909635,5.909090909090992
