cores,pkt_sz,target_rate,target_pps,rate_median,rate_mean,pps_median,pps_mean,rate_95ci,pps_95ci
1,64,10,19531.25,9.61455490909091,9.61455490909091,15022.590909090908,15022.590909090908,0.0002516363636360097,0.09090909090991772
1,128,10,9765.625,8.728329454545456,8.728329454545456,8523.681818181818,8523.681818181818,0.0002516363636377861,0.09090909090809873
1,256,10,4882.8125,9.359980727272728,9.359980727272728,4570.272727272727,4570.272727272727,0.011909090909092868,5.8181818181819835
1,512,10,2441.40625,9.699450545454546,9.699450545454546,2368.0454545454545,2368.0454545454545,0.0002450909090914166,0.09090909090900823
1,1024,10,1220.703125,9.866269454545453,9.866269454545453,1204.409090909091,1204.409090909091,0.0002450909090914166,0.0909090909092356
1,1280,10,976.5625,9.890100727272728,9.890100727272728,965.8636363636364,965.8636363636364,0.0002450909090914166,0.09090909090900823
1,1518,10,823.4519104084321,9.997946545454546,9.997946545454546,823.3181818181818,823.3181818181818,0.07041090909090819,5.727272727272634
