cores,pkt_sz,target_rate,target_pps,rate_median,rate_mean,pps_median,pps_mean,rate_95ci,pps_95ci
1,64,1,1953.125,0.9606981818181818,0.9606981818181818,1501.090909090909,1501.090909090909,0.0,0.0
1,128,1,976.5625,0.8698414545454546,0.8698414545454546,849.4545454545455,849.4545454545455,0.0,0.0
1,256,1,488.28125,0.9294196363636363,0.9294196363636363,453.8181818181818,453.8181818181818,0.0,0.0
1,512,1,244.140625,0.9533767272727272,0.9533767272727272,232.77272727272725,232.77272727272725,0.0002516363636363428,0.09090909090909349
1,1024,1,122.0703125,0.9533767272727272,0.9533767272727272,116.4090909090909,116.4090909090909,0.0002516363636363428,0.09090909090909349
1,1280,1,97.65625,0.9831658181818181,0.9831658181818181,96.04545454545455,96.04545454545455,0.05932654545454552,5.7272727272727195
1,1518,1,82.34519104084322,1.0599658181818183,1.0599658181818183,87.31818181818181,87.31818181818181,0.00025163636363667585,0.09090909090909349
