cores,pkt_sz,target_rate,target_pps,rate_median,rate_mean,pps_median,pps_mean,rate_95ci,pps_95ci
1,64,100,195312.5,95.53495890909092,95.53495890909092,149273.2272727273,149273.2272727273,0.008947636363643596,14.27272727273521
1,128,100,97656.25,87.23032436363636,87.23032436363636,85185.86363636363,85185.86363636363,0.04384581818180777,42.81818181817653
1,256,100,48828.125,93.65702763636364,93.65702763636364,45730.954545454544,45730.954545454544,0.00025163636364311515,0.09090909091173671
1,512,100,24414.0625,97.17214036363637,97.17214036363637,23723.681818181816,23723.681818181816,0.02357963636363536,5.727272727275704
1,1024,100,12207.03125,99.019064,99.019064,12087.318181818182,12087.318181818182,0.04741090909089962,5.727272727272066
1,1280,100,9765.625,99.37653309090908,99.37653309090908,9704.772727272728,9704.772727272728,0.00025163636364311515,0.09090909090991772
1,1518,100,8234.519104084322,99.695616,99.695616,8209.454545454546,8209.454545454546,0.0,0.0
