cores,pkt_sz,total_mean,total_stdev,total_95ci,total_median,user_mean,user_stdev,user_95ci,user_median,system_mean,system_stdev,system_95ci,system_median
1,64,0.12531559319874722,0.0011246496765453685,0.002249299353090737,0.12531328320802004,0.06377886905799857,0.0035305369639545034,0.007061073927909007,0.065,0.06152129204198327,0.003526309137235631,0.007052618274471262,0.06030150753768844
1,128,0.1251896038414388,0.0013064094814850646,0.0026128189629701292,0.12531328320802004,0.06333620374830105,0.0041905335602233406,0.008381067120446681,0.06265664160401002,0.061853400093137806,0.0041871732273860325,0.008374346454772065,0.0625
1,256,0.1251683424260247,0.0012769160181347787,0.0025538320362695575,0.125,0.06459042777798653,0.005717840313339204,0.011435680626678407,0.065,0.06057791464803818,0.005529988430606338,0.011059976861212677,0.06015037593984962
1,512,0.1251992273418968,0.0012342022040052161,0.0024684044080104323,0.125,0.06379688057306904,0.006132714424218897,0.012265428848437794,0.06265664160401002,0.06140234676882777,0.006304559142436298,0.012609118284872597,0.06234413965087282
1,1024,0.12515867473445044,0.0012912949566810273,0.0025825899133620545,0.125,0.06411433869858442,0.0077483140498449884,0.015496628099689977,0.06483790523690773,0.0610289039371006,0.007543696028631785,0.01508739205726357,0.06234413965087282
1,1280,0.12514538997962651,0.0011264257514279376,0.002252851502855875,0.125,0.06489509888761912,0.00710600584987589,0.01421201169975178,0.065,0.06025029109200741,0.007127283692393754,0.014254567384787508,0.06015037593984962
1,1518,0.12512811055932324,0.001316331348893848,0.002632662697787696,0.125,0.06461668306763697,0.007547802647240424,0.015095605294480847,0.065,0.06051142749168633,0.007508251496503517,0.015016502993007034,0.06
