cores,pkt_sz,total_mean,total_stdev,total_95ci,total_median,user_mean,user_stdev,user_95ci,user_median,system_mean,system_stdev,system_95ci,system_median
1,64,0.12638347743031725,0.001408262179105948,0.002816524358211896,0.1262626262626263,0.06256040357791721,0.0030773323450952587,0.006154664690190517,0.06297229219143577,0.06365227180934824,0.0029844446179015955,0.005968889235803191,0.06313131313131314
1,128,0.12582863690501386,0.001237863961609788,0.002475727923219576,0.12562814070351758,0.06220005153271972,0.0032880185584863724,0.006576037116972745,0.06281407035175879,0.06355111487988352,0.003335447878875619,0.006670895757751238,0.06297229219143577
1,256,0.1255867839193591,0.001332841985728976,0.002665683971457952,0.12562814070351758,0.06289412691965354,0.0037663657526643365,0.007532731505328673,0.06281407035175879,0.06264624467259153,0.003758035533069803,0.007516071066139606,0.06265664160401002
1,512,0.12750685355856267,0.015567142103553165,0.03113428420710633,0.12531328320802004,0.064789972055556,0.009080028871539953,0.018160057743079907,0.06281407035175879,0.06183527410330384,0.004453282652068469,0.008906565304136938,0.0625
1,1024,0.1253400574957685,0.0013447786231236243,0.0026895572462472487,0.12531328320802004,0.06388392334210033,0.0040386854696171275,0.008077370939234255,0.06483790523690773,0.06142526995613733,0.003993731029334731,0.007987462058669462,0.06234413965087282
1,1280,0.1252550083783253,0.0013355185910883139,0.0026710371821766278,0.12531328320802004,0.06407945978496934,0.0051525844421922515,0.010305168884384503,0.065,0.06114472287986196,0.005296248290934819,0.010592496581869637,0.06015037593984962
1,1518,0.12522258630502775,0.0012799416987962127,0.0025598833975924253,0.125,0.06488892608038241,0.0059278107753859485,0.011855621550771897,0.065,0.06033366022464527,0.005777979183561511,0.011555958367123023,0.06015037593984962
