cores,pkt_sz,total_mean,total_stdev,total_95ci,total_median,user_mean,user_stdev,user_95ci,user_median,system_mean,system_stdev,system_95ci,system_median
1,64,0.1251202015088681,0.001296607305159545,0.00259321461031909,0.125,0.06521504742697656,0.007217632887109237,0.014435265774218473,0.065,0.059905154081891544,0.0070192004942475055,0.014038400988495011,0.06015037593984962
1,128,0.1250889900804342,0.0012898126933095786,0.002579625386619157,0.125,0.06810003151006339,0.008304556369255258,0.016609112738510515,0.06516290726817042,0.05698895857037084,0.008296578904261765,0.01659315780852353,0.059850374064837904
1,256,0.12512678852965817,0.0014748446852856018,0.0029496893705712036,0.125,0.06595176090336538,0.0076765244617165145,0.015353048923433029,0.065,0.059175027626292814,0.0076857164234412365,0.015371432846882473,0.06015037593984962
1,512,0.12505359196868593,0.0015538800389256209,0.0031077600778512417,0.125,0.06862404028843873,0.00981122941099845,0.0196224588219969,0.0675,0.056429551680247235,0.00997541037331739,0.01995082074663478,0.0575
1,1024,0.12508915491559106,0.0012919670028944993,0.0025839340057889986,0.125,0.06349294516855238,0.009128417030717371,0.018256834061434742,0.06265664160401002,0.06159620974703867,0.009001452776487139,0.018002905552974277,0.06234413965087282
1,1280,0.12510443210716474,0.0011916838891479807,0.0023833677782959615,0.125,0.06315245039541827,0.008950841332015349,0.017901682664030697,0.0625,0.061951981711746505,0.008877024200336665,0.01775404840067333,0.0625
1,1518,0.12510824167054896,0.001316137683969657,0.002632275367939314,0.125,0.06398526131906696,0.010541367780241406,0.02108273556048281,0.06265664160401002,0.06112298035148197,0.0102832525439625,0.020566505087925,0.0625
