cores,pkt_sz,total_mean,total_stdev,total_95ci,total_median,user_mean,user_stdev,user_95ci,user_median,system_mean,system_stdev,system_95ci,system_median
1,64,0.22742894720834553,0.004667325540849278,0.009334651081698555,0.22704081632653061,0.035025622076002606,0.0028842112156213236,0.005768422431242647,0.03571428571428571,0.09320361267815548,0.002712335309864406,0.005424670619728812,0.09278350515463918
1,128,0.20915635349006834,0.0018243833546871552,0.0036487667093743105,0.20947630922693272,0.036834436953322836,0.003352135626368787,0.006704271252737574,0.03740648379052369,0.08834594646470344,0.0034025442721809115,0.006805088544361823,0.08771929824561403
1,256,0.17594278107133313,0.0018466189272612372,0.0036932378545224743,0.17543859649122806,0.05349589619295765,0.0034100314978937384,0.006820062995787477,0.05263157894736842,0.07166875453747006,0.00341067630382591,0.00682135260765182,0.0725
1,512,0.15617084342667328,0.0016366113114072128,0.0032732226228144256,0.15538847117794485,0.05913051397986231,0.0029858554520330715,0.005971710904066143,0.059850374064837904,0.06603212618099553,0.00277553631348452,0.00555107262696904,0.06624540613515338
1,1024,0.14506089787951698,0.0016680079763496602,0.0033360159526993204,0.14500000000000002,0.06057874598086064,0.003072569065717225,0.00614513813143445,0.06015037593984962,0.06455890074294472,0.003055274944602581,0.006110549889205162,0.065
1,1280,0.1269377861444378,0.0013728819380317769,0.0027457638760635538,0.12658227848101267,0.06216395701818382,0.003071120147488872,0.006142240294977744,0.06313131313131314,0.06455547883802304,0.0030850926403008256,0.006170185280601651,0.06345177664974619
1,1518,0.12678109941044688,0.001362012684877916,0.002724025369755832,0.12658227848101267,0.062259807293069055,0.003230650167276854,0.006461300334553708,0.06313131313131314,0.06427204092185944,0.003312548845934969,0.006625097691869938,0.06329113924050633
