cores,pkt_sz,total_mean,total_stdev,total_95ci,total_median,user_mean,user_stdev,user_95ci,user_median,system_mean,system_stdev,system_95ci,system_median
1,64,0.12514104993887218,0.0012358918504748488,0.0024717837009496976,0.125,0.06401391497712676,0.0067036362135328076,0.013407272427065615,0.06265664160401002,0.061111741347016836,0.006647395542577963,0.013294791085155926,0.0625
1,128,0.12508540156238354,0.0011788956585945167,0.0023577913171890334,0.125,0.06488275897584861,0.006386333362474005,0.01277266672494801,0.06491895261845387,0.06020264258653497,0.006393540891389969,0.012787081782779939,0.06015037593984962
1,256,0.1251024782530732,0.0013030485843704585,0.002606097168740917,0.125,0.06765192364790859,0.007343385290247496,0.014686770580494992,0.06516290726817042,0.05745055460516466,0.007345766060062693,0.014691532120125386,0.059850374064837904
1,512,0.1251122252045606,0.001297759315387031,0.002595518630774062,0.125,0.0681426147695307,0.008757065337566995,0.01751413067513399,0.06733167082294264,0.05696961043502992,0.00883422534706076,0.01766845069412152,0.05874724217026356
1,1024,0.12513577891140748,0.001183435996694861,0.002366871993389722,0.125,0.0653156067288285,0.009031995910755788,0.018063991821511576,0.06483790523690773,0.05982017218257894,0.008998992571665736,0.017997985143331473,0.06234413965087282
1,1280,0.12509883264243257,0.0012987522169409234,0.0025975044338818467,0.125,0.06190968215799099,0.0075814750023860105,0.015162950004772021,0.0625,0.06317371838567618,0.007689989621818518,0.015379979243637036,0.06265664160401002
1,1518,0.1250793887055736,0.001442416321516952,0.002884832643033904,0.125,0.06270857711160753,0.009002346224146177,0.018004692448292354,0.0625,0.062370811593966145,0.008873462163361889,0.017746924326723777,0.0625
