cores,pkt_sz,target_rate,target_pps,rate_median,rate_mean,pps_median,pps_mean,rate_95ci,pps_95ci
1,64,0.1,195.3125,0.09309090909090909,0.09322925252525253,145.45454545454547,145.5050505050505,0.00034071761117117854,0.12453361622157343
1,128,0.1,97.65625,0.08340945454545455,0.08349260606060607,81.45454545454545,81.48484848484847,0.00023521498674789905,0.08570991287109911
1,256,0.1,48.828125,0.08340945454545455,0.0835198383838384,40.72727272727273,40.76767676767676,0.0004130185042693506,0.15117807623328894
1,512,0.1,24.4140625,0.07149381818181817,0.07160420202020201,17.454545454545453,17.494949494949495,0.0004130185042693622,0.1511780762332919
1,1024,0.1,12.20703125,0.09532509090909091,0.09540751515151515,11.636363636363637,11.666666666666666,0.0003304298449912897,0.12121212121212091
1,1280,0.1,9.765625,0.059823272727272725,0.06630836363636364,5.909090909090909,6.505050505050505,0.037369913054545845,3.6293984921688685
1,1518,0.1,8.234519104084322,0.141312,0.1335172525252525,11.636363636363637,11.01010101010101,0.044450092783121606,3.6719915699226076
