cores,pkt_sz,target_rate,target_pps,rate_median,rate_mean,pps_median,pps_mean,rate_95ci,pps_95ci
1,64,100,195312.5,96.19269818181819,96.19280856565656,150301.0909090909,150301.1313131313,0.0004130185042620925,0.15117807623769045
1,128,100,97656.25,87.33565672727273,87.3364290909091,85288.72727272728,85289.41414141415,0.0036890325846279087,3.6314220070477323
1,256,100,48828.125,93.65690181818181,93.6596328888889,45730.90909090909,45732.23232323231,0.00995864624201841,4.855382299235396
1,512,100,24414.0625,97.16035054545455,97.17077373737374,23720.81818181818,23723.34343434343,0.023648640555606587,5.7692244381119595
1,1024,100,12207.03125,99.04276945454545,99.02166925252524,12090.181818181818,12087.626262626265,0.04718170600649978,5.714636979597728
1,1280,100,9765.625,99.37640727272726,99.39632185858585,9704.727272727272,9706.68686868687,0.05632760377385392,5.543457902591617
1,1518,100,8234.519104084322,99.695616,99.68782052525252,8209.454545454546,8208.828282828283,0.04445018302742903,3.6729917340973843
