cores,pkt_sz,target_rate,target_pps,rate_median,rate_mean,pps_median,pps_mean,rate_95ci,pps_95ci
1,64,10,19531.25,9.614429090909091,9.614539474747476,15022.545454545454,15022.585858585857,0.0004130185042694776,0.15117807623315305
1,128,10,9765.625,8.728203636363636,8.728314020202019,8523.636363636364,8523.676767676769,0.00041301850426947754,0.15117807623315305
1,256,10,4882.8125,9.354026181818181,9.359153535353535,4567.363636363636,4569.888888888889,0.011919647100501618,5.810460645505627
1,512,10,2441.40625,9.699328,9.699438383838384,2368.0,2368.040404040404,0.0002468643356269584,0.09034618090900025
1,1024,10,1220.703125,9.866146909090908,9.866257292929292,1204.3636363636363,1204.4040404040402,0.00041301850427095455,0.15117807623334212
1,1280,10,976.5625,9.889978181818181,9.890088565656566,965.8181818181819,965.858585858586,0.0004130185042694776,0.1511780762332476
1,1518,10,823.4519104084321,10.033152,10.025411717171714,826.1818181818181,825.5757575757575,0.04448997893464004,3.6885149223522005
