cores,pkt_sz,target_rate,target_pps,rate_median,rate_mean,pps_median,pps_mean,rate_95ci,pps_95ci
1,64,1,1953.125,0.9606981818181818,0.9607813333333335,1501.090909090909,1501.121212121212,0.00023521498674798213,0.08570991287123308
1,128,1,976.5625,0.8698414545454546,0.8699246060606061,849.4545454545455,849.4848484848485,0.00023521498674787745,0.08570991287101871
1,256,1,488.28125,0.9294196363636363,0.9294748282828282,453.8181818181818,453.8383838383839,0.0003122126426184749,0.11427988382813214
1,512,1,244.140625,0.953250909090909,0.9533061010101009,232.72727272727272,232.7474747474747,0.0003122126426184749,0.11427988382813214
1,1024,1,122.0703125,0.953250909090909,0.9533061010101009,116.36363636363636,116.38383838383837,0.0003122126426184749,0.11427988382813214
1,1280,1,97.65625,0.953250909090909,0.9797580606060605,93.0909090909091,95.68686868686868,0.05927197072975702,5.804979409111641
1,1518,1,82.34519104084322,1.05984,1.0598679595959595,87.27272727272727,87.28282828282828,0.00015816335921832664,0.05713994191406607
