cores,pkt_sz,total_mean,total_stdev,total_95ci,total_median,user_mean,user_stdev,user_95ci,user_median,system_mean,system_stdev,system_95ci,system_median
1,64,0.32053863578375574,0.08193379681032746,0.16386759362065492,0.2846190263275558,0.003578085393777065,0.003379786989483772,0.006759573978967544,0.005089091474153113,0.012457647859323816,0.007719420922513838,0.015438841845027676,0.0103896804835924
1,128,0.4574329647537194,0.18194764354149165,0.3638952870829833,0.5178576077053234,0.0031438036783182728,0.004071910263861763,0.008143820527723526,0.0,0.008890725150284424,0.009204069813287133,0.018408139626574265,0.005263157894736842
1,256,0.30682705535433097,0.08449100523909905,0.1689820104781981,0.27040816326530615,0.0011331112664920938,0.002119913195201648,0.004239826390403296,0.0,0.0031267842352752572,0.0030215290292265598,0.0060430580584531195,0.005076142131979695
1,512,0.3075948518326398,0.07421792104444395,0.1484358420888879,0.2806122448979592,0.002990974553389846,0.003280196445071808,0.006560392890143616,0.0025252525252525255,0.009139807346475126,0.008902035742595023,0.017804071485190046,0.007719841863446949
1,1024,0.29976572567935217,0.059920324844869574,0.11984064968973915,0.2794902816864364,0.003576273300669137,0.0031643404320057245,0.006328680864011449,0.005115122972265829,0.01292797521320013,0.00491962912282651,0.00983925824565302,0.010416666666666666
1,1280,0.3059679375235773,0.06758185180930397,0.13516370361860794,0.27979274611398963,0.003172584674811033,0.00253108075886356,0.00506216151772712,0.005154639175257732,0.012383620676761907,0.00609089559729514,0.01218179119459028,0.010471204188481676
1,1518,0.3104406108658615,0.09230860239753752,0.18461720479507504,0.28125,0.003581784531105003,0.002917589737418271,0.005835179474836542,0.005115122972265829,0.013851313668822661,0.008357323786121086,0.016714647572242173,0.010498759988977681
