cores,pkt_sz,total_mean,total_stdev,total_95ci,total_median,user_mean,user_stdev,user_95ci,user_median,system_mean,system_stdev,system_95ci,system_median
1,64,0.2996227496511357,0.07207104322590657,0.14414208645181315,0.2809311224489796,0.0019960702313981758,0.0025025197584901664,0.005005039516980333,0.0,0.012120496686674594,0.011809572107380623,0.023619144214761245,0.010231852200764118
1,128,0.3186421007500932,0.08693364500993916,0.17386729001987833,0.2774869109947644,0.003171835779567275,0.00280977083323872,0.00561954166647744,0.00514142215173143,0.01079008227581504,0.006438715178658203,0.012877430357316406,0.010443935427574172
1,256,0.30732028453154653,0.07335822456107914,0.14671644912215828,0.2805213730569948,0.0021569140625299402,0.002818866893220662,0.005637733786441324,0.0,0.011248959228021944,0.005348427397936461,0.010696854795872922,0.010416666666666666
1,512,0.3031386972267046,0.07283506218022595,0.1456701243604519,0.2748629385964912,0.0021444947455594395,0.00407548297900563,0.00815096595801126,0.0,0.009723088100072585,0.007811641051328896,0.015623282102657792,0.007682083997873472
1,1024,0.3089507786147833,0.0739134784141456,0.1478269568282912,0.2793700572675211,0.003616540700911485,0.00385782195147592,0.00771564390295184,0.00514142215173143,0.01298364650873398,0.0077873065343145855,0.015574613068629171,0.010471204188481676
1,1280,0.3028282277890557,0.06772663886526624,0.13545327773053248,0.28125,0.005336775658446185,0.005443181986656556,0.010886363973313112,0.0051813471502590676,0.014104576212253207,0.007375905895221931,0.014751811790443861,0.015384615384615385
1,1518,0.3088499611270408,0.07970429258468169,0.15940858516936338,0.284239623951712,0.005049408128550393,0.004973726454326395,0.00994745290865279,0.0051948402417962,0.013008036916651984,0.006406379715175279,0.012812759430350557,0.010849750073507792
