cores,pkt_sz,total_mean,total_stdev,total_95ci,total_median,user_mean,user_stdev,user_95ci,user_median,system_mean,system_stdev,system_95ci,system_median
1,64,0.038148198146985515,0.022339602174291776,0.04467920434858355,0.03173804733160873,0.00218414340395105,0.0025876216078110923,0.0051752432156221845,0.0,0.008672908986328793,0.005275438696993281,0.010550877393986562,0.01020408163265306
1,128,0.029163834815978822,0.020392533966784584,0.04078506793356917,0.030770039974752805,0.0015833962571333404,0.002388109259794558,0.004776218519589116,0.0,0.007482022379569912,0.006506698801150028,0.013013397602300057,0.005154639175257732
1,256,0.021219202465348606,0.01846601089663088,0.03693202179326176,0.015228426395939132,0.0024163085516099828,0.003508936896747267,0.007017873793494534,0.0,0.007829195664892284,0.005829529525071724,0.011659059050143448,0.007641178625634584
1,512,0.016147472624818852,0.024414055513222555,0.04882811102644511,0.01005025125628145,0.0018417726647661245,0.00383130045857124,0.00766260091714248,0.0,0.006777307500906365,0.006789169233726621,0.013578338467453242,0.005128205128205128
1,1024,0.01544818357905076,0.012011694415092974,0.024023388830185947,0.015228426395939132,0.003250409549587992,0.0029799320182683914,0.005959864036536783,0.005050505050505051,0.009764246198258839,0.00728811269355289,0.01457622538710578,0.01015228426395939
1,1280,0.007925107641085406,0.01064514277830662,0.02129028555661324,0.005076142131979711,0.00127048161553842,0.00250478513201797,0.00500957026403594,0.0,0.005379115821465351,0.00479940290235199,0.00959880580470398,0.005076142131979695
1,1518,0.011009754377936866,0.014605349747168995,0.02921069949433799,0.005063323591242397,0.00197348848530358,0.00299747230229956,0.00599494460459912,0.0,0.00606364349849856,0.00678609378978338,0.01357218757956676,0.005050505050505051
