cores,pkt_sz,total_mean,total_stdev,total_95ci,total_median,user_mean,user_stdev,user_95ci,user_median,system_mean,system_stdev,system_95ci,system_median
1,64,0.3490166875679828,0.09941709101852465,0.1988341820370493,0.28316671873372906,0.005569806220939281,0.007238991359823319,0.014477982719646638,0.0051813471502590676,0.016283847708508464,0.022826709170106662,0.045653418340213324,0.010443935427574172
1,128,0.29786928724807554,0.0734674679222288,0.1469349358444576,0.27226107226107227,0.002827331953142327,0.0030458005379325522,0.0060916010758651044,0.0024630541871921183,0.008641975564567292,0.007937831687954897,0.015875663375909795,0.005128205128205128
1,256,0.15241071369292833,0.038604880165700815,0.07720976033140163,0.15301003344481606,0.002693949673058277,0.0032436454130243043,0.006487290826048609,0.0,0.012142256456181031,0.004804998413315598,0.009609996826631197,0.011964285714285715
1,512,0.08545278451538715,0.02387569363306699,0.04775138726613398,0.08395493395493397,0.0027294750409304386,0.0030963324448751344,0.006192664889750269,0.0,0.008502272049427302,0.00441309545780602,0.00882619091561204,0.01015228426395939
1,1024,0.04693969413724533,0.020831367889422463,0.041662735778844925,0.04081632653061229,0.00198351077094327,0.0027568328962071743,0.005513665792414349,0.0,0.007512662052884754,0.005164028207213189,0.010328056414426377,0.010075630678645755
1,1280,0.04023067962594135,0.026935523844411644,0.05387104768882329,0.033321060382916046,0.0016875463763894758,0.0033637130609658365,0.006727426121931673,0.0,0.006652444514076324,0.008789836603640805,0.01757967320728161,0.005115122972265829
1,1518,0.030827417219069238,0.02029440517703212,0.04058881035406424,0.030534548844918685,0.00169356591492197,0.002680097334528286,0.005360194669056572,0.0,0.00565278461023009,0.004450373048380211,0.008900746096760422,0.005076142131979695
