cores,pkt_sz,total_mean,total_stdev,total_95ci,total_median,user_mean,user_stdev,user_95ci,user_median,system_mean,system_stdev,system_95ci,system_median
1,64,0.3334872939729815,0.10726343282022051,0.21452686564044102,0.28092201408263584,0.004029476256883994,0.0038255065629435184,0.007651013125887037,0.005154639175257732,0.015394560079497419,0.005880473391553509,0.011760946783107018,0.015544041450777202
1,128,0.10562937351174485,0.030158467641259207,0.060316935282518414,0.09890408477492979,0.0032307790427564603,0.00380438525913868,0.00760877051827736,0.0,0.01060057153658487,0.004561753232786198,0.009123506465572397,0.010989342752769977
1,256,0.07931676517067261,0.034950464886519254,0.06990092977303851,0.07491987179487175,0.0027816672803959337,0.0028977465762364913,0.005795493152472983,0.0025380710659898475,0.011226526075934709,0.005775086536715301,0.011550173073430602,0.010416666666666666
1,512,0.04292700705311339,0.019017842262702336,0.03803568452540467,0.04081632653061229,0.0020059129749648748,0.003054408620801846,0.006108817241603692,0.0,0.006286117945106396,0.005592900241247436,0.011185800482494871,0.005154639175257732
1,1024,0.021796415774459503,0.020521436805943104,0.04104287361188621,0.015350188442211032,0.0011295359176898858,0.0024345158151825525,0.004869031630365105,0.0,0.0033805879678837896,0.0037712172877945875,0.007542434575589175,0.0024390243902439024
1,1280,0.019108174717627942,0.02095268133308359,0.04190536266616718,0.005076142131979711,0.0008489013202573753,0.0018982076019140664,0.003796415203828133,0.0,0.00367129973452345,0.003717337853896894,0.007434675707793788,0.005050505050505051
1,1518,0.02316615876815887,0.032577491120998815,0.06515498224199763,0.010127166444467262,0.0032743511499781918,0.007789582965353824,0.015579165930707649,0.0,0.007105544807371963,0.016031667291869476,0.03206333458373895,0.0050633235912423726
