cores,pkt_sz,total_mean,total_stdev,total_95ci,total_median,user_mean,user_stdev,user_95ci,user_median,system_mean,system_stdev,system_95ci,system_median
1,64,0.3014995478801457,0.057010495633801506,0.11402099126760301,0.2849740932642487,0.0031933470701337977,0.004692114593551032,0.009384229187102064,0.0,0.007494997769123945,0.006283923196786282,0.012567846393572564,0.0051948402417962
1,128,0.33124119555365433,0.0907833582557911,0.1815667165115822,0.2935040751335888,0.004185577232841944,0.005161178025141645,0.01032235605028329,0.00514142215173143,0.014113312898544636,0.008753467836938604,0.01750693567387721,0.010526315789473684
1,256,0.34492167087052567,0.09538696398880359,0.19077392797760717,0.2976521596858639,0.003319594115484065,0.0039042807347844173,0.007808561469568835,0.002551020408163265,0.013845955177132793,0.007495592610400845,0.01499118522080169,0.015385019987376394
1,512,0.3180964238677366,0.07598509430635993,0.15197018861271985,0.2931937172774869,0.0030245816063460204,0.0037133353933817745,0.007426670786763549,0.0,0.007784580940035575,0.007539009964472274,0.015078019928944548,0.005263157894736842
1,1024,0.31249423534333026,0.08559793100102706,0.1711958620020541,0.2787852619458837,0.0024351799527204893,0.003523539827745512,0.007047079655491024,0.0,0.012496832008211518,0.015664475048967282,0.031328950097934564,0.01028284430346286
1,1280,0.31853686729893704,0.08593765758746749,0.17187531517493498,0.2790716307889536,0.0031531015145949966,0.007216115661727867,0.014432231323455735,0.0,0.012611381559847066,0.01976372900283343,0.03952745800566686,0.010230245944531658
1,1518,0.3091785160350897,0.08583101152469012,0.17166202304938025,0.2767642888307155,0.0027214514937589068,0.004116498782519309,0.008232997565038617,0.0,0.009745340242447343,0.015314215070296388,0.030628430140592775,0.005221967713787086
