cores,pkt_sz,target_rate,target_pps,rate_median,rate_mean,pps_median,pps_mean,rate_95ci,pps_95ci
1,64,100,195312.5,0.19144727272727274,0.19144727272727274,299.1363636363636,299.1363636363636,0.005643636363636351,8.818181818181813
1,128,100,97656.25,0.32986763636363636,0.32986763636363636,322.1363636363636,322.1363636363636,0.04068072727272731,39.72727272727275
1,256,100,48828.125,0.674722909090909,0.674722909090909,329.45454545454544,329.45454545454544,0.06143999999999994,30.0
1,512,100,24414.0625,1.3010385454545454,1.3010385454545454,317.6363636363636,317.6363636363636,0.040215272727272655,9.818181818181813
1,1024,100,12207.03125,2.7480436363636365,2.7480436363636365,335.45454545454544,335.45454545454544,0.1474559999999996,18.0
1,1280,100,9765.625,3.4756716363636366,3.4756716363636366,339.45454545454544,339.45454545454544,0.05703054545454522,5.636363636363626
1,1518,100,8234.519104084322,4.241138545454545,4.241138545454545,349.27272727272725,349.27272727272725,0.04330109090909051,3.636363636363626
