cores,pkt_sz,target_rate,target_pps,rate_median,rate_mean,pps_median,pps_mean,rate_95ci,pps_95ci
1,64,1,1953.125,0.2557152727272727,0.2557152727272727,399.4090909090909,399.4090909090909,0.006736727272727283,10.818181818181813
1,128,1,976.5625,0.4688352727272727,0.4688352727272727,457.77272727272725,457.77272727272725,0.05244436363636362,51.363636363636374
1,256,1,488.28125,0.912972,0.912972,445.77272727272725,445.77272727272725,0.007692363636363497,3.727272727272691
1,512,1,244.140625,0.9500221818181818,0.9500221818181818,231.95454545454544,231.95454545454544,0.0009898181818183138,0.2727272727272805
1,1024,1,122.0703125,0.9448090909090909,0.9448090909090909,115.36363636363637,115.36363636363637,0.003478545454545401,0.36363636363635976
1,1280,1,97.65625,1.0129516363636364,1.0129516363636364,98.95454545454545,98.95454545454545,0.00024509090909097253,0.09090909090909349
1,1518,1,82.34519104084322,1.0599625454545454,1.0599625454545454,87.31818181818181,87.31818181818181,0.00024509090909097253,0.09090909090909349
