cores,pkt_sz,target_rate,target_pps,rate_median,rate_mean,pps_median,pps_mean,rate_95ci,pps_95ci
1,64,10,19531.25,0.2159770909090909,0.2159770909090909,337.3181818181818,337.3181818181818,0.012787636363636362,20.272727272727252
1,128,10,9765.625,0.333824,0.333824,326.0,326.0,0.0065163636363636535,6.363636363636374
1,256,10,4882.8125,0.6902690909090909,0.6902690909090909,337.0454545454545,337.0454545454545,0.0009309090909089823,0.45454545454543904
1,512,10,2441.40625,1.4272698181818182,1.4272698181818182,348.45454545454544,348.45454545454544,0.039470545454545425,9.636363636363626
1,1024,10,1220.703125,4.324631272727272,4.324631272727272,527.9090909090909,527.9090909090909,0.22937599999999936,28.0
1,1280,10,976.5625,6.31296,6.31296,616.5,616.5,0.08098909090909157,7.909090909090992
1,1518,10,823.4519104084321,7.49616,7.49616,617.2727272727273,617.2727272727273,0.5056320000000003,41.636363636363626
