cores,pkt_sz,target_rate,target_pps,rate_median,rate_mean,pps_median,pps_mean,rate_95ci,pps_95ci
1,64,50,97656.25,0.22386072727272727,0.22386072727272727,349.6363636363636,349.6363636363636,0.009936727272727264,15.818181818181813
1,128,50,48828.125,0.36559745454545456,0.36559745454545456,356.9545454545455,356.9545454545455,0.06280218181818187,61.18181818181819
1,256,50,24414.0625,0.6962563636363637,0.6962563636363637,339.9545454545455,339.9545454545455,0.028799272727272673,14.090909090909065
1,512,50,12207.03125,1.374952727272727,1.374952727272727,335.68181818181813,335.68181818181813,0.11803927272727277,28.818181818181813
1,1024,50,6103.515625,3.1658356363636364,3.1658356363636364,386.4545454545455,386.4545454545455,0.3976843636363636,48.54545454545456
1,1280,50,4882.8125,3.6715054545454544,3.6715054545454544,358.54545454545456,358.54545454545456,0.31092363636363674,30.363636363636374
1,1518,50,4117.259552042161,6.7101120000000005,6.7101120000000005,552.5454545454545,552.5454545454545,0.6513599999999995,53.636363636363626
