cores,pkt_sz,target_rate,target_pps,rate_median,rate_mean,pps_median,pps_mean,rate_95ci,pps_95ci
1,64,0.1,195.3125,0.09164254545454545,0.09164254545454545,143.04545454545456,143.04545454545456,0.0010596363636363598,1.3636363636363455
1,128,0.1,97.65625,0.08288036363636364,0.08288036363636364,80.86363636363636,80.86363636363636,5.8909090909095574e-05,0.09090909090909349
1,256,0.1,48.828125,0.08288036363636363,0.08288036363636363,40.45454545454545,40.45454545454545,0.0006858181818181763,0.36363636363635976
1,512,0.1,24.4140625,0.071244,0.071244,17.40909090909091,17.40909090909091,0.000989818181818175,0.2727272727272734
1,1024,0.1,12.20703125,0.0928410909090909,0.0928410909090909,11.363636363636363,11.363636363636363,0.0024792727272727327,0.3636363636363633
1,1280,0.1,9.765625,0.08948981818181818,0.08948981818181818,8.772727272727273,8.772727272727273,0.05982327272727273,5.909090909090908
1,1518,0.1,8.234519104084322,0.14143454545454545,0.14143454545454545,11.681818181818182,11.681818181818182,0.000245090909090917,0.09090909090908994
