cores,pkt_sz,total_mean,total_stdev,total_95ci,total_median,user_mean,user_stdev,user_95ci,user_median,system_mean,system_stdev,system_95ci,system_median
1,64,0.3044192881142872,0.03951850316277806,0.07903700632555612,0.3036649214659686,0.002914338578413142,0.003147573575019346,0.006295147150038692,0.002564102564102564,0.0096587049172333,0.007835315967861307,0.015670631935722615,0.007840921618344173
1,128,0.4418994277986563,0.1436829884832205,0.287365976966441,0.5142487046632125,0.0021620317687594723,0.0028348495381082723,0.005669699076216545,0.0,0.005925299169588278,0.005218333408446159,0.010436666816892318,0.005208333333333333
1,256,0.34499434763186687,0.08309912802446287,0.16619825604892574,0.31828801441197996,0.0029296858600762754,0.003833540013243415,0.00766708002648683,0.0,0.011732049818812413,0.009655445011581058,0.019310890023162115,0.010554163185742132
1,512,0.3333354767069467,0.07492860966841709,0.14985721933683419,0.30239301801801804,0.0030681389968574887,0.004843656484381353,0.009687312968762705,0.0,0.009653506459892809,0.006262539366949474,0.012525078733898949,0.010416666666666666
1,1024,0.3026439174422605,0.04667885620456514,0.09335771240913028,0.29166666666666663,0.003198281970433405,0.0030939576894562534,0.006187915378912507,0.0051813471502590676,0.010425294342845705,0.007242550648617128,0.014485101297234257,0.0103896804835924
1,1280,0.2996338972352311,0.026998480903846905,0.05399696180769381,0.29287345438342427,0.0036545139275418817,0.0029926882941269106,0.005985376588253821,0.005208333333333333,0.013592740329207775,0.005233152727198575,0.01046630545439715,0.010811126694717158
1,1518,0.3055077816890585,0.028115508722154157,0.056231017444308314,0.3005262711145064,0.003686218123830581,0.0037113500735491446,0.007422700147098289,0.005291005291005291,0.014279297950893114,0.006783433208754153,0.013566866417508306,0.013300142247510669
