cores,pkt_sz,total_mean,total_stdev,total_95ci,total_median,user_mean,user_stdev,user_95ci,user_median,system_mean,system_stdev,system_95ci,system_median
1,64,0.34111285960596077,0.04435298064855506,0.08870596129711011,0.3315508021390374,0.004107867657759806,0.00747806103752658,0.01495612207505316,0.0,0.013546096137694825,0.018277928435668958,0.036555856871337916,0.007911036036036035
1,128,0.355554290457933,0.05537125384855412,0.11074250769710824,0.34400068271036016,0.004433774093082929,0.004250578382215144,0.008501156764430287,0.005291005291005291,0.016563676790555988,0.008885129265676403,0.017770258531352806,0.015873015873015872
1,256,0.36992479282413493,0.07566815674075163,0.15133631348150325,0.34224598930481287,0.0034110465560956977,0.00733254078632062,0.01466508157264124,0.0,0.014099559097346052,0.016983661445738592,0.033967322891477185,0.0106951871657754
1,512,0.37727520211319443,0.09554762800941492,0.19109525601882985,0.3475761475761476,0.0025114022350952985,0.0031852484582083145,0.006370496916416629,0.0,0.010803310833128956,0.008084289293936552,0.016168578587873104,0.010610154227175504
1,1024,0.2905719610138624,0.016457896739945726,0.03291579347989145,0.28981456231251707,0.000724152793978907,0.0018031531238181405,0.003606306247636281,0.0,0.004060976245554657,0.003513430057407718,0.007026860114815436,0.005208333333333333
1,1280,0.30293712658478333,0.04207735097812039,0.08415470195624078,0.2958165419305316,0.002776714501545137,0.0031564765778022896,0.006312953155604579,0.0,0.010494422393555629,0.008008133845481049,0.016016267690962097,0.010416666666666666
1,1518,0.29739170145181415,0.03159765277183432,0.06319530554366865,0.28954631706054856,0.002468100253412585,0.003144450293490021,0.006288900586980042,0.0,0.009464012537327003,0.007460204377797426,0.014920408755594852,0.007896505376344086
