cores,pkt_sz,total_mean,total_stdev,total_95ci,total_median,user_mean,user_stdev,user_95ci,user_median,system_mean,system_stdev,system_95ci,system_median
1,64,0.04585833954134608,0.015340191372272573,0.030680382744545147,0.043126997965707625,0.0035696972030416544,0.003102585152493796,0.006205170304987592,0.005263303692623064,0.010395489808101212,0.005350261875299445,0.01070052375059889,0.010610154227175504
1,128,0.033498815754711524,0.0105992564647283,0.0211985129294566,0.03608247422680411,0.0027216271227746966,0.0028470372177594938,0.0056940744355189876,0.0024752475247524753,0.00907460650129606,0.004635453305470859,0.009270906610941718,0.010309278350515464
1,256,0.02754703059279053,0.009004235643585592,0.018008471287171184,0.02577319587628868,0.002421697377514756,0.0030784880332714063,0.006156976066542813,0.0,0.010126426891222092,0.005441735974154537,0.010883471948309074,0.010256410256410256
1,512,0.022458292103091783,0.008182061646758207,0.016364123293516414,0.020618556701030966,0.003421944367380512,0.004046522119383931,0.008093044238767862,0.005076142131979695,0.00923006243335638,0.004916470583162639,0.009832941166325278,0.01020408163265306
1,1024,0.018272249861787063,0.00738315188643722,0.01476630377287444,0.02030456852791873,0.002123053765324049,0.0027799025129771177,0.005559805025954235,0.0,0.010329595804487453,0.00482286442636822,0.00964572885273644,0.01020408163265306
1,1280,0.01617509881497929,0.0067260238078764075,0.013452047615752815,0.015306122448979553,0.002406471072663019,0.0025441561361314517,0.005088312272262903,0.0,0.009355461160332462,0.0038612670733649537,0.007722534146729907,0.010178182948306226
1,1518,0.017431404658470942,0.01087251387338237,0.02174502774676474,0.015306122448979553,0.002978407842327611,0.004235070825614919,0.008470141651229838,0.0,0.010343841615753562,0.005542467554712708,0.011084935109425416,0.01020408163265306
