cores,pkt_sz,total_mean,total_stdev,total_95ci,total_median,user_mean,user_stdev,user_95ci,user_median,system_mean,system_stdev,system_95ci,system_median
1,64,0.08556090316700644,0.016821437900769374,0.03364287580153875,0.08539438502673796,0.004158274915028768,0.003796125804736575,0.00759225160947315,0.005434782608695652,0.013281941538923304,0.005938038385900156,0.011876076771800312,0.011204569706860838
1,128,0.05827772675105644,0.01620107283392173,0.03240214566784346,0.05882352941176472,0.003253002348885353,0.0025966717120832284,0.005193343424166457,0.005208333333333333,0.010328867194696865,0.0054430950049741255,0.010886190009948251,0.0103896804835924
1,256,0.04112933789815054,0.010041056380034037,0.020082112760068074,0.041450777202072575,0.0020145243894051958,0.002525646051167044,0.005051292102334088,0.0,0.008631632544283991,0.0036327434538544687,0.007265486907708937,0.010101267760120398
1,512,0.033074861277904946,0.008984265179264582,0.017968530358529165,0.031007958976550398,0.002987203526060808,0.004080239161620669,0.008160478323241339,0.0,0.010264256035902832,0.00466156845606329,0.00932313691212658,0.010256410256410256
1,1024,0.02173781349676616,0.00624967729370688,0.01249935458741376,0.02051282051282055,0.0026957027879368134,0.002816686580479643,0.005633373160959286,0.0025380710659898475,0.009089325189190782,0.004003011818942753,0.008006023637885506,0.01020408163265306
1,1280,0.021868946012121315,0.010027077043329002,0.020054154086658005,0.02056568860692576,0.0027001533136061895,0.0035256338943581616,0.007051267788716323,0.0,0.010508183188333449,0.004962205241275743,0.009924410482551486,0.01020408163265306
1,1518,0.02224298741047075,0.019248115163025128,0.038496230326050256,0.020253294364969476,0.0045346409650652165,0.007983051521365527,0.015966103042731054,0.0050633235912423726,0.0116045792416606,0.01126563746450546,0.02253127492901092,0.01020408163265306
