cores,pkt_sz,total_mean,total_stdev,total_95ci,total_median,user_mean,user_stdev,user_95ci,user_median,system_mean,system_stdev,system_95ci,system_median
1,64,0.022683707024014826,0.01886090347883144,0.03772180695766288,0.020725945017182168,0.004567585883091957,0.005770675674152811,0.011541351348305622,0.00510204081632653,0.010835918661180723,0.012822532209042201,0.025645064418084403,0.010178182948306226
1,128,0.018593496323060853,0.009057545622405894,0.01811509124481179,0.015503979488275199,0.002841241248068053,0.004079543283599553,0.008159086567199107,0.0,0.011210777143105519,0.005733335900418403,0.011466671800836806,0.010230245944531658
1,256,0.017558956669345357,0.009299953226879935,0.01859990645375987,0.015306122448979553,0.003834862170182243,0.003878386826886947,0.007756773653773894,0.005076142131979695,0.011168661149684919,0.00723383557228616,0.01446767114457232,0.01020408163265306
1,512,0.016956874391273507,0.006076415812767176,0.012152831625534353,0.015306122448979553,0.0026805573208271987,0.0032725215934470355,0.006545043186894071,0.0,0.011724503352552788,0.004233635127456819,0.008467270254913638,0.01020408163265306
1,1024,0.015527062411396484,0.0069068871306821895,0.013813774261364379,0.015306122448979553,0.0038072363158318454,0.0032471807219131843,0.006494361443826369,0.0050633235912423726,0.010445660988776938,0.004404537054200454,0.008809074108400908,0.01020408163265306
1,1280,0.013171192262476844,0.005395379482922734,0.010790758965845469,0.01025641025641022,0.001979839827313842,0.002757898007978045,0.00551579601595609,0.0,0.010624429494651455,0.004376344457752056,0.008752688915504112,0.01020408163265306
1,1518,0.01779941429289636,0.02389268096224103,0.04778536192448206,0.015228426395939132,0.005221579468506247,0.009106576865214185,0.01821315373042837,0.005089091474153113,0.011863321554902936,0.014856935169420304,0.029713870338840608,0.01015228426395939
