cores,pkt_sz,total_mean,total_stdev,total_95ci,total_median,user_mean,user_stdev,user_95ci,user_median,system_mean,system_stdev,system_95ci,system_median
1,64,0.3038222127880781,0.02815999302471274,0.05631998604942548,0.2970843183609141,0.0035128504979840902,0.003299516802427689,0.006599033604855378,0.005235602094240838,0.014507129284354964,0.008000510029687437,0.016001020059374874,0.013229747227382762
1,128,0.30657257715185987,0.046956104296450564,0.09391220859290113,0.29255319148936165,0.004087022749134282,0.003939081092168362,0.007878162184336724,0.005208474622249952,0.015011374151658938,0.004945026888535721,0.009890053777071441,0.015625
1,256,0.30983959316301884,0.04551424170706481,0.09102848341412963,0.29255319148936165,0.006126009539634972,0.008490400584180149,0.016980801168360298,0.005235602094240838,0.020125902971720636,0.026892660903305284,0.05378532180661057,0.013051107699056812
1,512,0.26598192743747345,0.041759957203299586,0.08351991440659917,0.26557540848712824,0.0021048987225970924,0.0031772101670750307,0.006354420334150061,0.0,0.011313949263559078,0.006139605719868155,0.01227921143973631,0.010811126694717158
1,1024,0.10385940901602168,0.02461262787094724,0.04922525574189448,0.10582010582010581,0.00277968303668061,0.002902116455661531,0.005804232911323062,0.002577319587628866,0.00997829405496852,0.00525035744664872,0.01050071489329744,0.010554163185742132
1,1280,0.06889841956366162,0.023060340875255464,0.04612068175051093,0.06735932130584193,0.002897946247550646,0.003577463915856036,0.007154927831712072,0.0,0.008092788246701267,0.006288969016729839,0.012577938033459678,0.005305077113587752
1,1518,0.07270918732139402,0.024910250629265617,0.049820501258531234,0.07349131992284375,0.0030444117917984926,0.004492975762415189,0.008985951524830378,0.0,0.01130382809418246,0.008813074339402637,0.017626148678805274,0.010416666666666666
