cores,pkt_sz,target_rate,target_pps,rate_median,rate_mean,pps_median,pps_mean,rate_95ci,pps_95ci
1,64,0.5,976.5625,0.46784945454545457,0.46784945454545457,730.8636363636363,730.8636363636363,0.007466181818181816,11.363636363636374
1,128,0.5,488.28125,0.4294145454545455,0.4294145454545455,419.27272727272725,419.27272727272725,0.0011447272727272972,1.272727272727309
1,256,0.5,244.140625,0.4589709090909091,0.4589709090909091,224.0909090909091,224.0909090909091,0.003416727272727238,1.636363636363626
1,512,0.5,122.0703125,0.47488945454545456,0.47488945454545456,115.95454545454545,115.95454545454545,0.0024858181818181446,0.636363636363626
1,1024,0.5,61.03515625,0.4767512727272727,0.4767512727272727,58.22727272727273,58.22727272727273,0.0002516363636363428,0.09090909090909349
1,1280,0.5,48.828125,0.5065403636363636,0.5065403636363636,49.5,49.5,0.059326545454545465,5.727272727272734
1,1518,0.5,41.17259552042161,0.5653738181818182,0.5653738181818182,46.59090909090909,46.59090909090909,0.0002516363636363428,0.09090909090908639
