cores,pkt_sz,target_rate,target_pps,rate_median,rate_mean,pps_median,pps_mean,rate_95ci,pps_95ci
1,64,1,1953.125,0.9295512727272728,0.9295512727272728,1452.2727272727275,1452.2727272727275,0.007058909090909005,10.727272727272748
1,128,1,976.5625,0.8560036363636363,0.8560036363636363,835.8636363636364,835.8636363636364,0.0027272727272728003,2.818181818181756
1,256,1,488.28125,0.9240530909090909,0.9240530909090909,451.1818181818182,451.1818181818182,0.004775272727272739,2.363636363636374
1,512,1,244.140625,0.9489083636363637,0.9489083636363637,231.6818181818182,231.6818181818182,0.0024858181818181446,0.636363636363626
1,1024,1,122.0703125,0.9530043636363636,0.9530043636363636,116.36363636363636,116.36363636363636,0.0004930909090907765,0.0
1,1280,1,97.65625,0.9799076363636363,0.9799076363636363,95.72727272727272,95.72727272727272,0.06634618181818197,6.545454545454547
1,1518,1,82.34519104084322,1.0599658181818183,1.0599658181818183,87.31818181818181,87.31818181818181,0.00025163636363667585,0.09090909090909349
