cores,pkt_sz,target_rate,target_pps,rate_median,rate_mean,pps_median,pps_mean,rate_95ci,pps_95ci
1,64,100,195312.5,0.7582930909090908,0.7582930909090908,1184.681818181818,1184.681818181818,0.07096290909090908,111.18181818181824
1,128,100,97656.25,1.311032,1.311032,1280.2272727272727,1280.2272727272727,0.1472043636363638,143.909090909091
1,256,100,48828.125,2.4321258181818184,2.4321258181818184,1187.5454545454545,1187.5454545454545,0.07217309090909119,35.27272727272725
1,512,100,24414.0625,5.135206545454546,5.135206545454546,1253.7272727272727,1253.7272727272727,0.7984683636363643,194.909090909091
1,1024,100,12207.03125,11.76905090909091,11.76905090909091,1436.681818181818,1436.681818181818,0.6645483636363636,81.18181818181824
1,1280,100,9765.625,14.379878545454545,14.379878545454545,1404.318181818182,1404.318181818182,1.0912770909090916,106.63636363636374
1,1518,100,8234.519104084322,19.923461818181817,19.923461818181817,1640.6363636363635,1640.6363636363635,0.8690996363636359,71.63636363636374
