cores,pkt_sz,target_rate,target_pps,rate_median,rate_mean,pps_median,pps_mean,rate_95ci,pps_95ci
1,64,10,19531.25,0.892373090909091,0.892373090909091,1394.181818181818,1394.181818181818,0.11267927272727263,176.36363636363626
1,128,10,9765.625,1.540408,1.540408,1504.2272727272727,1504.2272727272727,0.15223127272727277,148.81818181818198
1,256,10,4882.8125,2.851407272727273,2.851407272727273,1392.2727272727273,1392.2727272727273,0.02873745454545462,14.0
1,512,10,2441.40625,8.618482181818182,8.618482181818182,2104.136363636364,2104.136363636364,0.12486254545454756,30.454545454545496
1,1024,10,1220.703125,9.724774545454547,9.724774545454547,1187.1363636363635,1187.1363636363635,0.014642909090907708,1.727272727272748
1,1280,10,976.5625,9.815505454545455,9.815505454545455,958.5454545454545,958.5454545454545,0.005585454545455449,0.5454545454546178
1,1518,10,823.4519104084321,9.909077818181819,9.909077818181819,816.0,816.0,0.005771636363636645,0.5454545454545041
