cores,pkt_sz,target_rate,target_pps,rate_median,rate_mean,pps_median,pps_mean,rate_95ci,pps_95ci
1,64,50,97656.25,0.801784,0.801784,1252.6363636363637,1252.6363636363637,0.015166545454545433,24.0
1,128,50,48828.125,1.4064036363636365,1.4064036363636365,1373.3636363636365,1373.3636363636365,0.19509090909090898,190.36363636363626
1,256,50,24414.0625,2.7194974545454547,2.7194974545454547,1327.8636363636365,1327.8636363636365,0.35535563636363676,173.54545454545473
1,512,50,12207.03125,5.753702545454546,5.753702545454546,1404.7272727272727,1404.7272727272727,0.06118836363636415,14.909090909090992
1,1024,50,6103.515625,12.177533818181818,12.177533818181818,1486.5454545454545,1486.5454545454545,0.33859927272727397,41.27272727272725
1,1280,50,4882.8125,21.348664,21.348664,2084.8636363636365,2084.8636363636365,1.9905352727272714,194.45454545454527
1,1518,50,4117.259552042161,25.796741818181818,25.796741818181818,2124.272727272727,2124.272727272727,0.1421643636363612,11.636363636363512
