cores,pkt_sz,total_mean,total_stdev,total_95ci,total_median,user_mean,user_stdev,user_95ci,user_median,system_mean,system_stdev,system_95ci,system_median
1,64,0.30693681746229434,0.036264137731303596,0.07252827546260719,0.31034482758620685,0.013555946165143544,0.00532039543398893,0.01064079086797786,0.013888888888888888,0.13612656478505283,0.019329692471856407,0.038659384943712814,0.13286713286713286
1,256,0.10566953096899316,0.01961257148147692,0.03922514296295384,0.10734463276836159,0.005425260929036422,0.0035852055971004786,0.007170411194200957,0.005602284853430419,0.03489134776250805,0.009190220485137535,0.01838044097027507,0.0335195530726257
1,512,0.07854417599099768,0.01574932554868918,0.03149865109737836,0.07814498314149515,0.003737798399700218,0.0035507327266221826,0.007101465453244365,0.005333371259528956,0.024986944483685006,0.006307034777212397,0.012614069554424795,0.02191797273764487
1,1518,0.030780486390750112,0.018761598739493242,0.037523197478986484,0.02617801047120416,0.003773101767529277,0.006107646780536124,0.012215293561072248,0.0,0.01916564191241674,0.010198688109604287,0.020397376219208573,0.015789473684210527
