cores,pkt_sz,total_mean,total_stdev,total_95ci,total_median,user_mean,user_stdev,user_95ci,user_median,system_mean,system_stdev,system_95ci,system_median
1,64,0.015355152828548444,0.009571360848320875,0.01914272169664175,0.015267274422459343,0.001988510066603411,0.0032484379884380405,0.006496875976876081,0.0,0.010514620719825608,0.0056237146848101376,0.011247429369620275,0.010230245944531658
1,256,0.013451857839129758,0.005340247897108248,0.010680495794216496,0.015228426395939132,0.00240647096086692,0.002544155794612865,0.00508831158922573,0.0,0.010479183345649816,0.004288392470883722,0.008576784941767444,0.01020408163265306
1,512,0.01542831668658495,0.00652170444150937,0.01304340888301874,0.015228426395939132,0.0045244442573424935,0.003950404672077356,0.007900809344154712,0.005076142131979695,0.009334590635964188,0.004226626748585901,0.008453253497171803,0.01015228426395939
1,1518,0.013574045481380347,0.004900422127035378,0.009800844254070755,0.015228426395939132,0.003816502725736471,0.003027372041393269,0.006054744082786538,0.005076142131979695,0.009471908191658794,0.004318109600389989,0.008636219200779978,0.01015228426395939
