cores,pkt_sz,total_mean,total_stdev,total_95ci,total_median,user_mean,user_stdev,user_95ci,user_median,system_mean,system_stdev,system_95ci,system_median
1,64,0.46446393882843906,0.036572988163160694,0.07314597632632139,0.4563492063492064,0.00502496601731143,0.008980503051888683,0.017961006103777367,0.005434782608695652,0.028253203904466975,0.024891998598050726,0.04978399719610145,0.022239120988267427
1,256,0.5769937178705798,0.03274745839232426,0.06549491678464851,0.5796380090497737,0.005031906052014119,0.004817120714119308,0.009634241428238616,0.0056980519480519486,0.04809829833691965,0.017707799283917167,0.035415598567834335,0.04519774011299435
1,512,0.5820078014396887,0.04549386517208041,0.09098773034416081,0.5845211508145034,0.006670737104589562,0.011281648284797089,0.022563296569594177,0.005424875036753896,0.04059344763891322,0.02218912894278253,0.04437825788556506,0.03891276728029627
1,1518,0.2234753266490635,0.04790782782994346,0.09581565565988692,0.23321845969433624,0.015986664350389184,0.008006103268687597,0.016012206537375194,0.014440621415910751,0.0884136210735362,0.019839177225572244,0.03967835445114449,0.09285714285714286
