cores,pkt_sz,total_mean,total_stdev,total_95ci,total_median,user_mean,user_stdev,user_95ci,user_median,system_mean,system_stdev,system_95ci,system_median
1,64,0.03225200464178177,0.01915883510829524,0.03831767021659048,0.031169041450777202,0.00476694284078909,0.006032112014790716,0.012064224029581431,0.0051813471502590676,0.018809454776238677,0.012568733029953923,0.025137466059907847,0.0158312447786132
1,256,0.019558784885406858,0.0047281031513726176,0.009456206302745235,0.02051282051282055,0.0032815988305459048,0.0029990975727331075,0.005998195145466215,0.00510204081632653,0.010847775479564796,0.004625970725023503,0.009251941450047006,0.010309278350515464
1,512,0.02465725165370111,0.01823317414285121,0.03646634828570242,0.02051282051282055,0.004994194759510056,0.0060630590830139715,0.012126118166027943,0.00510204081632653,0.013682045832309555,0.012579765709312648,0.025159531418625296,0.010309278350515464
1,1518,0.01417921633623149,0.005066418477337734,0.010132836954675468,0.015306122448979553,0.0028352307993352232,0.003053415553173527,0.006106831106347054,0.0025380710659898475,0.010635346733019394,0.004518931918418743,0.009037863836837487,0.010230245944531658
