cores,pkt_sz,target_rate,target_pps,rate_median,rate_mean,pps_median,pps_mean,rate_95ci,pps_95ci
1,64,1,1953.125,0.9574109090909091,0.9574109090909091,1495.9545454545455,1495.9545454545455,0.0008727272727272473,1.3636363636364877
1,256,1,488.28125,0.9294196363636363,0.9294196363636363,453.8181818181818,453.8181818181818,0.0,0.0
1,512,1,244.140625,0.9533767272727272,0.9533767272727272,232.77272727272725,232.77272727272725,0.0002516363636363428,0.09090909090909349
1,1518,1,82.34519104084322,1.05984,1.05984,87.27272727272727,87.27272727272727,0.0,0.0
