cores,pkt_sz,target_rate,target_pps,rate_median,rate_mean,pps_median,pps_mean,rate_95ci,pps_95ci
1,64,100,195312.5,1.4101527272727272,1.4101527272727272,2203.3636363636365,2203.3636363636365,0.5672727272727274,886.3636363636361
1,256,100,48828.125,8.783997818181819,8.783997818181819,4289.045454545454,4289.045454545454,0.40823127272727433,199.36363636363694
1,512,100,24414.0625,23.25255927272727,23.25255927272727,5676.909090909091,5676.909090909091,0.8980203636363626,219.27272727272793
1,1518,100,8234.519104084322,97.57882181818182,97.57882181818182,8035.181818181818,8035.181818181818,0.07421963636363671,6.1818181818180165
