cores,pkt_sz,target_rate,target_pps,rate_median,rate_mean,pps_median,pps_mean,rate_95ci,pps_95ci
1,64,10,19531.25,9.47008,9.47008,14797.0,14797.0,0.001978181818182989,3.0909090909080987
1,256,10,4882.8125,9.279208727272728,9.279208727272728,4530.863636363636,4530.863636363636,0.027741090909092492,13.545454545454959
1,512,10,2441.40625,9.606981818181819,9.606981818181819,2345.454545454545,2345.454545454545,0.005957818181817842,1.4545454545454959
1,1518,10,823.4519104084321,9.916128,9.916128,816.5454545454545,816.5454545454545,0.0,0.0
