cores,pkt_sz,total_mean,total_stdev,total_95ci,total_median,user_mean,user_stdev,user_95ci,user_median,system_mean,system_stdev,system_95ci,system_median
1,64,0.42804638445590526,0.05854155572195251,0.11708311144390501,0.43312101910828027,0.21006024462436715,0.025701399991220446,0.05140279998244089,0.2129032258064516,0.022957640677851745,0.014722844859445281,0.029445689718890562,0.024465060601526263
2,64,0.5525829389438287,0.039018695040252814,0.07803739008050563,0.5607425819481124,0.27931096728471966,0.025461937536167874,0.05092387507233575,0.2804878048780488,0.03856909285138941,0.010565822456964177,0.021131644913928355,0.03680981595092025
3,64,0.5890217208885024,0.03152326820516918,0.06304653641033836,0.5930232558139534,0.2793238996485688,0.020150157353419476,0.04030031470683895,0.28023182957393483,0.049395946272313536,0.01427810661574681,0.02855621323149362,0.04747816286277824
4,64,0.6143915780368224,0.030615180689544046,0.06123036137908809,0.6176470588235294,0.2774394484469553,0.02038588260165257,0.04077176520330514,0.2787878787878788,0.06105277512470845,0.011652641057594023,0.023305282115188047,0.05952380952380952
5,64,0.6374399828566352,0.03011285449400021,0.06022570898800042,0.6453488372093024,0.2777518842824456,0.020988194065519588,0.041976388131039176,0.27906976744186046,0.07355985037917487,0.012679198450733821,0.025358396901467642,0.07386363636363637
