cores,pkt_sz,total_mean,total_stdev,total_95ci,total_median,user_mean,user_stdev,user_95ci,user_median,system_mean,system_stdev,system_95ci,system_median
1,64,0.016637516973001348,0.006663359919156489,0.013326719838312979,0.01538461538461533,0.004694696906898628,0.0034935886185169336,0.006987177237033867,0.00510204081632653,0.010998602731148971,0.004912843720070935,0.00982568744014187,0.010256410256410256
2,64,0.02957975943666395,0.019131949956609114,0.03826389991321823,0.02577319587628868,0.0077487396904064995,0.008116820611787761,0.016233641223575523,0.0051813471502590676,0.020185342261274754,0.01179009216620098,0.02358018433240196,0.020512820512820513
3,64,0.038863112526454906,0.008262003285375238,0.016524006570750475,0.03645833333333337,0.009058276486214198,0.0044973648607434915,0.008994729721486983,0.010256410256410256,0.027735524246082756,0.006773841401461145,0.01354768280292229,0.026041666666666668
4,64,0.05072162049300023,0.009003547077160681,0.018007094154321363,0.05154639175257736,0.010717236096535843,0.004668462432202372,0.009336924864404744,0.010362694300518135,0.0380628865000511,0.00782689622108612,0.01565379244217224,0.03664921465968586
5,64,0.06438688536816295,0.013243594786254193,0.026487189572508386,0.0625,0.011456210535323414,0.005624654069015241,0.011249308138030482,0.010416666666666666,0.050888308561103705,0.01153946322555488,0.02307892645110976,0.05154639175257732
