cores,pkt_sz,total_mean,total_stdev,total_95ci,total_median,user_mean,user_stdev,user_95ci,user_median,system_mean,system_stdev,system_95ci,system_median
1,64,0.47647120910722274,0.10511937612539261,0.21023875225078523,0.5026888715413306,0.10815777643946876,0.09033932261721456,0.1806786452344291,0.10242662016855567,0.018956210645541444,0.012274833822053516,0.024549667644107032,0.021563498982853823
2,64,0.45003797256160044,0.11730953530727997,0.23461907061455994,0.41112380011728755,0.06782661161340676,0.08528857966696204,0.1705771593339241,0.011204569706860838,0.02814590791821962,0.01779947062941571,0.03559894125883142,0.02266307139188495
3,64,0.437294216565782,0.08399524440222586,0.16799048880445172,0.39436507936507936,0.037540705158288085,0.052836949716433955,0.10567389943286791,0.005830953352373181,0.030970007521042862,0.01587069710577697,0.03174139421155394,0.027625152625152624
4,64,0.5449017210149686,0.029259463996726118,0.058518927993452236,0.5432546177227029,0.09873133076269455,0.024225961123206147,0.048451922246412295,0.09809337134711332,0.06119019191501776,0.014289872088898713,0.028579744177797427,0.060274425028523385
5,64,0.5541598880174379,0.05205338616522934,0.10410677233045867,0.5650899379949659,0.09353054738134081,0.03392258895879263,0.06784517791758526,0.1,0.07429387951257584,0.016810532360768623,0.033621064721537246,0.07608695652173914
