cores,pkt_sz,total_mean,total_stdev,total_95ci,total_median,user_mean,user_stdev,user_95ci,user_median,system_mean,system_stdev,system_95ci,system_median
1,64,0.028065091721267085,0.015232019403979082,0.030464038807958164,0.02577319587628868,0.011780033535003964,0.006233671365084114,0.012467342730168227,0.010309278350515464,0.010985834500981518,0.009905052928884321,0.019810105857768642,0.010256410256410256
2,64,0.03805889700203493,0.008097655289615547,0.016195310579231095,0.03645833333333337,0.014095110759478332,0.005003420235937429,0.010006840471874858,0.015384615384615385,0.01682263501283604,0.005693366183953731,0.011386732367907462,0.015544041450777202
3,64,0.050164137406400355,0.015363221458604031,0.030726442917208063,0.04712041884816753,0.01618373905175275,0.006749154033532275,0.01349830806706455,0.015625,0.02519988506257704,0.010813088606458226,0.02162617721291645,0.02577319587628866
4,64,0.0614128807753727,0.009823635711555112,0.019647271423110225,0.06217616580310881,0.016691192693646977,0.005334849574206378,0.010669699148412756,0.015748139983466518,0.0351851051271283,0.008570103849586333,0.017140207699172665,0.03626943005181347
5,64,0.07801920306097558,0.015355337449595689,0.030710674899191378,0.078125,0.019485691625532545,0.006594576363808393,0.013189152727616785,0.0206719726510336,0.04795023535609755,0.011484521864471077,0.022969043728942155,0.046875
