cores,pkt_sz,total_mean,total_stdev,total_95ci,total_median,user_mean,user_stdev,user_95ci,user_median,system_mean,system_stdev,system_95ci,system_median
1,64,0.49013463491363374,0.0838371487437799,0.1676742974875598,0.5271739130434783,0.10113092106182048,0.07251215164622328,0.14502430329244656,0.07650501672240803,0.019372492071541323,0.010597337136900857,0.021194674273801714,0.021505376344086023
2,64,0.4329656044519738,0.07245511405513423,0.14491022811026846,0.39226519337016574,0.026360383264464646,0.041470005282767966,0.08294001056553593,0.011049723756906077,0.01826017114088813,0.011138480927644981,0.022276961855289962,0.016438479553233652
3,64,0.44106642682124275,0.07746791044579596,0.1549358208915919,0.4038432509132627,0.022369180069244925,0.024335931098933644,0.04867186219786729,0.011235955056179775,0.026452907270379897,0.013322004447368765,0.02664400889473753,0.022535390084428363
4,64,0.5366107014816238,0.043965762030624855,0.08793152406124971,0.53551912568306,0.043707869176419625,0.020971710425055877,0.041943420850111754,0.043243243243243246,0.045274157682896894,0.011076207480393948,0.022152414960787896,0.04419889502762431
5,64,0.5733488739074962,0.04191676318136974,0.08383352636273948,0.5730033404190708,0.057229233065734034,0.02049371403637371,0.04098742807274742,0.054945054945054944,0.06372524076012104,0.014379945729925033,0.028759891459850067,0.061972322732177995
