cores,pkt_sz,target_rate,target_pps,rate_median,rate_mean,pps_median,pps_mean,rate_95ci,pps_95ci
1,64,0.1,195.3125,0.09291636363636363,0.0928840404040404,145.1818181818182,145.13131313131314,0.00039216487144993724,0.612757611640531
2,64,0.1,195.3125,0.09297454545454546,0.0929010909090909,145.0909090909091,145.0606060606061,0.0005820641904146648,0.7808544682863777
3,64,0.1,195.3125,0.0928,0.09279838383838385,144.9090909090909,144.89898989898992,0.00031520728851210187,0.5030262463833862
4,64,0.1,195.3125,0.09285818181818183,0.09293624242424242,145.0909090909091,145.0808080808081,0.0006166262543529962,0.6206986462924177
5,64,0.1,195.3125,0.09297454545454546,0.09302028282828283,145.1818181818182,145.21212121212122,0.0002996720147032194,0.37360084866478577
