cores,pkt_sz,target_rate,target_pps,rate_median,rate_mean,pps_median,pps_mean,rate_95ci,pps_95ci
1,64,50,97656.25,9.378734545454545,9.812823999999999,14654.272727272728,15332.50505050505,5.3385063584729995,8341.480593466269
2,64,50,97656.25,6.8695272727272725,9.080508686868686,10733.636363636364,14188.161616161617,8.682795700151106,13566.946806937787
3,64,50,97656.25,10.1632,9.000725656565656,15880.0,14063.535353535353,7.5600559655913155,11812.701124948539
4,64,50,97656.25,2.8667534545454547,2.9037322020202017,4479.0,4536.949494949495,0.23108257379701347,361.11350200522355
5,64,50,97656.25,2.931549090909091,3.6597317171717174,4580.545454545455,5718.232323232323,2.911822447540299,4549.651504922464
