cores,pkt_sz,target_rate,target_pps,rate_median,rate_mean,pps_median,pps_mean,rate_95ci,pps_95ci
1,64,1,1953.125,0.957149090909091,0.9572287676767677,1495.4545454545455,1495.6363636363635,0.00433173562842142,6.771083116816732
2,64,1,1953.125,0.953250909090909,0.9539790707070708,1489.2727272727273,1490.4949494949497,0.0033365289296877405,5.106118054607957
3,64,1,1953.125,0.9547054545454546,0.9544775757575759,1491.7272727272727,1491.272727272727,0.0035118527970221802,5.636689465981287
4,64,1,1953.125,0.9536,0.9541910303030302,1490.0,1490.858585858586,0.0030863344019084983,4.744421971417963
5,64,1,1953.125,0.9531927272727273,0.953652202020202,1489.3636363636363,1489.949494949495,0.0026204815738349652,4.360361659384812
