cores,pkt_sz,target_rate,target_pps,rate_median,rate_mean,pps_median,pps_mean,rate_95ci,pps_95ci
1,64,0.5,976.5625,0.47854545454545455,0.47850230303030306,747.7272727272727,747.6262626262626,0.0031642339897620057,4.865458504659702
2,64,0.5,976.5625,0.4786618181818182,0.47832977777777774,747.9090909090909,747.2929292929292,0.004142826463690497,6.4776384601493335
3,64,0.5,976.5625,0.4763469090909091,0.47650101010101015,744.2727272727273,744.4343434343434,0.002643962983233393,4.207455691941747
4,64,0.5,976.5625,0.4764050909090909,0.47684363636363636,744.3636363636364,744.969696969697,0.001786747779911157,2.661151321224267
5,64,0.5,976.5625,0.47668363636363636,0.47694917171717166,744.8181818181819,745.1010101010102,0.0018638432729573423,2.9795069195291255
