cores,pkt_sz,total_mean,total_stdev,total_95ci,total_median,user_mean,user_stdev,user_95ci,user_median,system_mean,system_stdev,system_95ci,system_median
1,64,0.1253110181904612,0.0012948958691294684,0.0025897917382589368,0.12531328320802004,0.06296835368926737,0.003268658745153915,0.00653731749030783,0.06265664160401002,0.06234266450119389,0.003092567502595099,0.006185135005190198,0.06265664160401002
1,128,0.125222779791749,0.0016613193265805795,0.003322638653161159,0.12531328320802004,0.062436033942932685,0.003428695439238191,0.006857390878476382,0.0625,0.06278674584881634,0.0033514765929588655,0.006702953185917731,0.06265664160401002
1,256,0.125170960250261,0.0014692187508682157,0.0029384375017364314,0.12515664160401002,0.0634521398189992,0.007473207886069402,0.014946415772138804,0.06483790523690773,0.06171882043126185,0.007526527660965589,0.015053055321931179,0.06022594173876903
1,512,0.12519863263845635,0.0010237637211480532,0.0020475274422961064,0.125,0.06559134461708965,0.00879411908706022,0.01758823817412044,0.06508145363408521,0.05960728802136671,0.00929769147059912,0.01859538294119824,0.06
1,1024,0.12518949573942056,0.0011201516988009897,0.0022403033976019795,0.125,0.0651711559191361,0.008904379668928975,0.01780875933785795,0.065,0.06001833982028448,0.009131738566233042,0.018263477132466083,0.06
1,1280,0.12512057268877613,0.001120154020443911,0.002240308040887822,0.125,0.06315352248380365,0.0075784242895596335,0.015156848579119267,0.0625,0.06196705020497248,0.007364933310685798,0.014729866621371596,0.0625
1,1518,0.12512892690765662,0.001231710433677035,0.00246342086735407,0.125,0.06391986542688785,0.008409502156694131,0.016819004313388262,0.06265664160401002,0.061209061480768816,0.00825748625493168,0.01651497250986336,0.0625
