cores,pkt_sz,total_mean,total_stdev,total_95ci,total_median,user_mean,user_stdev,user_95ci,user_median,system_mean,system_stdev,system_95ci,system_median
1,64,0.12516386831532536,0.0011750712389074908,0.0023501424778149815,0.125,0.06411067960965802,0.007247720055862977,0.014495440111725953,0.06257832080200501,0.06105318870566739,0.007360964274017636,0.014721928548035272,0.0625
1,128,0.12509455168304562,0.0009576529484595477,0.0019153058969190954,0.125,0.06890424983411782,0.01061039057328133,0.02122078114656266,0.0675,0.05619030184892779,0.010725040091956212,0.021450080183912423,0.05757205513784461
1,256,0.12514641876068708,0.0011634347930936694,0.0023268695861873388,0.125,0.06270931957007758,0.0071709865668350995,0.014341973133670199,0.06265664160401002,0.062367827924330786,0.006940339820117474,0.013880679640234948,0.0625
1,512,0.1250856342157694,0.0012489960344229149,0.0024979920688458297,0.125,0.06466166845834453,0.008822119735412042,0.017644239470824084,0.06516290726817042,0.06042396575742489,0.008803783990617563,0.017607567981235125,0.05992518703241895
1,1024,0.12514576913045783,0.0012376853134748317,0.0024753706269496634,0.125,0.06743349784346514,0.008475534315813663,0.016951068631627327,0.06624540613515338,0.05771227128699272,0.008670311338801402,0.017340622677602804,0.05977593330107567
1,1280,0.1251441207765382,0.0016802711571424513,0.0033605423142849026,0.125,0.06958954023192035,0.01430219465032538,0.02860438930065076,0.06775418445611517,0.05555458054461785,0.014427641172094089,0.028855282344188177,0.05520711326053828
1,1518,0.12508611163954297,0.0007882410340352067,0.0015764820680704134,0.125,0.06556258812063459,0.008812223356664737,0.017624446713329474,0.065,0.059523523518908376,0.008711483684350749,0.017422967368701497,0.06
