cores,pkt_sz,total_mean,total_stdev,total_95ci,total_median,user_mean,user_stdev,user_95ci,user_median,system_mean,system_stdev,system_95ci,system_median
1,64,0.12515490319848066,0.0012942731006427982,0.0025885462012855964,0.125,0.06541964688359354,0.009556613874576356,0.019113227749152712,0.065,0.05973525631488715,0.009376975594173633,0.018753951188347266,0.06015037593984962
1,128,0.1251034290318481,0.0009910653822338435,0.001982130764467687,0.125,0.06738142026582111,0.009698301922511258,0.019396603845022516,0.06625,0.057722008766027004,0.009663168680689498,0.019326337361378995,0.05882205513784461
1,256,0.12509411949232618,0.0010693243319282106,0.002138648663856421,0.125,0.06467109390012118,0.011664101699430461,0.023328203398860922,0.0625,0.06042302559220504,0.011991399446791545,0.02398279889358309,0.0625
1,512,0.12508467931939257,0.0011257082009766585,0.002251416401953317,0.125,0.062441361202703,0.010549555606495023,0.021099111212990046,0.0625,0.0626433181166896,0.010890548461824712,0.021781096923649424,0.0625
1,1024,0.12514550882557854,0.0014741558239946381,0.0029483116479892763,0.125,0.06465566606282788,0.009638148296390637,0.019276296592781274,0.06375,0.0604898427627507,0.009711858855058552,0.019423717710117104,0.06132518796992481
1,1280,0.12508472230794299,0.0014104687881458444,0.0028209375762916888,0.125,0.06354775563002525,0.010794426860218033,0.021588853720436067,0.06234413965087282,0.06153696667791775,0.010844285706429818,0.021688571412859636,0.06257832080200501
1,1518,0.12513567593907066,0.0013551510236318955,0.002710302047263791,0.125,0.0686069364912994,0.009695731595690182,0.019391463191380364,0.06741583541147132,0.056528739447771224,0.009547910148797235,0.01909582029759447,0.05757205513784461
