cores,pkt_sz,total_mean,total_stdev,total_95ci,total_median,user_mean,user_stdev,user_95ci,user_median,system_mean,system_stdev,system_95ci,system_median
1,64,0.12754449265099754,0.0010555541011742107,0.0021111082023484214,0.12722646310432573,0.06236023625252878,0.0031226863168125553,0.006245372633625111,0.061224489795918366,0.06497257108196695,0.0029864220405469927,0.005972844081093985,0.06488267895990885
1,128,0.12660550045871385,0.00114595157945634,0.00229190315891268,0.12658227848101267,0.06263503226206092,0.0029024487439879274,0.005804897487975855,0.06313131313131314,0.06397046819665299,0.0027876850847093544,0.005575370169418709,0.06329113924050633
1,256,0.1261610407531276,0.0012566591657799467,0.0025133183315598933,0.12594458438287148,0.062032562619329705,0.002462415713781798,0.004924831427563596,0.06297229219143577,0.06398889131079401,0.0027676042760251527,0.0055352085520503054,0.06297229219143577
1,512,0.12586109282197058,0.001278374682326929,0.002556749364653858,0.12562814070351758,0.06254834176850047,0.0034235968635153344,0.006847193727030669,0.06281407035175879,0.06310389558145682,0.0035708001166440285,0.007141600233288057,0.06281407035175879
1,1024,0.12552888066975598,0.00164714935103008,0.00329429870206016,0.12531328320802004,0.06377268968544886,0.003100776492272527,0.006201552984545054,0.06281407035175879,0.06161695312836075,0.0028589186632020725,0.005717837326404145,0.06242206982543641
1,1280,0.12532093949278553,0.001142164514593125,0.00228432902918625,0.12531328320802004,0.06331966939263288,0.00424490033653577,0.00848980067307154,0.06265664160401002,0.061931825655708234,0.0037853847181695014,0.007570769436339003,0.0625
1,1518,0.12539795559259295,0.0014217355227469366,0.002843471045493873,0.12531328320802004,0.06503163672890974,0.005080494086779159,0.010160988173558318,0.06508145363408521,0.06029687441923887,0.005182034913658333,0.010364069827316667,0.06015037593984962
