cores,pkt_sz,total_mean,total_stdev,total_95ci,total_median,user_mean,user_stdev,user_95ci,user_median,system_mean,system_stdev,system_95ci,system_median
1,64,0.1252332683850107,0.0012423411370417517,0.0024846822740835035,0.125,0.06772098271794756,0.00833161226920345,0.0166632245384069,0.06508145363408521,0.05751228566706321,0.00825397249065698,0.01650794498131396,0.05874724217026356
1,128,0.12517091739465747,0.0015323489847392277,0.0030646979694784553,0.125,0.06543087123269256,0.007498045154737757,0.014996090309475515,0.06508145363408521,0.059740046161964946,0.007338483118481299,0.014676966236962598,0.06
1,256,0.12515347175615718,0.001633141244621275,0.00326628248924255,0.125,0.06661027330272269,0.009495872872975618,0.018991745745951236,0.06516290726817042,0.05854319845343451,0.010038329298926943,0.020076658597853885,0.05992518703241895
1,512,0.12503259426456173,0.0014712926960380535,0.002942585392076107,0.125,0.06599738354275436,0.013237205767103258,0.026474411534206516,0.06015037593984962,0.05903521072180743,0.013539982090995543,0.027079964181991087,0.06508145363408521
1,1024,0.125154731860086,0.0011227757864528504,0.002245551572905701,0.125,0.06590983117619018,0.01102088372918164,0.02204176745836328,0.06257832080200501,0.059244900683895874,0.011092561745296872,0.022185123490593744,0.0625
1,1280,0.12515390773006776,0.0014386212319812447,0.0028772424639624894,0.125,0.06779414932063593,0.013533751238148704,0.027067502476297408,0.06265664160401002,0.05735975840943183,0.013777782269392577,0.027555564538785153,0.06132518796992481
1,1518,0.12503276884846795,0.0012301831090235924,0.0024603662180471848,0.125,0.0640411167551656,0.010739315310493895,0.02147863062098779,0.0625,0.0609916520933024,0.010518189044319684,0.021036378088639368,0.0625
