cores,pkt_sz,target_rate,target_pps,rate_median,rate_mean,pps_median,pps_mean,rate_95ci,pps_95ci
1,64,10,19531.25,9.614429090909091,9.614429090909091,15022.545454545454,15022.545454545454,0.0,0.0
1,128,10,9765.625,8.728203636363636,8.728203636363636,8523.636363636364,8523.636363636364,0.0,0.0
1,256,10,4882.8125,9.353900363636363,9.353900363636363,4567.318181818182,4567.318181818182,0.0002516363636360097,0.09090909090900823
1,512,10,2441.40625,9.69945381818182,9.69945381818182,2368.0454545454545,2368.0454545454545,0.0002516363636377861,0.09090909090900823
1,1024,10,1220.703125,9.866272727272726,9.866272727272726,1204.409090909091,1204.409090909091,0.0002516363636377861,0.0909090909092356
1,1280,10,976.5625,9.890104000000001,9.890104000000001,965.8636363636364,965.8636363636364,0.0002516363636377861,0.09090909090900823
1,1518,10,823.4519104084321,10.03327781818182,10.03327781818182,826.2272727272727,826.2272727272727,0.0002516363636377861,0.09090909090912191
