cores,pkt_sz,target_rate,target_pps,rate_median,rate_mean,pps_median,pps_mean,rate_95ci,pps_95ci
1,64,50,97656.25,48.08716254545455,48.08716254545455,75136.04545454546,75136.04545454546,0.00024509090908964026,0.09090909091173671
1,128,50,48828.125,43.664972,43.664972,42641.5,42641.5,0.00024509090908964026,0.09090909091173671
1,256,50,24414.0625,46.82857345454545,46.82857345454545,22865.5,22865.5,0.0002450909090967457,0.09090909091173671
1,512,50,12207.03125,48.568256363636365,48.568256363636365,11857.5,11857.5,0.00024509090908253484,0.09090909090809873
1,1024,50,6103.515625,49.52150727272728,49.52150727272728,6045.136363636364,6045.136363636364,0.0002450909090967457,0.09090909090900823
1,1280,50,4882.8125,49.71799272727273,49.71799272727273,4855.272727272727,4855.272727272727,0.05957818181818908,5.8181818181819835
1,1518,50,4117.259552042161,49.883136,49.883136,4107.636363636364,4107.636363636364,0.0,0.0
