cores,pkt_sz,target_rate,target_pps,rate_median,rate_mean,pps_median,pps_mean,rate_95ci,pps_95ci
1,64,0.5,976.5625,0.4803490909090909,0.4803490909090909,750.5454545454545,750.5454545454545,0.0,0.0
1,128,0.5,488.28125,0.4349207272727273,0.4349207272727273,424.72727272727275,424.72727272727275,0.0,0.0
1,256,0.5,244.140625,0.46483236363636365,0.46483236363636365,226.95454545454544,226.95454545454544,0.00024509090909097253,0.09090909090909349
1,512,0.5,122.0703125,0.476748,0.476748,116.4090909090909,116.4090909090909,0.00024509090909097253,0.09090909090909349
1,1024,0.5,61.03515625,0.476748,0.476748,58.22727272727273,58.22727272727273,0.00024509090909097253,0.09090909090909349
1,1280,0.5,48.828125,0.5065370909090909,0.5065370909090909,49.5,49.5,0.05982327272727278,5.9090909090909065
1,1518,0.5,41.17259552042161,0.5300425454545454,0.5300425454545454,43.68181818181819,43.68181818181819,0.07041090909090908,5.727272727272727
