cores,pkt_sz,total_mean,total_stdev,total_95ci,total_median,user_mean,user_stdev,user_95ci,user_median,system_mean,system_stdev,system_95ci,system_median
2,64,0.029950411676418334,0.007725177143148491,0.015450354286296982,0.028326955782312924,0.0051417321693246094,0.004714397826939052,0.009428795653878105,0.005128205128205128,0.022809881453538475,0.0062985694758929565,0.012597138951785913,0.025445457370765565
2,256,0.02641203850787271,0.011162998154309075,0.02232599630861815,0.02564102564102566,0.004983739367047894,0.0033005423214905907,0.0066010846429811814,0.005128205128205128,0.018544913866906532,0.0048478753764693225,0.009695750752938645,0.020460491889063317
2,512,0.02339850608838582,0.006236543256083809,0.012473086512167619,0.025510204081632626,0.003993062344550743,0.0036458701166139267,0.007291740233227853,0.005128205128205128,0.0186902097825278,0.0058660728161574645,0.011732145632314929,0.018028430981798856
2,1518,0.023511632007582203,0.005603753120135438,0.011207506240270875,0.020618556701030966,0.003705284886825849,0.0031015353011337953,0.006203070602267591,0.005128205128205128,0.019379723479846973,0.005605197944377618,0.011210395888755236,0.02040816326530612
