cores,pkt_sz,total_mean,total_stdev,total_95ci,total_median,user_mean,user_stdev,user_95ci,user_median,system_mean,system_stdev,system_95ci,system_median
2,64,0.05281569003285633,0.025787497233754845,0.05157499446750969,0.046875,0.005778346721767779,0.00870577514164593,0.01741155028329186,0.005208333333333333,0.032795274711826396,0.01557613342066056,0.03115226684132112,0.03125
2,256,0.03182906810291011,0.0066501716238007895,0.013300343247601579,0.031088082901554404,0.005444931004562369,0.0034089503623530187,0.006817900724706037,0.0051813471502590676,0.01964081625484616,0.005179239994372167,0.010358479988744333,0.020618556701030927
2,512,0.0322011608650742,0.009794559284384344,0.019589118568768688,0.030927835051546393,0.00457473337301671,0.004337114443004034,0.008674228886008068,0.005128205128205128,0.022050107486575137,0.006450410406780102,0.012900820813560204,0.0206719726510336
2,1518,0.025814776206745674,0.0068471860101003215,0.013694372020200643,0.02570711075865717,0.005848039703227831,0.004551435038351619,0.009102870076703238,0.0051679931627584,0.018971009562773714,0.006057323835402998,0.012114647670805997,0.02040816326530612
