cores,pkt_sz,total_mean,total_stdev,total_95ci,total_median,user_mean,user_stdev,user_95ci,user_median,system_mean,system_stdev,system_95ci,system_median
2,64,0.4857562991204534,0.056129772767865876,0.11225954553573175,0.4845416455053327,0.007174498837571799,0.009655869567053674,0.019311739134107348,0.005509683686479267,0.0476743386008546,0.03626346601361756,0.07252693202723512,0.041715811037308335
2,256,0.5401263567399337,0.12437882709120676,0.24875765418241352,0.5623235113566605,0.00911767275652791,0.006074828558553523,0.012149657117107046,0.010869886279722345,0.10799490303235984,0.03362904841156545,0.0672580968231309,0.10510335917312662
2,512,0.5945017176998999,0.04334508220325649,0.08669016440651298,0.579730505453337,0.010840498345068698,0.011316609430159994,0.02263321886031999,0.006081780538302277,0.1113999655840166,0.03240613203574409,0.06481226407148818,0.11580207501995211
2,1518,0.3235811801958406,0.06555943770456622,0.13111887540913245,0.31506849315068497,0.022497253646425124,0.010967386827848834,0.021934773655697667,0.020980046948356805,0.13164467286999137,0.023972981212309414,0.04794596242461883,0.13121067203624465
