cores,pkt_sz,target_rate,target_pps,rate_median,rate_mean,pps_median,pps_mean,rate_95ci,pps_95ci
2,64,100,195312.5,1.347490909090909,1.347490909090909,2105.4545454545455,2105.4545454545455,0.7870836363636363,1229.818181818182
2,256,100,48828.125,8.164105454545455,8.164105454545455,3986.363636363636,3986.363636363636,0.4188436363636363,204.5454545454545
2,512,100,24414.0625,15.776986909090908,15.776986909090908,3851.818181818182,3851.818181818182,0.31862254545454327,77.81818181818153
2,1518,100,8234.519104084322,96.96334181818182,96.96334181818182,7984.5,7984.5,0.2740436363636434,22.636363636363967
