cores,pkt_sz,target_rate,target_pps,rate_median,rate_mean,pps_median,pps_mean,rate_95ci,pps_95ci
2,64,10,19531.25,9.00399490909091,9.00399490909091,14068.590909090908,14068.590909090908,0.2306516363636355,360.0909090909099
2,256,10,4882.8125,8.676664,8.676664,4236.636363636364,4236.636363636364,0.1164843636363635,56.90909090909099
2,512,10,2441.40625,8.956216000000001,8.956216000000001,2186.590909090909,2186.590909090909,0.047914181818184076,11.727272727272975
2,1518,10,823.4519104084321,9.876936,9.876936,813.3181818181819,813.3181818181819,0.012144000000001043,1.0
