cores,pkt_sz,target_rate,target_pps,rate_median,rate_mean,pps_median,pps_mean,rate_95ci,pps_95ci
2,64,1,1953.125,0.9427876363636363,0.9427876363636363,1472.9545454545455,1472.9545454545455,0.0006792727272727506,1.3636363636364877
2,256,1,488.28125,0.9202967272727272,0.9202967272727272,449.3636363636364,449.3636363636364,0.005213090909090945,2.545454545454561
2,512,1,244.140625,0.9171316363636364,0.9171316363636364,223.9090909090909,223.9090909090909,0.02308654545454547,5.636363636363626
2,1518,1,82.34519104084322,1.0461658181818183,1.0461658181818183,86.18181818181819,86.18181818181819,0.027851636363636523,2.3636363636363598
