cores,pkt_sz,target_rate,target_pps,rate_median,rate_mean,pps_median,pps_mean,rate_95ci,pps_95ci
2,64,0.1,195.3125,0.09157818181818182,0.09157818181818182,143.0909090909091,143.0909090909091,0.0029090909090909167,4.545454545454561
2,256,0.1,48.828125,0.07931345454545455,0.07931345454545455,38.72727272727273,38.72727272727273,0.008192000000000005,4.0
2,512,0.1,24.4140625,0.07161963636363636,0.07161963636363636,17.5,17.5,0.00025163636363637054,0.09090909090909349
2,1518,0.1,8.234519104084322,0.141312,0.141312,11.636363636363637,11.636363636363637,0.0,0.0
