cores,pkt_sz,total_mean,total_stdev,total_95ci,total_median,user_mean,user_stdev,user_95ci,user_median,system_mean,system_stdev,system_95ci,system_median
1,64,0.05509590710691745,0.0033479242204919983,0.006695848440983997,0.05562587904360056,0.053514783811120244,0.003250413512348996,0.006500827024697992,0.0532994923857868,0.0014560620916224903,0.0012853612320254135,0.002570722464050827,0.0025252525252525255
2,64,0.0619492337374383,0.0022862441333976868,0.0045724882667953735,0.06153846153846154,0.05875835766852754,0.0020384601366864466,0.004076920273372893,0.058823529411764705,0.0026860021691371473,0.0013264010288566875,0.002652802057713375,0.002564102564102564
3,64,0.12685263200387134,0.017905072799357324,0.03581014559871465,0.1300909040671972,0.11989459446701345,0.017125959229688143,0.034251918459376286,0.12319811463357656,0.006459098473896247,0.0018024760436883068,0.0036049520873766136,0.007772020725388601
4,64,0.2615462519628169,0.035178116100224435,0.07035623220044887,0.2613923868667702,0.24151349790313684,0.032155259287224826,0.06431051857444965,0.24128686327077747,0.018258435921199127,0.0034667446611111813,0.006933489322222363,0.018666666666666668
5,64,0.11636621446171994,0.06353876209539289,0.12707752419078577,0.09768637532133673,0.10752817609113303,0.05993623612990709,0.11987247225981418,0.09020618556701031,0.0074539592689462485,0.003716360246830304,0.007432720493660608,0.0076726342710997444
6,64,0.11019972637509531,0.004025892006282371,0.008051784012564742,0.11053984575835474,0.10116453364888785,0.0037585596637126333,0.007517119327425267,0.10064532885798769,0.007496616284650562,0.0019835840678012594,0.003967168135602519,0.007712082262210797
7,64,0.3470938607649015,0.03880708269425521,0.07761416538851042,0.34615460480896304,0.2893296232203486,0.03414358767446406,0.06828717534892811,0.28841175574843914,0.021048030833498176,0.00340151838939552,0.00680303677879104,0.020460358056265986
8,64,0.4103346788179654,0.03858829751158997,0.07717659502317994,0.42948671588899334,0.3417558419333186,0.03324696125632943,0.06649392251265886,0.35668614086335604,0.02746138094315995,0.003465565923883483,0.006931131847766966,0.027918781725888325
