cores,pkt_sz,total_mean,total_stdev,total_95ci,total_median,user_mean,user_stdev,user_95ci,user_median,system_mean,system_stdev,system_95ci,system_median
1,64,0.12267942102735707,0.0028770916847824504,0.005754183369564901,0.12213740458015265,0.11936094711962514,0.002330500310075383,0.004661000620150766,0.11959287531806616,0.0023177561182305757,0.0011743182689611476,0.002348636537922295,0.0025380710659898475
2,64,0.12978025931844933,0.0034500130040574636,0.006900026008114927,0.1297709923664122,0.12319058269435265,0.0034273866704426005,0.006854773340885201,0.12276214833759591,0.005426307180460321,0.00149428595445678,0.00298857190891356,0.00510204081632653
3,64,0.1352099863278438,0.00347950699856154,0.00695901399712308,0.13589743589743586,0.12693251811881645,0.0031003331766905917,0.006200666353381183,0.12628865979381443,0.006738239742811819,0.001616551362372518,0.003233102724745036,0.0076726342710997444
4,64,0.1589381237011734,0.004394540510603461,0.008789081021206922,0.15803108808290156,0.14543914144771222,0.003751039954112385,0.00750207990822477,0.14545454545454545,0.009320957315334541,0.0017395400281774373,0.0034790800563548746,0.010282776349614395
5,64,0.19492313240930154,0.004544338010189812,0.009088676020379624,0.1945528564699549,0.18145147511225063,0.004417287323936156,0.008834574647872313,0.18134715025906736,0.009898225189037393,0.0019270470810682297,0.0038540941621364594,0.010309278350515464
6,64,0.218709876860774,0.005716323273723878,0.011432646547447757,0.21875,0.20255297615963547,0.0055855190748718584,0.011171038149743717,0.20284111775114347,0.011424412089293463,0.0022251633465912063,0.004450326693182413,0.010498687664041995
7,64,0.33303114182666005,0.02574023347214099,0.05148046694428198,0.32584259155351064,0.2801501870209415,0.02280209414036321,0.04560418828072642,0.27397302762993014,0.018398259018681404,0.0026320698186488418,0.0052641396372976835,0.017587939698492462
8,64,0.3756737383842078,0.029714993847341595,0.05942998769468319,0.3784461152882206,0.3174415531963448,0.026429270616554385,0.05285854123310877,0.3196009975062344,0.021489324713094702,0.0032787288042549125,0.006557457608509825,0.02230486696312311
