cores,pkt_sz,total_mean,total_stdev,total_95ci,total_median,user_mean,user_stdev,user_95ci,user_median,system_mean,system_stdev,system_95ci,system_median
1,64,0.002238906706856868,0.0019360944574196594,0.003872188914839319,0.0025188916876573986,0.0012131966880654637,0.0013486630522868198,0.0026973261045736396,0.0,0.0009791027462396022,0.0012891595131034972,0.0025783190262069944,0.0
2,64,0.005329815487758103,0.0031762738372283134,0.006352547674456627,0.005076142131979711,0.0022667202824509756,0.0017225327676136648,0.0034450655352273297,0.0025380710659898475,0.0030319190493980144,0.0021144148319817676,0.004228829663963535,0.002544529262086514
3,64,0.016614324814508506,0.007783935770493181,0.015567871540986362,0.015228426395939132,0.005793748202382865,0.0029253983312948085,0.005850796662589617,0.005089058524173028,0.010742831262698363,0.005350837139378739,0.010701674278757478,0.01015228426395939
4,64,0.03019847509597332,0.01210451419461253,0.02420902838922506,0.027848101265822822,0.01170555424223362,0.005408403410714107,0.010816806821428214,0.010178117048346057,0.01846250816478683,0.007525832349954851,0.015051664699909702,0.017632241813602016
5,64,0.036195673880323194,0.014083911063698103,0.028167822127396207,0.0330788804071247,0.012475570473500392,0.004829847811955847,0.009659695623911694,0.012531328320802004,0.023657470258190594,0.010633801405137247,0.021267602810274493,0.02040816326530612
6,64,0.04765192155058091,0.011745871407890757,0.023491742815781515,0.04580152671755722,0.015214178753154967,0.00518062774523388,0.01036125549046776,0.015228426395939087,0.03234404892826588,0.008521939342189427,0.017043878684378854,0.030690537084398978
7,64,0.05759384991750346,0.015886989244560158,0.031773978489120315,0.058449903772878176,0.013731431787197997,0.005374660456438626,0.010749320912877253,0.012755102040816327,0.043672726096447796,0.012416358629834144,0.024832717259668288,0.04336734693877551
8,64,0.018136717718252062,0.014978605196261143,0.029957210392522287,0.01349530123115028,0.0055600044717554874,0.004624708795146242,0.009249417590292484,0.005333333333333333,0.012364428046112468,0.010894775519671556,0.021789551039343113,0.0106951871657754
