cores,pkt_sz,total_mean,total_stdev,total_95ci,total_median,user_mean,user_stdev,user_95ci,user_median,system_mean,system_stdev,system_95ci,system_median
1,64,0.298780386907787,0.06730309857194715,0.1346061971438943,0.2755102040816326,0.0028221995529620213,0.0037544088171682167,0.007508817634336433,0.0,0.011121120513849137,0.008750095301501105,0.01750019060300221,0.010309278350515464
