cores,pkt_sz,total_mean,total_stdev,total_95ci,total_median,user_mean,user_stdev,user_95ci,user_median,system_mean,system_stdev,system_95ci,system_median
1,64,0.3115181777984438,0.07148511748554848,0.14297023497109695,0.2860732232591529,0.0029848217588501476,0.0034982910042245406,0.006996582008449081,0.0,0.01279034066514383,0.007292746842259898,0.014585493684519796,0.010526315789473684
