cores,pkt_sz,total_mean,total_stdev,total_95ci,total_median,user_mean,user_stdev,user_95ci,user_median,system_mean,system_stdev,system_95ci,system_median
1,64,0.22674364199946506,0.10343191306635637,0.20686382613271273,0.18580676096859267,0.002772127838360961,0.005094687817592837,0.010189375635185674,0.0,0.009954169498932687,0.010813974598421514,0.02162794919684303,0.010416666666666666
