cores,pkt_sz,total_mean,total_stdev,total_95ci,total_median,user_mean,user_stdev,user_95ci,user_median,system_mean,system_stdev,system_95ci,system_median
1,64,0.3345290605119572,0.10961628103214631,0.21923256206429262,0.28125,0.0028415071594617082,0.003153068125628408,0.006306136251256816,0.0,0.011713812259819179,0.009821745922902943,0.019643491845805886,0.010416666666666666
