cores,pkt_sz,total_mean,total_stdev,total_95ci,total_median,user_mean,user_stdev,user_95ci,user_median,system_mean,system_stdev,system_95ci,system_median
1,64,0.2721333272935503,0.00991007763673612,0.01982015527347224,0.27040816326530615,0.0031760854095741545,0.0033466261691631276,0.006693252338326255,0.005050505050505051,0.012267175084541258,0.005507462716977163,0.011014925433954326,0.010309278350515464
