cores,pkt_sz,total_mean,total_stdev,total_95ci,total_median,user_mean,user_stdev,user_95ci,user_median,system_mean,system_stdev,system_95ci,system_median
1,64,0.033534897691515735,0.017467721957910045,0.03493544391582009,0.03076923076923077,0.0010402348345212658,0.002275121177331274,0.004550242354662548,0.0,0.004349528474494682,0.006552148293685992,0.013104296587371984,0.005076142131979695
