cores,pkt_sz,mwatt_mean,mwatt_stdev,mwatt_95ci,mwatt_median
1,64,1940.191111111111,294.29376189677896,11.128837048984565,1861.0
