cores,pkt_sz,mwatt_mean,mwatt_stdev,mwatt_95ci,mwatt_median
1,64,1943.285925925926,313.973010909693,11.873015770611346,1856.0
