cores,pkt_sz,target_rate,target_pps,rate_median,rate_mean,pps_median,pps_mean,rate_95ci,pps_95ci
1,64,1,1953.125,0.31776218181818183,0.3169720404040404,495.90909090909093,495.0707070707071,0.014223780118531086,22.38699244816954
