cores,pkt_sz,target_rate,target_pps,rate_median,rate_mean,pps_median,pps_mean,rate_95ci,pps_95ci
1,64,100,195312.5,0.23348363636363637,0.23205260606060607,364.8181818181818,362.48484848484856,0.04986570647828537,77.99611489935856
