cores,pkt_sz,target_rate,target_pps,rate_median,rate_mean,pps_median,pps_mean,rate_95ci,pps_95ci
1,64,0.1,195.3125,0.09309090909090909,0.09303022222222222,145.1818181818182,145.16161616161617,0.0006169285400996058,0.6626755340144229
