cores,pkt_sz,target_rate,target_pps,rate_median,rate_mean,pps_median,pps_mean,rate_95ci,pps_95ci
1,64,50,97656.25,0.25925818181818183,0.25692630303030306,405.09090909090907,401.28282828282823,0.027420853996194657,43.13920870177812
