cores,pkt_sz,target_rate,target_pps,rate_median,rate_mean,pps_median,pps_mean,rate_95ci,pps_95ci
1,64,0.5,976.5625,0.3732094545454545,0.39050739393939393,582.5454545454545,609.9696969696969,0.09298850855061778,145.2175847608797
