cores,pkt_sz,total_mean,total_stdev,total_95ci,total_median,user_mean,user_stdev,user_95ci,user_median,system_mean,system_stdev,system_95ci,system_median
7,64,0.20646843408597598,0.025419921491727913,0.05083984298345583,0.21618079529471934,0.1133905507277685,0.014100699466806595,0.02820139893361319,0.1189873417721519,0.04033836630871391,0.007073740915788104,0.014147481831576207,0.04030252271458302
7,256,0.26593493674629864,0.005411501494537672,0.010823002989075344,0.26525198938992045,0.13448222444640567,0.004360485589678411,0.008720971179356822,0.13404825737265416,0.06594564187358627,0.0036687725652109916,0.007337545130421983,0.06640117952480389
7,512,0.15928988699511504,0.0046413453437255375,0.009282690687451075,0.16015394527143878,0.0775102427920096,0.004232306915466208,0.008464613830932416,0.07701878174319118,0.048019346505415374,0.0040211987157126585,0.008042397431425317,0.047244094488188976
7,1518,0.08253274036520346,0.004874248890703167,0.009748497781406334,0.08224258289703318,0.03445885110075412,0.0035969964739183675,0.007193992947836735,0.033986986179650874,0.032577723402055905,0.003278238296400925,0.00655647659280185,0.033635243871416906
