cores,pkt_sz,total_mean,total_stdev,total_95ci,total_median,user_mean,user_stdev,user_95ci,user_median,system_mean,system_stdev,system_95ci,system_median
7,64,0.12088203079630228,0.004998357534390602,0.009996715068781204,0.12144702842377264,0.05637416873098844,0.004716313487301867,0.009432626974603734,0.056555269922879174,0.04235481123348448,0.00399804359193853,0.00799608718387706,0.04268260025440182
7,256,0.0602357457547231,0.00644746285651257,0.01289492571302514,0.05974025974025976,0.021566111528820847,0.0036741237386765774,0.007348247477353155,0.02201198762308121,0.03270163357845214,0.005303342772153082,0.010606685544306164,0.033376178234790055
7,512,0.0607720835069692,0.00716032266249043,0.01432064532498086,0.0613810741687979,0.018251754438008336,0.004038754106247768,0.008077508212495536,0.01801804786261363,0.03910858314037311,0.0067920001900205204,0.013584000380041041,0.03958306146417852
7,1518,0.05605920055801709,0.010471465530224499,0.020942931060448998,0.056194216817161635,0.014486528898017754,0.004949894613642631,0.009899789227285263,0.013922634887577615,0.04008763856424622,0.007893592187397259,0.015787184374794518,0.04055825429871232
