cores,pkt_sz,total_mean,total_stdev,total_95ci,total_median,user_mean,user_stdev,user_95ci,user_median,system_mean,system_stdev,system_95ci,system_median
7,64,0.05632508448641212,0.006914862579428267,0.013829725158856533,0.05641025641025643,0.015772645717282936,0.003447482824993412,0.006894965649986824,0.015384615384615385,0.03820734334429185,0.006439872930844629,0.012879745861689258,0.03721868449155559
7,256,0.054510957281358206,0.009560679772487805,0.01912135954497561,0.053708439897698246,0.012156783022333046,0.003957331281226157,0.007914662562452313,0.01272264631043257,0.04171594857525516,0.007652557288553354,0.015305114577106708,0.04076439736199823
7,512,0.05494019074754533,0.011656682495682389,0.023313364991364778,0.053708439897698246,0.011617113068943617,0.004984294580093668,0.009968589160187336,0.010296436664325564,0.04289861787932018,0.008043570325981545,0.01608714065196309,0.043148319934034216
7,1518,0.05854289463272988,0.015847148319006236,0.03169429663801247,0.05717763914183488,0.012865033117206827,0.006140537592797957,0.012281075185595914,0.012674291589025253,0.04539773096049818,0.011560374652675084,0.023120749305350168,0.04293038798051169
