cores,pkt_sz,total_mean,total_stdev,total_95ci,total_median,user_mean,user_stdev,user_95ci,user_median,system_mean,system_stdev,system_95ci,system_median
7,64,0.05895768920307227,0.013249819585514489,0.026499639171028978,0.05710374593358453,0.013387819433991692,0.0054822713124291446,0.010964542624858289,0.012755185047799406,0.04528917487652405,0.009257931830420675,0.01851586366084135,0.04331217219712312
7,256,0.05906718223415892,0.015589937945450319,0.031179875890900637,0.059567564094326286,0.01190026375341827,0.005044992419364883,0.010089984838729766,0.011344862120216627,0.047166918480740644,0.011996655938472529,0.023993311876945058,0.04574399380005167
7,512,0.06205733699759138,0.014579401466818418,0.029158802933636836,0.061865892931160904,0.012730340690376936,0.004465830465533323,0.008931660931066647,0.01272264631043257,0.04918946907409902,0.012439115672450813,0.024878231344901625,0.04810126582278481
7,1518,0.06407923675527044,0.012326665814886706,0.02465333162977341,0.0643112485052032,0.014948789791261269,0.00471920401329719,0.00943840802659438,0.015094363505183346,0.04913044696400917,0.010932235705771771,0.021864471411543542,0.047980103944138
