cores,pkt_sz,target_rate,target_pps,rate_median,rate_mean,pps_median,pps_mean,rate_95ci,pps_95ci
7,64,1,1953.125,0.960824,0.960824,1501.1363636363635,1501.1363636363635,0.0002516363636364538,0.0909090909092356
7,256,1,488.28125,0.9294196363636363,0.9294196363636363,453.8181818181818,453.8181818181818,0.0,0.0
7,512,1,244.140625,0.953250909090909,0.953250909090909,232.72727272727272,232.72727272727272,0.0,0.0
7,1518,1,82.34519104084322,0.9893065454545454,0.9893065454545454,81.5,81.5,0.059861090909090864,5.0
