cores,pkt_sz,target_rate,target_pps,rate_median,rate_mean,pps_median,pps_mean,rate_95ci,pps_95ci
7,64,100,195312.5,94.17908363636363,94.17908363636363,147154.81818181818,147154.81818181818,0.03246545454545924,50.72727272726479
7,256,100,48828.125,92.4332218181818,92.4332218181818,45133.40909090909,45133.40909090909,0.007261090909096879,3.5454545454558684
7,512,100,24414.0625,96.21131636363636,96.21131636363636,23489.090909090908,23489.090909090908,0.0022341818181814688,0.5454545454558684
7,1518,100,8234.519104084322,99.668016,99.668016,8207.181818181818,8207.181818181818,0.006624000000002184,0.5454545454558684
