cores,pkt_sz,total_mean,total_stdev,total_95ci,total_median,user_mean,user_stdev,user_95ci,user_median,system_mean,system_stdev,system_95ci,system_median
5,64,0.07422248987362179,0.04727662964172939,0.09455325928345878,0.05093833780160861,0.032062187006037475,0.020351234483368553,0.040702468966737106,0.02277889591719379,0.04102445444427821,0.026837260100161086,0.05367452020032217,0.029178540017590147
5,256,0.10913122287118067,0.004883016189841141,0.009766032379682281,0.10971921079637964,0.04339564688307622,0.0023454719571426863,0.004690943914285373,0.04419889502762431,0.0644263804612122,0.004289800986176935,0.00857960197235387,0.06406685236768803
5,512,0.07638895548789387,0.005058186513924038,0.010116373027848076,0.07692307692307687,0.029376483759815428,0.003120357501966278,0.006240715003932556,0.02925531914893617,0.0458335490132655,0.004119309234907577,0.008238618469815153,0.045393939393939396
5,1518,0.04742820316951704,0.004885803525557446,0.009771607051114892,0.046875,0.013952057558002821,0.0030328807019555145,0.006065761403911029,0.01307191776140418,0.027401833127345832,0.0033278602440382373,0.006655720488076475,0.027335245884962056
