cores,pkt_sz,total_mean,total_stdev,total_95ci,total_median,user_mean,user_stdev,user_95ci,user_median,system_mean,system_stdev,system_95ci,system_median
5,64,0.034384631380617044,0.008837373344522082,0.017674746689044164,0.0357142857142857,0.012804827831648453,0.003912037974377897,0.007824075948755794,0.012755102040816327,0.0215798035489686,0.0058746818284715376,0.011749363656943075,0.020512820512820513
5,256,0.024161093353168735,0.007530226368999428,0.015060452737998857,0.02564102564102566,0.008623531774476785,0.003487409557371169,0.006974819114742338,0.007751937984496124,0.015393815446634441,0.005413030543161962,0.010826061086323923,0.015364941963407437
5,512,0.021082946125715523,0.007341858815639317,0.014683717631278634,0.020618556701030966,0.007001543020053442,0.003416303970938558,0.006832607941877116,0.005201569264069264,0.014009810894894606,0.005112511383867028,0.010225022767734055,0.012970190431330329
5,1518,0.02847365288056467,0.01638626474442552,0.03277252948885104,0.023136246786632397,0.009426552781806244,0.00561734662455506,0.01123469324911012,0.0077220205125486975,0.01897623842075389,0.01155490571528398,0.02310981143056796,0.015444041025097395
