cores,pkt_sz,total_mean,total_stdev,total_95ci,total_median,user_mean,user_stdev,user_95ci,user_median,system_mean,system_stdev,system_95ci,system_median
5,64,0.057840080431489554,0.0044547011369299155,0.008909402273859831,0.057441253263707526,0.02174333972063322,0.002820522751267979,0.005641045502535958,0.02096989185252367,0.03558999033483523,0.002960238169913232,0.005920476339826464,0.03631653320772492
5,256,0.039231872081280456,0.004743113288693991,0.009486226577387982,0.03856041131105403,0.013387408080089674,0.0023865399294090216,0.004773079858818043,0.012870034187581161,0.025773962027135517,0.003945438296522737,0.007890876593045474,0.025673983257530814
5,512,0.042688651545951334,0.00694904893213068,0.01389809786426136,0.04187522143846428,0.015495550506235396,0.00373017828386853,0.00746035656773706,0.015189873417721518,0.027052450457778602,0.004756067895265191,0.009512135790530382,0.026609006322932196
5,1518,0.027734457628893434,0.007891558006720903,0.015783116013441807,0.02577319587628868,0.009461082488095148,0.0032935588939145125,0.006587117787829025,0.010217130330393027,0.018060405547390235,0.00580513599923197,0.01161027199846394,0.01672342737500497
