cores,pkt_sz,target_rate,target_pps,rate_median,rate_mean,pps_median,pps_mean,rate_95ci,pps_95ci
5,64,10,19531.25,9.541672727272728,9.541672727272728,14908.863636363636,14908.863636363636,0.001687272727270539,2.636363636363967
5,256,10,4882.8125,9.36569018181818,9.36569018181818,4573.090909090909,4573.090909090909,0.0,0.0
5,512,10,2441.40625,9.699328,9.699328,2368.0,2368.0,0.0,0.0
5,1518,10,823.4519104084321,9.874853818181819,9.874853818181819,813.1818181818182,813.1818181818182,0.04551563636363731,3.81818181818187
