cores,pkt_sz,target_rate,target_pps,rate_median,rate_mean,pps_median,pps_mean,rate_95ci,pps_95ci
5,64,0.1,195.3125,0.09309090909090909,0.09309090909090909,145.45454545454547,145.45454545454547,0.0,0.0
5,256,0.1,48.828125,0.08340945454545455,0.08340945454545455,40.72727272727273,40.72727272727273,0.0,0.0
5,512,0.1,24.4140625,0.07174218181818182,0.07174218181818182,17.545454545454547,17.545454545454547,6.545454545453522e-06,0.0
5,1518,0.1,8.234519104084322,0.10181636363636364,0.10181636363636364,8.454545454545455,8.454545454545455,0.06181745454545454,5.090909090909091
