cores,pkt_sz,target_rate,target_pps,rate_median,rate_mean,pps_median,pps_mean,rate_95ci,pps_95ci
5,64,100,195312.5,94.53935490909092,94.53935490909092,147717.5909090909,147717.5909090909,0.003858909090908469,5.727272727293894
5,256,100,48828.125,92.56777090909091,92.56777090909091,45199.09090909091,45199.09090909091,0.005650909090903156,2.727272727272066
5,512,100,24414.0625,96.50896072727272,96.50896072727272,23561.772727272728,23561.772727272728,0.02357963636363536,5.727272727272066
5,1518,100,8234.519104084322,99.568104,99.568104,8198.954545454546,8198.954545454546,0.02759999999999252,2.272727272727934
