cores,pkt_sz,target_rate,target_pps,rate_median,rate_mean,pps_median,pps_mean,rate_95ci,pps_95ci
5,64,1,1953.125,0.9609465454545455,0.9609465454545455,1501.1818181818182,1501.1818181818182,6.545454545481277e-06,0.0
5,256,1,488.28125,0.9296679999999999,0.9296679999999999,453.90909090909093,453.90909090909093,6.545454545370255e-06,0.0
5,512,1,244.140625,0.9525683636363635,0.9525683636363635,232.5909090909091,232.5909090909091,0.001868363636363668,0.45454545454543904
5,1518,1,82.34519104084322,1.009608,1.009608,83.13636363636363,83.13636363636363,0.016559999999999908,1.3636363636363598
