cores,pkt_sz,total_mean,total_stdev,total_95ci,total_median,user_mean,user_stdev,user_95ci,user_median,system_mean,system_stdev,system_95ci,system_median
1,64,0.008972478337338184,0.010760088009329887,0.021520176018659774,0.00512820512820511,0.002283668130157546,0.003919337867094536,0.007838675734189072,0.0,0.004840584794890433,0.0072204444768326536,0.014440888953665307,0.0
1,128,0.00864381871452211,0.008988010954725753,0.017976021909451505,0.005102040816326481,0.0019834370903986567,0.003014861100014666,0.006029722200029332,0.0,0.005387022265194854,0.006583020888515086,0.013166041777030173,0.005089091474153113
1,256,0.008478589152186383,0.008548481706753298,0.017096963413506597,0.005102040816326481,0.0021216961343022266,0.0034812163476697273,0.006962432695339455,0.0,0.00423818588726105,0.005924913924758019,0.011849827849516038,0.002512562814070352
1,512,0.008154843833493908,0.010389664198725173,0.020779328397450347,0.005089091474153096,0.0018252393539057706,0.0037924474591741913,0.007584894918348383,0.0,0.0029511562060243347,0.005510968102164173,0.011021936204328345,0.0
1,1024,0.011108107615086552,0.01117723114012169,0.02235446228024338,0.01005025125628145,0.003796482177479502,0.004030255132914526,0.008060510265829051,0.005025125628140704,0.003936759670042959,0.008347875076430889,0.016695750152861778,0.0
1,1280,0.010945241148323273,0.012040040459252012,0.024080080918504023,0.007563196694130581,0.002385025137453584,0.004978042937666557,0.009956085875333113,0.0,0.005754322611929172,0.007155156851243567,0.014310313702487134,0.005037815339322877
1,1518,0.007744701620716946,0.007518630177346093,0.015037260354692186,0.005076142131979711,0.001407939393628657,0.0032919545999735935,0.006583909199947187,0.0,0.003801503611072364,0.005270804237545462,0.010541608475090924,0.0
