cores,pkt_sz,total_mean,total_stdev,total_95ci,total_median,user_mean,user_stdev,user_95ci,user_median,system_mean,system_stdev,system_95ci,system_median
1,64,0.007359689701966706,0.008878715398845653,0.017757430797691307,0.005076142131979711,0.001699997645126966,0.003181019377985098,0.006362038755970196,0.0,0.004674081435623615,0.006412754344971099,0.012825508689942198,0.0025252525252525255
1,128,0.008752491570618949,0.011528964940457102,0.023057929880914204,0.005076142131979711,0.002397132632640605,0.00404968176077249,0.00809936352154498,0.0,0.004943139321141855,0.007718952065260709,0.015437904130521417,0.0
1,256,0.008879091932897336,0.010737102253276386,0.021474204506552772,0.005076142131979711,0.0025395389487726937,0.004719058842544536,0.009438117685089072,0.0,0.0047913581195169214,0.006328282293546117,0.012656564587092235,0.0
1,512,0.008729571695583166,0.008589518437707278,0.017179036875414555,0.005076142131979711,0.002678421230512118,0.004393586558508404,0.008787173117016808,0.0,0.004223062546556983,0.005139523238054062,0.010279046476108123,0.002512562814070352
1,1024,0.0077590403490814435,0.009801000195890988,0.019602000391781976,0.005050505050505083,0.002960450926972562,0.004036921822384827,0.008073843644769653,0.0,0.003248941096415112,0.005787090111474701,0.011574180222949402,0.0
1,1280,0.008416241381024512,0.008750170235688694,0.017500340471377388,0.005063323591242397,0.0021037006418546094,0.0034465516534474294,0.006893103306894859,0.0,0.004768597357240052,0.00570099602051175,0.0114019920410235,0.005025125628140704
1,1518,0.007171340568748201,0.008137180074236267,0.016274360148472534,0.005050505050505083,0.0016878105354995487,0.0031610763103552203,0.006322152620710441,0.0,0.003936032885849044,0.0049421204807725974,0.009884240961545195,0.005025125628140704
