cores,pkt_sz,total_mean,total_stdev,total_95ci,total_median,user_mean,user_stdev,user_95ci,user_median,system_mean,system_stdev,system_95ci,system_median
1,64,0.3606991400656361,0.04205145530812845,0.0841029106162569,0.36813186813186816,0.0027141628442412477,0.004693561466082022,0.009387122932164043,0.0,0.007854022591209285,0.00669282859787864,0.01338565719575728,0.00546448087431694
1,128,0.3765624278451241,0.04024290216569711,0.08048580433139423,0.39044598049427137,0.0018316493054374582,0.0038902644744453225,0.007780528948890645,0.0,0.009464783374484784,0.006942246399140811,0.013884492798281621,0.008198701494790881
1,256,0.4427962034407058,0.02723753649165267,0.05447507298330534,0.43854556803995004,0.0044813818066128065,0.006396413610744466,0.012792827221488933,0.0,0.01175577634854986,0.009237921581275376,0.018475843162550753,0.01098901098901099
1,512,0.4552304474750508,0.034774512315336376,0.06954902463067275,0.4545454545454546,0.004825846120328442,0.005748232102419445,0.01149646420483889,0.0055248618784530384,0.013392001300672038,0.009273682466459852,0.018547364932919704,0.011267695042214181
1,1024,0.25250256417411115,0.061567417223906906,0.12313483444781381,0.2634222919937205,0.002558466272696251,0.004421248537986956,0.008842497075973912,0.0,0.002981116909442685,0.004713566095981536,0.009427132191963072,0.0
1,1280,0.23189544683767238,0.05334900767162788,0.10669801534325576,0.2273916991613696,0.002427001752712331,0.003093120469657108,0.006186240939314216,0.0,0.00442025044887142,0.007382927187598802,0.014765854375197604,0.0
1,1518,0.17684204427535843,0.06591640363441838,0.13183280726883675,0.16644616049249378,0.003435836083217572,0.007489432531082888,0.014978865062165775,0.0,0.005157774744813287,0.01560998302712047,0.03121996605424094,0.0
