cores,pkt_sz,total_mean,total_stdev,total_95ci,total_median,user_mean,user_stdev,user_95ci,user_median,system_mean,system_stdev,system_95ci,system_median
1,64,0.3529993164056082,0.027124088015211503,0.054248176030423007,0.34698996655518394,0.0036481729809182146,0.006445901039421605,0.01289180207884321,0.0,0.011105157877742999,0.012742566855638439,0.025485133711276878,0.0055248618784530384
1,128,0.3369474875505343,0.016931497813958005,0.03386299562791601,0.33423423423423426,0.0031913242175083444,0.005205757309330542,0.010411514618661084,0.0,0.007885967561570083,0.009169044786363921,0.018338089572727843,0.00546448087431694
1,256,0.3676561726603099,0.021426654728157937,0.04285330945631587,0.3650793650793651,0.003665382918481191,0.005532089583340746,0.011064179166681492,0.0,0.010730845093176438,0.010366932475220891,0.020733864950441782,0.0054496317415062955
1,512,0.3057799652599168,0.0418107006745181,0.0836214013490362,0.3191489361702128,0.0029207540456877828,0.0038176057742651923,0.0076352115485303846,0.0,0.0089324130734763,0.007914248555844862,0.015828497111689724,0.0053475935828877
1,1024,0.15952026012674325,0.02536704123470943,0.05073408246941886,0.15816326530612246,0.0025503378929774873,0.004079537038671386,0.008159074077342772,0.0,0.0032568183613627174,0.004680117044616509,0.009360234089233019,0.0
1,1280,0.12499067207479274,0.007284087817688098,0.014568175635376195,0.12339413164155433,0.0014172704551085216,0.0028486849716758177,0.005697369943351635,0.0,0.004115139071180728,0.006117593630197169,0.012235187260394338,0.0
1,1518,0.10466583200915809,0.008353508492610061,0.016707016985220122,0.10256410256410253,0.0024196603315581344,0.0030818448651024153,0.006163689730204831,0.0,0.0036959497801076443,0.0059802373362250775,0.011960474672450155,0.0
