cores,pkt_sz,total_mean,total_stdev,total_95ci,total_median,user_mean,user_stdev,user_95ci,user_median,system_mean,system_stdev,system_95ci,system_median
1,64,0.11391682095620739,0.010872938357479583,0.021745876714959166,0.11282051282051286,0.00327965601410484,0.004394282000925721,0.008788564001851441,0.0,0.004138829194596785,0.005819035711688803,0.011638071423377605,0.0
1,128,0.07787901660520315,0.013197938070737986,0.026395876141475972,0.07653061224489799,0.0014238270889312004,0.002295914567645614,0.004591829135291228,0.0,0.00513280608440891,0.005810188237093243,0.011620376474186485,0.005089091474153113
1,256,0.06462119313563978,0.010690776875989804,0.021381553751979608,0.061855670103092786,0.00270883797707865,0.003726407191010476,0.007452814382020952,0.0,0.00470861860818666,0.0049080198047845225,0.009816039609569045,0.00510204081632653
1,512,0.04938776249721448,0.013495504326240805,0.02699100865248161,0.04663212435233166,0.003898058563106953,0.0044803425410159334,0.008960685082031867,0.00514142215173143,0.005483465782839854,0.007135472817729294,0.014270945635458589,0.002577319587628866
1,1024,0.040233685928714936,0.011197630774812296,0.022395261549624592,0.0357142857142857,0.004391457328523882,0.005919103620831317,0.011838207241662634,0.0,0.003109420577660425,0.004836692434396246,0.009673384868792491,0.0
1,1280,0.03334667519161115,0.009526040644637674,0.01905208128927535,0.030612244897959218,0.0025453164593846247,0.0034978228812814387,0.006995645762562877,0.0,0.004089216453248361,0.005577349052542354,0.011154698105084708,0.0025252525252525255
1,1518,0.028133692510052186,0.008874300805300071,0.017748601610600143,0.025510204081632626,0.002406456201476748,0.0038960852999276093,0.007792170599855219,0.0,0.0038071940235343666,0.005654550731687621,0.011309101463375241,0.0
