cores,pkt_sz,total_mean,total_stdev,total_95ci,total_median,user_mean,user_stdev,user_95ci,user_median,system_mean,system_stdev,system_95ci,system_median
1,64,0.005772150903566999,0.008449132842022247,0.016898265684044494,0.005050505050505083,0.0028187565306475064,0.003871789471938503,0.007743578943877006,0.0,0.0026735157429571004,0.005521844934086515,0.01104368986817303,0.0
1,128,0.005488500926016043,0.00813603713974773,0.01627207427949546,0.0025252525252525415,0.0029532566243951307,0.003654948765136839,0.007309897530273678,0.0,0.002253948546551882,0.004849216140454857,0.009698432280909714,0.0
1,256,0.008307257011726306,0.010710331568890244,0.021420663137780488,0.005050505050505083,0.004221616240421288,0.004391240297164716,0.008782480594329432,0.005050505050505051,0.003944636823194466,0.007577362795803761,0.015154725591607522,0.0
1,512,0.007014661919898777,0.008598941626746926,0.01719788325349385,0.005050505050505083,0.0025259932951946316,0.004374336681759145,0.00874867336351829,0.0,0.00392749423967273,0.0054629801041924855,0.010925960208384971,0.0
1,1024,0.006602426003258425,0.009967151276057414,0.019934302552114827,0.0,0.0026663211072385294,0.003669031480693721,0.007338062961387442,0.0,0.0036548091409508727,0.006918959799740839,0.013837919599481678,0.0
1,1280,0.007156507283485251,0.007851939982506816,0.015703879965013632,0.005050505050505083,0.001966264775799821,0.002984944088271834,0.005969888176543668,0.0,0.005049238559574867,0.005838271217404029,0.011676542434808057,0.005025125628140704
1,1518,0.008166362297393343,0.008165886494018768,0.016331772988037535,0.005050505050505083,0.0033777870041311977,0.003786660168632065,0.00757332033726413,0.002512562814070352,0.004507279538193111,0.005466961367365949,0.010933922734731897,0.005025125628140704
