cores,pkt_sz,target_rate,target_pps,rate_median,rate_mean,pps_median,pps_mean,rate_95ci,pps_95ci
1,64,10,19531.25,0.0001258181818181818,0.0001258181818181818,0.045454545454545456,0.045454545454545456,0.0002516363636363636,0.09090909090909091
1,128,10,9765.625,0.0001258181818181818,0.0001258181818181818,0.045454545454545456,0.045454545454545456,0.0002516363636363636,0.09090909090909091
1,256,10,4882.8125,0.0,0.0,0.0,0.0,0.0,0.0
1,512,10,2441.40625,0.0,0.0,0.0,0.0,0.0,0.0
1,1024,10,1220.703125,0.0,0.0,0.0,0.0,0.0,0.0
1,1280,10,976.5625,0.00012254545454545455,0.00012254545454545455,0.045454545454545456,0.045454545454545456,0.0002450909090909091,0.09090909090909091
1,1518,10,823.4519104084321,0.00024836363636363635,0.00024836363636363635,0.09090909090909091,0.09090909090909091,6.5454545454544976e-06,0.0
