cores,pkt_sz,target_rate,target_pps,rate_median,rate_mean,pps_median,pps_mean,rate_95ci,pps_95ci
1,64,0.5,976.5625,0.0001258181818181818,0.0001258181818181818,0.045454545454545456,0.045454545454545456,0.0002516363636363636,0.09090909090909091
1,128,0.5,488.28125,0.0,0.0,0.0,0.0,0.0,0.0
1,256,0.5,244.140625,0.0,0.0,0.0,0.0,0.0,0.0
1,512,0.5,122.0703125,0.00012254545454545455,0.00012254545454545455,0.045454545454545456,0.045454545454545456,0.0002450909090909091,0.09090909090909091
1,1024,0.5,61.03515625,0.00012254545454545455,0.00012254545454545455,0.045454545454545456,0.045454545454545456,0.0002450909090909091,0.09090909090909091
1,1280,0.5,48.828125,0.00012254545454545455,0.00012254545454545455,0.045454545454545456,0.045454545454545456,0.0002450909090909091,0.09090909090909091
1,1518,0.5,41.17259552042161,0.00012254545454545455,0.00012254545454545455,0.045454545454545456,0.045454545454545456,0.0002450909090909091,0.09090909090909091
