cores,pkt_sz,total_mean,total_stdev,total_95ci,total_median,user_mean,user_stdev,user_95ci,user_median,system_mean,system_stdev,system_95ci,system_median
1,64,0.5282649653411738,0.11054389428282489,0.22108778856564978,0.5978260869565217,0.06633779520280854,0.04510860853927774,0.09021721707855548,0.09042553191489362,0.09724508015048709,0.06243531368427921,0.12487062736855842,0.12972972972972974
1,128,0.5572578376278179,0.08443895482764667,0.16887790965529334,0.5934065934065934,0.08085665008975536,0.03806055441432897,0.07612110882865794,0.09340659340659341,0.11733168770095158,0.05086554593028186,0.10173109186056371,0.1358695652173913
1,256,0.531047094017465,0.09233078206491123,0.18466156412982246,0.5527794067718139,0.062050441530285556,0.03496960107690917,0.06993920215381834,0.06865165580354204,0.0885439904586924,0.04703195359945478,0.09406390719890956,0.1011267872360572
1,512,0.5640517648087,0.05891211328731601,0.11782422657463203,0.5758450904270429,0.07202135113000335,0.014993559127237311,0.029987118254474622,0.07262569832402235,0.10350323917086192,0.01955026552177215,0.0391005310435443,0.1058504034761018
1,1024,0.3343537996053774,0.019766959708270925,0.03953391941654185,0.33933982683982683,0.0980667902966489,0.01292887512154071,0.02585775024308142,0.0975609756097561,0.13681598748610138,0.015254628247197496,0.030509256494394992,0.13609467455621302
1,1280,0.30712828417142946,0.015485142812307224,0.030970285624614447,0.3099415204678363,0.10057845946926211,0.013114385716245488,0.026228771432490975,0.10059171597633136,0.1385729109714699,0.01255626947603206,0.02511253895206412,0.13978494623655913
1,1518,0.3024211297100333,0.023113609677882743,0.046227219355765486,0.30434563420044364,0.1025833498092734,0.011847019050574328,0.023694038101148656,0.102487714987715,0.14068057853459506,0.012856853207505405,0.02571370641501081,0.13953488372093023
