cores,pkt_sz,total_mean,total_stdev,total_95ci,total_median,user_mean,user_stdev,user_95ci,user_median,system_mean,system_stdev,system_95ci,system_median
1,64,0.41304533484452277,0.026616750991436924,0.05323350198287385,0.41721854304635764,0.09254899350319905,0.01446517837549515,0.0289303567509903,0.09120617944147355,0.13412728079628208,0.01499209306594744,0.02998418613189488,0.13333333333333333
1,128,0.3458557785739771,0.011426601782478035,0.02285320356495607,0.3460294522433251,0.0952919416201936,0.011869721655504595,0.02373944331100919,0.09552323923581409,0.14050561908552875,0.012859990603697566,0.02571998120739513,0.14035087719298245
1,256,0.316893976569438,0.01331000425657173,0.02662000851314346,0.3189189189189189,0.10164054301745941,0.012646195404490954,0.025292390808981907,0.10215349038878452,0.1386617936075562,0.013334585467823285,0.02666917093564657,0.13736263736263737
1,512,0.30224741958366286,0.015561185033722363,0.031122370067444727,0.3036649214659686,0.10117806945673623,0.011801622197839434,0.023603244395678867,0.10079646515816729,0.14262024606528273,0.012958029005018778,0.025916058010037556,0.14210526315789473
1,1024,0.2678456425314117,0.013517349307027412,0.027034698614054824,0.2654655612244898,0.10860593179960623,0.011292188940489797,0.022584377880979594,0.10880829015544041,0.14385705257647688,0.012100340823861477,0.024200681647722953,0.14432989690721648
1,1280,0.2631492544124556,0.007257680643907071,0.014515361287814142,0.2622031836691523,0.10586761922933505,0.0116709368373433,0.0233418736746866,0.1065989847715736,0.14657483044798386,0.012072907159232316,0.02414581431846463,0.14583333333333334
1,1518,0.2628446243180824,0.007740598744207648,0.015481197488415296,0.26262626262626265,0.10934987348406733,0.01063848541768131,0.02127697083536262,0.10880829015544041,0.14307085020617483,0.011328069147433064,0.022656138294866127,0.1447038085572352
