cores,pkt_sz,total_mean,total_stdev,total_95ci,total_median,user_mean,user_stdev,user_95ci,user_median,system_mean,system_stdev,system_95ci,system_median
1,64,0.6293051567673706,0.07840759984027407,0.15681519968054813,0.6446265938069217,0.08037581309936605,0.029405210550397777,0.058810421100795554,0.0855614973262032,0.11054363585885593,0.03836479695983811,0.07672959391967622,0.12021857923497267
1,128,0.5539721706177597,0.11148803262813628,0.22297606525627256,0.5312832929782082,0.03379923312971315,0.03777192189340966,0.07554384378681932,0.009919284255567443,0.05337935669776107,0.05082583444337364,0.10165166888674727,0.022409139413721677
1,256,0.6372859573004839,0.0727898338595319,0.1455796677190638,0.6449850167459898,0.04866660927766692,0.021936218599022856,0.04387243719804571,0.04759358288770053,0.0753957339019367,0.028847958876429766,0.05769591775285953,0.07407407407407407
1,512,0.6571551456403136,0.04830853551596104,0.09661707103192207,0.6658075601374571,0.05182609278633704,0.02009061120585678,0.04018122241171356,0.052069526448969755,0.07833942844578426,0.02607226847598932,0.05214453695197864,0.07690932726681833
1,1024,0.5295662051874592,0.11354404067048621,0.22708808134097241,0.598301124163193,0.07338380090384941,0.04006951041062867,0.08013902082125735,0.09214159811985899,0.10556229606238467,0.05371588393754736,0.10743176787509472,0.12903225806451613
1,1280,0.4002178890633071,0.04404938382563964,0.08809876765127928,0.39930069930069934,0.09306832420964734,0.015340522721496093,0.030681045442992185,0.09090909090909091,0.12607112924650668,0.01696618498613218,0.03393236997226436,0.125
1,1518,0.36933164998523543,0.033490079635789385,0.06698015927157877,0.3733333333333333,0.09379662685911623,0.013450289524660066,0.026900579049320132,0.09325051759834369,0.1282961169545857,0.01678376880864667,0.03356753761729334,0.12666666666666668
