cores,pkt_sz,total_mean,total_stdev,total_95ci,total_median,user_mean,user_stdev,user_95ci,user_median,system_mean,system_stdev,system_95ci,system_median
1,64,0.25554564721445516,0.006457000724732035,0.01291400144946407,0.25380710659898476,0.1072910249164063,0.013136753766678303,0.026273507533356607,0.1065989847715736,0.14675921754214433,0.014301863658171243,0.028603727316342486,0.14646464646464646
1,128,0.25521984004983395,0.005874407071201269,0.011748814142402537,0.25380710659898476,0.10908940423229702,0.011190367077845324,0.022380734155690647,0.11055276381909548,0.1447263345044165,0.011861414092601849,0.023722828185203697,0.14356598984771574
1,256,0.25574149198617774,0.00994823251860405,0.0198964650372081,0.255,0.10743489680250339,0.012342594264478333,0.024685188528956667,0.10632979541608983,0.14711963098863046,0.012950956213685118,0.025901912427370236,0.14646464646464646
1,512,0.25429274100574617,0.0060082956766076435,0.012016591353215287,0.2525252525252525,0.10962490247099274,0.011700801065115214,0.023401602130230428,0.11055276381909548,0.14364135967632383,0.012094729156806452,0.024189458313612903,0.14356598984771574
1,1024,0.2542537364186758,0.007240423073877166,0.014480846147754332,0.2525252525252525,0.10722725672851802,0.011352257578487785,0.02270451515697557,0.10606060606060606,0.1461845466639731,0.012049990341069584,0.024099980682139168,0.1457286432160804
1,1280,0.25426852944715655,0.006363479808355098,0.012726959616710196,0.2525252525252525,0.10757055164164371,0.011141858875714342,0.022283717751428685,0.10606060606060606,0.14579636580103209,0.011866787767733523,0.023733575535467046,0.1457286432160804
1,1518,0.25523402216925467,0.007691363888669315,0.01538272777733863,0.25380710659898476,0.10815758237785403,0.011590263045071044,0.023180526090142088,0.10606060606060606,0.14598538509672912,0.012572571045071928,0.025145142090143856,0.1457286432160804
