cores,pkt_sz,total_mean,total_stdev,total_95ci,total_median,user_mean,user_stdev,user_95ci,user_median,system_mean,system_stdev,system_95ci,system_median
1,64,0.26025294893587747,0.0057076916995304405,0.011415383399060881,0.2602040816326531,0.10932171330079861,0.012955206223059441,0.025910412446118882,0.1108319374651033,0.1444783656838269,0.013246958771341345,0.02649391754268269,0.14395982024848003
1,128,0.2589085541312229,0.006508659218447455,0.01301731843689491,0.25888324873096447,0.10780617489170799,0.011393225810487342,0.022786451620974684,0.10741758241758242,0.14634291294733448,0.011565316919376982,0.023130633838753963,0.14609664484036344
1,256,0.2575748847071326,0.0063290677906789085,0.012658135581357817,0.2562814070351759,0.10774130201193698,0.01232929027288464,0.02465858054576928,0.10714285714285714,0.1461787572919136,0.012279647491127877,0.024559294982255755,0.14646464646464646
1,512,0.2562830219467526,0.006135985255525582,0.012271970511051163,0.2551020408163265,0.10882560975317648,0.01252117503465022,0.02504235006930044,0.11055276381909548,0.1446831135218165,0.013071840667916704,0.026143681335833408,0.1439285714285714
1,1024,0.254535316714613,0.005378182987389761,0.010756365974779521,0.2525252525252525,0.10880217376991304,0.013645703099770624,0.02729140619954125,0.1065989847715736,0.14432889652127986,0.01369293107415535,0.0273858621483107,0.1457286432160804
1,1280,0.2555913764239668,0.01202780449339405,0.0240556089867881,0.25380710659898476,0.10792405252823961,0.012328375164092756,0.02465675032818551,0.11055276381909548,0.14635912621893563,0.014251583686073375,0.02850316737214675,0.1457286432160804
1,1518,0.25700759324475153,0.012246767514339394,0.02449353502867879,0.255,0.1091084756664865,0.012535958145252591,0.025071916290505182,0.11055276381909548,0.1465886004946563,0.015348564307262842,0.030697128614525684,0.14646464646464646
