cores,pkt_sz,target_rate,target_pps,rate_median,rate_mean,pps_median,pps_mean,rate_95ci,pps_95ci
1,64,1,1953.125,0.9414981818181818,0.941747797979798,1471.090909090909,1471.2828282828284,0.004853948280734953,7.681178955865067
1,128,1,976.5625,0.8600050909090909,0.8597153131313131,839.5454545454545,839.4646464646464,0.002984973633569115,3.0585885272795736
1,256,1,488.28125,0.9255752727272727,0.92446901010101,451.90909090909093,451.3838383838384,0.008021278220443776,3.9284489239218034
1,512,1,244.140625,0.9518858181818183,0.9519684040404042,232.45454545454547,232.43434343434345,0.0014522215150037587,0.36138472363631874
1,1024,1,122.0703125,0.953250909090909,0.9534164848484848,116.36363636363636,116.42424242424242,0.00046831896392771235,0.17141982574219822
1,1280,1,97.65625,0.9537476363636364,0.9798956767676769,93.27272727272727,95.73737373737373,0.05913703341895793,5.757540315325965
1,1518,1,82.34519104084322,1.05984,1.0443042424242424,87.27272727272727,86.04040404040404,0.05866230851430694,4.808250569959506
