cores,pkt_sz,target_rate,target_pps,rate_median,rate_mean,pps_median,pps_mean,rate_95ci,pps_95ci
1,64,10,19531.25,9.381701818181819,9.38108606060606,14658.90909090909,14657.848484848484,0.019837246042460135,31.021187107955704
1,128,10,9765.625,8.592942545454545,8.595073292929293,8391.545454545454,8393.626262626263,0.014141771000172798,13.810323242356015
1,256,10,4882.8125,9.238900363636363,9.23060492929293,4511.181818181818,4507.131313131314,0.0251382143392018,12.274518720313267
1,512,10,2441.40625,9.567511272727273,9.574283151515154,2335.818181818182,2337.4747474747473,0.05362678083092774,13.102626007212027
1,1024,10,1220.703125,9.771566545454546,9.771566545454546,1192.8181818181818,1192.8181818181818,0.0,0.0
1,1280,10,976.5625,9.807127272727273,9.813747070707072,957.7272727272727,958.3737373737373,0.037447232332801374,3.6569562825000856
1,1518,10,823.4519104084321,9.916128,9.908277333333334,816.5454545454545,815.8989898989898,0.04441007709468238,3.6569562825000856
