cores,pkt_sz,target_rate,target_pps,rate_median,rate_mean,pps_median,pps_mean,rate_95ci,pps_95ci
1,64,50,97656.25,3.4553018181818183,3.9111434343434346,5398.909090909091,6111.161616161616,2.157441444674989,3371.0022573046713
1,128,50,48828.125,9.711429818181818,9.731379232323231,9483.818181818182,9503.282828282829,0.7238475438016744,706.8155955362444
1,256,50,24414.0625,21.32061090909091,21.376218343434346,10410.454545454546,10437.595959595961,0.620411947153831,302.9326280293739
1,512,50,12207.03125,45.06866036363637,45.01872339393939,11003.09090909091,10990.90909090909,0.3224289519995069,78.69495685924234
1,1024,50,6103.515625,48.77665745454545,48.770535272727265,5954.181818181818,5953.454545454545,0.019835633181558416,2.416654792409038
1,1280,50,4882.8125,48.95744,48.949973171717176,4781.0,4780.292929292929,0.06097810707635322,5.966405970436599
1,1518,50,4117.259552042161,49.125792,49.11094933333333,4045.2727272727275,4044.050505050505,0.047574428686939854,3.917525418885326
