cores,pkt_sz,total_mean,total_stdev,total_95ci,total_median,user_mean,user_stdev,user_95ci,user_median,system_mean,system_stdev,system_95ci,system_median
5,64,0.10171733974071652,0.012636352129204881,0.025272704258409762,0.10054035893272112,0.013809673968956479,0.0061701133793987005,0.012340226758797401,0.01338924233661076,0.06355029834783917,0.009191820494115703,0.018383640988231406,0.06366450886574726
5,256,0.06897622979308943,0.011473738172623071,0.022947476345246142,0.06788558027923214,0.009082591420758759,0.004207475448923116,0.008414950897846232,0.010498759988977681,0.05034782724515852,0.009933915924661026,0.019867831849322053,0.0524937999448884
5,512,0.062437289657335054,0.021440494425958856,0.04288098885191771,0.058510638297872286,0.011189003246042073,0.0065520932018767915,0.013104186403753583,0.010638297872340425,0.044012297768785985,0.016731052048201172,0.033462104096402344,0.04244061690870202
5,1518,0.052797059829973084,0.012415489782443126,0.024830979564886252,0.05333371259528957,0.007731936721584305,0.005483896961687501,0.010967793923375001,0.005405405405405406,0.04163031404705767,0.01104501512093012,0.02209003024186024,0.0425531914893617
