cores,pkt_sz,total_mean,total_stdev,total_95ci,total_median,user_mean,user_stdev,user_95ci,user_median,system_mean,system_stdev,system_95ci,system_median
5,64,0.5373535866893262,0.04656607367199819,0.09313214734399639,0.546242774566474,0.016411280992842607,0.008642072063526582,0.017284144127053164,0.016529051059437798,0.09880708062590665,0.02701204791213044,0.05402409582426088,0.10614525139664804
5,256,0.6356406056960333,0.05257723893803942,0.10515447787607884,0.6486383824216924,0.022361125396570196,0.011050050884153732,0.022100101768307463,0.02150786308973173,0.17010033647659356,0.05599363408650283,0.11198726817300567,0.1859812812463667
5,512,0.6879269692764592,0.034360907037448644,0.06872181407489729,0.6805555555555556,0.028422499735001265,0.01108202722288945,0.0221640544457789,0.026744851258581233,0.20436005298679938,0.0356366272342783,0.0712732544685566,0.20163637443573296
5,1518,0.4638860586292544,0.0391109920909007,0.0782219841818014,0.4659848204368752,0.04576099668499403,0.009715270114320218,0.019430540228640436,0.0477954884414616,0.19110432624341273,0.0202070611736521,0.0404141223473042,0.19205298013245034
