cores,pkt_sz,total_mean,total_stdev,total_95ci,total_median,user_mean,user_stdev,user_95ci,user_median,system_mean,system_stdev,system_95ci,system_median
5,64,0.6185462275409105,0.026656277473595603,0.053312554947191206,0.6246387283236994,0.061686872444139965,0.009647372856846527,0.019294745713693055,0.06191222570532916,0.2759601397206719,0.022633000870941063,0.045266001741882125,0.27647058823529413
5,256,0.25460854392192467,0.053628948831628685,0.10725789766325737,0.24316858294758847,0.0246513691607996,0.00898101482203934,0.01796202964407868,0.02474946856969329,0.11180265866654378,0.01068648829722807,0.02137297659445614,0.11506935687263556
5,512,0.17545960004341093,0.013542265576638303,0.027084531153276605,0.17391304347826086,0.018075284708277097,0.0062787867340360105,0.012557573468072021,0.016574585635359115,0.08041439754000358,0.009177374632457517,0.018354749264915034,0.08108345021037869
5,1518,0.08870439563046681,0.018243764253358264,0.03648752850671653,0.08648648648648649,0.011061893823357854,0.00556462238448755,0.0111292447689751,0.010781749491426912,0.0586380053824704,0.012194410728681096,0.02438882145736219,0.05835584824946527
