cores,pkt_sz,total_mean,total_stdev,total_95ci,total_median,user_mean,user_stdev,user_95ci,user_median,system_mean,system_stdev,system_95ci,system_median
5,64,0.06299640422958316,0.011516845086938251,0.023033690173876502,0.06282894736842104,0.01100663868310628,0.005979356768834091,0.011958713537668182,0.0103896804835924,0.048488067525010545,0.010381055656006596,0.020762111312013193,0.04931972789115646
5,256,0.06323437523755487,0.014688355252620253,0.029376710505240506,0.06474694589877833,0.011876785580595925,0.006680291612201924,0.013360583224403848,0.010362694300518135,0.05063982585540329,0.011790376852513345,0.02358075370502669,0.052083333333333336
5,512,0.06800234318240744,0.010370938023002946,0.020741876046005893,0.06666666666666665,0.010830576358634679,0.005483738856038573,0.010967477712077145,0.010256410256410256,0.05645283852082012,0.009074996117706112,0.018149992235412225,0.05655564366904573
5,1518,0.05863502935422818,0.017576230360977566,0.03515246072195513,0.061855670103092786,0.00989992718893692,0.005660706463304504,0.011321412926609008,0.010362694300518135,0.04799922087199731,0.014771016232789553,0.029542032465579106,0.0467535621761658
