cores,pkt_sz,mwatt_mean,mwatt_stdev,mwatt_95ci,mwatt_median
5,64,2015.7866666666666,268.50151052751187,21.7326877348288,1945.0
5,256,1860.9533333333334,91.37412738601424,7.395881585996676,1859.0
5,512,1801.28,85.73961511460149,6.9398204804479064,1807.0
5,1518,1790.5266666666666,105.32215320413628,8.524843911113635,1793.0
