cores,pkt_sz,target_rate,target_pps,rate_median,rate_mean,pps_median,pps_mean,rate_95ci,pps_95ci
5,64,1,1953.125,0.8952498181818181,0.8952498181818181,1398.681818181818,1398.681818181818,0.036783272727272776,57.181818181818244
5,256,1,488.28125,0.8854170909090909,0.8854170909090909,432.3181818181818,432.3181818181818,0.03773599999999999,18.454545454545496
5,512,1,244.140625,0.8826243636363637,0.8826243636363637,215.5,215.5,0.0027338181818181706,0.636363636363626
5,1518,1,82.34519104084322,0.9986905454545455,0.9986905454545455,82.27272727272728,82.27272727272728,0.076421090909091,6.36363636363636
