cores,pkt_sz,target_rate,target_pps,rate_median,rate_mean,pps_median,pps_mean,rate_95ci,pps_95ci
5,64,10,19531.25,8.576588000000001,8.576588000000001,13400.772727272728,13400.772727272728,0.24635418181818203,384.63636363636397
5,256,10,4882.8125,7.937798181818183,7.937798181818183,3875.8636363636365,3875.8636363636365,0.08998472727272766,43.90909090909099
5,512,10,2441.40625,8.18970218181818,8.18970218181818,1999.4545454545455,1999.4545454545455,0.0877505454545453,21.454545454545496
5,1518,10,823.4519104084321,9.645770545454546,9.645770545454546,794.3181818181818,794.3181818181818,0.11677890909090749,9.545454545454618
