cores,pkt_sz,target_rate,target_pps,rate_median,rate_mean,pps_median,pps_mean,rate_95ci,pps_95ci
5,64,0.1,195.3125,0.09310036363636363,0.09310036363636363,145.3181818181818,145.3181818181818,1.8909090909097204e-05,0.2727272727272805
5,256,0.1,48.828125,0.08238545454545454,0.08238545454545454,40.22727272727273,40.22727272727273,0.002048000000000008,1.0
5,512,0.1,24.4140625,0.07149381818181817,0.07149381818181817,17.454545454545453,17.454545454545453,0.0,0.0
5,1518,0.1,8.234519104084322,0.141312,0.141312,11.636363636363637,11.636363636363637,0.0,0.0
