cores,pkt_sz,target_rate,target_pps,rate_median,rate_mean,pps_median,pps_mean,rate_95ci,pps_95ci
5,64,100,195312.5,1.3542399999999999,1.3542399999999999,2116.0,2116.0,0.9995636363636364,1561.818181818182
5,256,100,48828.125,5.3658530909090905,5.3658530909090905,2620.0454545454545,2620.0454545454545,0.11226763636363657,54.81818181818198
5,512,100,24414.0625,12.079662545454546,12.079662545454546,2949.1363636363635,2949.1363636363635,0.32283927272727375,78.81818181818198
5,1518,100,8234.519104084322,93.43979999999999,93.43979999999999,7694.318181818182,7694.318181818182,0.7540320000000094,62.09090909090901
