cores,pkt_sz,total_mean,total_stdev,total_95ci,total_median,user_mean,user_stdev,user_95ci,user_median,system_mean,system_stdev,system_95ci,system_median
1,64,0.12681924782863868,0.003005133696372451,0.006010267392744902,0.1262626262626263,0.06400462592915507,0.002903973794413777,0.005807947588827554,0.06313131313131314,0.06253509664938761,0.002774289590222116,0.005548579180444232,0.06297229219143577
1,128,0.12594781176041192,0.0017552972409720388,0.0035105944819440777,0.12562814070351758,0.06321861399697372,0.003604996807621612,0.007209993615243224,0.06281407035175879,0.06252068864121307,0.0032581405457386835,0.006516281091477367,0.06281407035175879
1,256,0.12546804942395517,0.0012779301653784592,0.0025558603307569185,0.12531328320802004,0.06346519596478944,0.003028613036909253,0.006057226073818506,0.06297229219143577,0.06200285345916574,0.003088486409238247,0.006176972818476494,0.0625
1,512,0.12544238144430536,0.0010946169228315064,0.0021892338456630128,0.12531328320802004,0.06303369115618321,0.0028950950182661693,0.0057901900365323385,0.06265664160401002,0.06233907179745108,0.0028154287804741996,0.005630857560948399,0.06257832080200501
1,1024,0.1252243026040827,0.0013325979288639851,0.0026651958577279702,0.12515664160401002,0.06362048724496669,0.0026436079130989503,0.0052872158261979005,0.06281407035175879,0.06160381535911609,0.0026962174733242117,0.0053924349466484235,0.06242206982543641
1,1280,0.12512901273227875,0.0011642115239105866,0.0023284230478211733,0.125,0.06270444171562713,0.003063910222360363,0.006127820444720726,0.06265664160401002,0.06242457101665163,0.003195502127603451,0.006391004255206902,0.06257832080200501
1,1518,0.1251733070727525,0.0011870792794700363,0.0023741585589400725,0.125,0.06317623729939978,0.0029394051912880787,0.005878810382576157,0.06265664160401002,0.06199706977335276,0.0030317446993674644,0.006063489398734929,0.0625
