cores,pkt_sz,total_mean,total_stdev,total_95ci,total_median,user_mean,user_stdev,user_95ci,user_median,system_mean,system_stdev,system_95ci,system_median
1,64,0.1251716139972932,0.0012068866736609759,0.0024137733473219517,0.125,0.06196045365519788,0.003370257115007807,0.006740514230015614,0.06234413965087282,0.06321116034209535,0.0031903288140193308,0.0063806576280386615,0.0627353559778844
1,128,0.12510216935218382,0.0012929874366099069,0.0025859748732198137,0.125,0.06362878499147699,0.002849642449731227,0.005699284899462454,0.06265664160401002,0.061473384360706845,0.0031533599393584505,0.006306719878716901,0.06234413965087282
1,256,0.1251457696681374,0.0012378285955654555,0.002475657191130911,0.125,0.06375396296560637,0.0026532935308597474,0.005306587061719495,0.06374534363359083,0.061391806702531054,0.0025623666129737984,0.005124733225947597,0.06226659718862049
1,512,0.12503346374104918,0.001006729542858019,0.002013459085716038,0.125,0.06210093413941045,0.002609088898237639,0.005218177796475278,0.0625,0.06293252960163873,0.002694440382119384,0.005388880764238768,0.0625
1,1024,0.12515429683835366,0.0010685106170633825,0.002137021234126765,0.125,0.06250796633641421,0.0027436943230510834,0.005487388646102167,0.0625,0.06264633050193943,0.0027285061535632605,0.005457012307126521,0.0625
1,1280,0.12502523843899022,0.0012181565101884177,0.0024363130203768355,0.125,0.06292850484829421,0.003437622286346698,0.006875244572693396,0.06265664160401002,0.06209673359069604,0.0033165590420469347,0.006633118084093869,0.06234413965087282
1,1518,0.1250336803222639,0.0010310027475325756,0.002062005495065151,0.125,0.0639079020236388,0.0026916355063280285,0.005383271012656057,0.06374727342045888,0.061125778298625116,0.0027995022686881556,0.005599004537376311,0.06015037593984962
