cores,pkt_sz,total_mean,total_stdev,total_95ci,total_median,user_mean,user_stdev,user_95ci,user_median,system_mean,system_stdev,system_95ci,system_median
1,64,0.12504238068041176,0.0010322926253573687,0.0020645852507147375,0.125,0.062380998261683036,0.0031886246799518866,0.006377249359903773,0.0625,0.06266138241872875,0.003015818954381283,0.006031637908762566,0.0625
1,128,0.12503242108639606,0.0013317056162234508,0.0026634112324469016,0.125,0.06355953282901791,0.0027281296558003816,0.005456259311600763,0.0627353559778844,0.06147288825737818,0.002792027576903735,0.00558405515380747,0.06234413965087282
1,256,0.12509381426524233,0.0013257180530090414,0.002651436106018083,0.125,0.06244317427619069,0.0024514890087765657,0.004902978017553131,0.0625,0.06265063998905164,0.002596907004969942,0.005193814009939884,0.0625
1,512,0.125094987572839,0.00101723124899113,0.00203446249798226,0.125,0.06306928567609102,0.0026544575032199456,0.005308915006439891,0.06265664160401002,0.062025701896747956,0.0029102969276751686,0.005820593855350337,0.0625
1,1024,0.12521491342662297,0.001262638691115874,0.002525277382231748,0.125,0.06299165769843848,0.002898520298432737,0.005797040596865474,0.06265664160401002,0.06222325572818448,0.003147836017700659,0.006295672035401318,0.06234413965087282
1,1280,0.12509442299305404,0.001107440745400033,0.002214881490800066,0.125,0.06313757847084217,0.003340156158055767,0.006680312316111534,0.06265664160401002,0.061956844522211854,0.0034305520872000583,0.0068611041744001166,0.0625
1,1518,0.12515481964766006,0.0015279115564477558,0.0030558231128955116,0.125,0.0625787108269862,0.0029837713245715676,0.005967542649143135,0.06257832080200501,0.06257610882067391,0.0034206321536488743,0.0068412643072977486,0.06265664160401002
