cores,pkt_sz,total_mean,total_stdev,total_95ci,total_median,user_mean,user_stdev,user_95ci,user_median,system_mean,system_stdev,system_95ci,system_median
1,64,0.1254238461591236,0.0013908304779862207,0.0027816609559724414,0.12531328320802004,0.06316383541249379,0.002677081158688877,0.005354162317377754,0.0625,0.062190739480351094,0.0028467812362749432,0.0056935624725498865,0.06265664160401002
1,128,0.12521620989184432,0.0009462578168437983,0.0018925156336875965,0.12531328320802004,0.0634784252922065,0.0029125549640836514,0.005825109928167303,0.06374727342045888,0.06173778459963783,0.00314072511446155,0.0062814502289231,0.06124725779536122
1,256,0.12523344046828544,0.0011798863192266002,0.0023597726384532005,0.125,0.06261863518975302,0.0032255356896467016,0.006451071379293403,0.06265664160401002,0.06254536083408799,0.003234794180809901,0.006469588361619802,0.0625
1,512,0.1253116778231189,0.0010064210619501587,0.0020128421239003175,0.125,0.06335115661560106,0.003230946713938247,0.006461893427876494,0.06374727342045888,0.061960521207517875,0.003155960190744233,0.006311920381488466,0.06234413965087282
1,1024,0.12511992065179847,0.001032149481496563,0.002064298962993126,0.125,0.0638437339550178,0.0030955867433118327,0.006191173486623665,0.06374727342045888,0.06127618669678071,0.002987855616337495,0.00597571123267499,0.06234413965087282
1,1280,0.12505043335175048,0.0015124062608600345,0.003024812521720069,0.125,0.06259422815864518,0.0025674896362303415,0.005134979272460683,0.0625,0.062386586702434195,0.0025506338414702017,0.0051012676829404035,0.0625
1,1518,0.12503294193275052,0.001387552116990628,0.002775104233981256,0.125,0.062656315810691,0.0031698560948253893,0.0063397121896507785,0.06242206982543641,0.06237662612205955,0.0030197938625087842,0.0060395877250175685,0.0625
