cores,pkt_sz,total_mean,total_stdev,total_95ci,total_median,user_mean,user_stdev,user_95ci,user_median,system_mean,system_stdev,system_95ci,system_median
1,64,0.125145379040696,0.0014610105014949196,0.002922021002989839,0.125,0.06264508409928511,0.0023969743682142153,0.0047939487364284305,0.0625,0.06250029494141088,0.0027935196526488295,0.005587039305297659,0.0625
1,128,0.12501527689178848,0.0015934850982991244,0.003186970196598249,0.125,0.062855124344911,0.00255501386252304,0.00511002772504608,0.0625,0.062160152546877484,0.0022555307845084213,0.0045110615690168426,0.0625
1,256,0.12508615602406803,0.0009976782150489265,0.001995356430097853,0.125,0.06355072168283764,0.0033053513364846806,0.006610702672969361,0.06265664160401002,0.061535434341230384,0.0034847503183922184,0.006969500636784437,0.0625
1,512,0.12501666677083398,0.0012324212065880622,0.0024648424131761245,0.125,0.06320278086807488,0.002729169314180209,0.005458338628360418,0.0625,0.06181388590275911,0.00285765200831177,0.00571530401662354,0.0625
1,1024,0.12502463024885804,0.0011492757668741433,0.0022985515337482867,0.125,0.061957885664252595,0.003131754803123603,0.006263509606247206,0.0625,0.06306674458460551,0.0032991254741129793,0.006598250948225959,0.06257832080200501
1,1280,0.12515429684811955,0.0012202182925894042,0.0024404365851788084,0.125,0.06278609135645602,0.0026070402302645636,0.005214080460529127,0.06257832080200501,0.06236820549166355,0.002591537760131959,0.005183075520263918,0.06242206982543641
1,1518,0.12508402632047086,0.0013394754701955497,0.0026789509403910994,0.125,0.06264401377176203,0.0034646750429462767,0.006929350085892553,0.0625,0.062440012548708825,0.003100995275368199,0.006201990550736398,0.0625
