cores,pkt_sz,target_rate,target_pps,rate_median,rate_mean,pps_median,pps_mean,rate_95ci,pps_95ci
1,64,50,97656.25,48.084922545454546,48.084922545454546,75132.54545454546,75132.54545454546,0.002838545454551422,4.72727272726479
1,128,50,48828.125,43.66217927272727,43.66217927272727,42638.77272727273,42638.77272727273,0.0022930909090916884,2.0909090909117367
1,256,50,24414.0625,46.82336036363637,46.82336036363637,22862.954545454544,22862.954545454544,0.0004996363636351475,0.2727272727279342
1,512,50,12207.03125,48.56813381818182,48.56813381818182,11857.454545454546,11857.454545454546,0.0,0.0
1,1024,50,6103.515625,49.517042181818184,49.517042181818184,6044.590909090909,6044.590909090909,0.007195636363633184,0.8181818181819835
1,1280,50,4882.8125,49.710671272727275,49.710671272727275,4854.590909090909,4854.590909090909,0.07422109090909146,7.1818181818180165
1,1518,50,4117.259552042161,49.88326181818182,49.88326181818182,4107.681818181818,4107.681818181818,0.0002516363636360097,0.09090909090900823
