cores,pkt_sz,target_rate,target_pps,rate_median,rate_mean,pps_median,pps_mean,rate_95ci,pps_95ci
1,64,1,1953.125,0.9606981818181818,0.9606981818181818,1501.090909090909,1501.090909090909,0.0,0.0
1,128,1,976.5625,0.8698414545454546,0.8698414545454546,849.4545454545455,849.4545454545455,0.0,0.0
1,256,1,488.28125,0.9274941818181819,0.9274941818181819,452.8636363636364,452.8636363636364,0.004341090909090961,2.090909090909122
1,512,1,244.140625,0.9533734545454545,0.9533734545454545,232.77272727272725,232.77272727272725,0.00024509090909097253,0.09090909090909349
1,1024,1,122.0703125,0.9533734545454545,0.9533734545454545,116.4090909090909,116.4090909090909,0.00024509090909097253,0.09090909090909349
1,1280,1,97.65625,0.9463916363636364,0.9463916363636364,92.45454545454547,92.45454545454547,0.014208727272727262,1.4545454545454533
1,1518,1,82.34519104084322,1.0599625454545454,1.0599625454545454,87.31818181818181,87.31818181818181,0.00024509090909097253,0.09090909090909349
