cores,pkt_sz,total_mean,total_stdev,total_95ci,total_median,user_mean,user_stdev,user_95ci,user_median,system_mean,system_stdev,system_95ci,system_median
1,64,0.004919427446749011,0.001766292524563954,0.003532585049127908,0.005025125628140725,0.0015982027269728152,0.0013022211027621817,0.0026044422055243634,0.002512562814070352,0.0032902831683667986,0.0014010300798586754,0.0028020601597173508,0.0025188916876574307
1,128,0.00510503377008272,0.0018348894168233275,0.003669778833646655,0.005025125628140725,0.0017222007895938017,0.001353210248883266,0.002706420497766532,0.002512562814070352,0.0033363429107833497,0.001271196598744146,0.002542393197488292,0.0025188916876574307
1,256,0.004747963614071744,0.0018864702103883976,0.003772940420776795,0.005025125628140725,0.0016133994453556518,0.0012048739830347573,0.0024097479660695146,0.002512562814070352,0.0030417002530105405,0.0012587060983332472,0.0025174121966664944,0.0025188916876574307
1,512,0.004237505377038814,0.0019799697958857864,0.003959939591771573,0.005025125628140725,0.001350123767625667,0.001343590057665729,0.002687180115331458,0.002506265664160401,0.002856362315412276,0.001408210851252032,0.002816421702504064,0.0025188916876574307
1,1024,0.004748509570143547,0.0018453138752527465,0.003690627750505493,0.005025125628140725,0.0015980857214204231,0.001302137720778205,0.00260427544155641,0.002506265664160401,0.0031349530730184192,0.001366403488890969,0.002732806977781938,0.0025188916876574307
1,1280,0.004917517069877298,0.0021800849539239144,0.004360169907847829,0.005025125628140725,0.001644029434473041,0.0012581841241485966,0.0025163682482971933,0.002506265664160401,0.0032425072126991226,0.0015679572216185538,0.0031359144432371077,0.0025188916876574307
1,1518,0.005119258117127857,0.0018637634306979463,0.0037275268613958927,0.005025125628140725,0.0017371256032480988,0.0012256656359848474,0.0024513312719696948,0.002512562814070352,0.003335681121113449,0.0013883862906870748,0.0027767725813741496,0.0025188916876574307
