cores,pkt_sz,total_mean,total_stdev,total_95ci,total_median,user_mean,user_stdev,user_95ci,user_median,system_mean,system_stdev,system_95ci,system_median
1,64,0.1050972762105979,0.0023488599893482474,0.004697719978696495,0.10499999999999998,0.0001693305293057658,0.0006273767998679878,0.0012547535997359757,0.0,0.0005387407133985839,0.0010262400618257011,0.0020524801236514022,0.0
1,128,0.07446798968873805,0.007119035918888409,0.014238071837776818,0.07518796992481203,0.0001842787873852833,0.0006515525819691185,0.001303105163938237,0.0,0.0004005985770016831,0.0009162296146533822,0.0018324592293067644,0.0
1,256,0.04551558030782546,0.0017813180874410048,0.0035626361748820096,0.045112781954887216,0.00020034808715573634,0.0006782772474698158,0.0013565544949396316,0.0,0.0004779721216886684,0.0009825574800156139,0.0019651149600312277,0.0
1,512,0.02869555932964947,0.0015274069746309923,0.0030548139492619845,0.027568922305764465,0.00015424421248311812,0.0006013553677387543,0.0012027107354775086,0.0,0.00044687740142304393,0.0009570090980651171,0.0019140181961302342,0.0
1,1024,0.019014446712102787,0.001706118568283554,0.003412237136567108,0.01995012468827928,0.00020011756586054674,0.0006774969546330562,0.0013549939092661124,0.0,0.0005547096740365315,0.0010377686855420909,0.0020755373710841817,0.0
1,1280,0.00632826711845424,0.002560885228790972,0.005121770457581944,0.006577069043556982,0.0013478606024842554,0.0013466585149980851,0.0026933170299961702,0.0025839965813792,0.0030705145501734523,0.001586654921813249,0.003173309843626498,0.00267379679144385
1,1518,0.004292551754794112,0.0022613867909854297,0.004522773581970859,0.0053050397877983935,0.0008349696148546523,0.0013339298212586015,0.002667859642517203,0.0,0.001704034043410216,0.0013389089178736677,0.0026778178357473354,0.002652519893899204
