cores,pkt_sz,total_mean,total_stdev,total_95ci,total_median,user_mean,user_stdev,user_95ci,user_median,system_mean,system_stdev,system_95ci,system_median
1,64,0.003644349375307163,0.002408167899589662,0.004816335799179324,0.002673796791443861,0.0007023673690227822,0.001168473568111818,0.002336947136223636,0.0,0.0016995227888891946,0.001334607247297432,0.002669214494594864,0.0026246719160104987
1,128,0.003772162860117046,0.0019955038818963875,0.003991007763792775,0.002680965147453085,0.0009715525553324933,0.00138146984293307,0.00276293968586614,0.0,0.0020927429115705407,0.0012482658216307182,0.0024965316432614365,0.0026666666666666666
1,256,0.006437708757063914,0.0021559962524581857,0.0043119925049163715,0.007772020725388629,0.0017817544322037587,0.0013385843968048406,0.002677168793609681,0.0025974025974025974,0.004126475850704296,0.0014869376868247102,0.0029738753736494204,0.005194805194805195
1,512,0.005894722639583013,0.002003503483593118,0.004007006967186236,0.00512820512820511,0.0018963463161715615,0.0011915416990619313,0.0023830833981238627,0.0025575447570332483,0.0036984568180561373,0.0013593531843304873,0.0027187063686609746,0.002570694087403599
1,1024,0.005596933877202381,0.0019671257962850094,0.003934251592570019,0.0050890585241730735,0.0018810174915142473,0.0012149838915035452,0.0024299677830070905,0.0025380710659898475,0.0036220722075247795,0.0013707302763088522,0.0027414605526177045,0.002551020408163265
1,1280,0.004324268322309547,0.0021560194963187816,0.004312038992637563,0.005076142131979711,0.0013468216190274415,0.0013859062160702304,0.002771812432140461,0.0025252525252525255,0.002867895354044142,0.0014377292752851339,0.0028754585505702678,0.002544529262086514
1,1518,0.00503421391257403,0.002118010564485088,0.004236021128970176,0.005076142131979711,0.0015788185202322163,0.0012269889906556528,0.0024539779813113056,0.0025252525252525255,0.0033461609539674727,0.0014769171002246644,0.002953834200449329,0.0025380710659898475
