cores,pkt_sz,total_mean,total_stdev,total_95ci,total_median,user_mean,user_stdev,user_95ci,user_median,system_mean,system_stdev,system_95ci,system_median
1,64,0.004640985215822461,0.002212708407276603,0.004425416814553206,0.005291005291005346,0.001257913605385043,0.0013216532353657248,0.0026433064707314497,0.0,0.0024193624111241993,0.0012247853081471458,0.0024495706162942915,0.0026490112697009245
1,128,0.0064238368942046,0.0020308881512462406,0.004061776302492481,0.006480135658914754,0.0018579231787335252,0.001271622518627915,0.00254324503725583,0.0025906735751295338,0.0042141745602889535,0.0013486849247579028,0.0026973698495158056,0.0051813471502590676
1,256,0.006564329961749932,0.0019955217758905975,0.003991043551781195,0.007653061224489832,0.0020985135361614887,0.0013289762659739225,0.002657952531947845,0.0025575447570332483,0.004182247865940767,0.0013507733254132,0.0027015466508264,0.00510204081632653
1,512,0.006308594183338673,0.0018849919149708243,0.0037699838299416486,0.007575757575757569,0.002269676425212756,0.0013080394471138383,0.0026160788942276767,0.0025380710659898475,0.0038355616939460277,0.001293853021325498,0.002587706042650996,0.005044144212909956
1,1024,0.005239713890783605,0.0020263083751559576,0.004052616750311915,0.005063291139240533,0.0017775096728201382,0.00131255576307419,0.00262511152614838,0.0025252525252525255,0.0033999306353101996,0.001515607855464222,0.003031215710928444,0.002531645569620253
1,1280,0.005531162979945794,0.0018204265063022304,0.0036408530126044608,0.005050505050505083,0.0019476013850714224,0.0011983833570501992,0.0023967667141003984,0.0025252525252525255,0.0034745236789537953,0.0013110616477158958,0.0026221232954317915,0.002531645569620253
1,1518,0.005868556999027369,0.001759333969242887,0.003518667938485774,0.005050505050505083,0.0018837159607436385,0.0011987350316455228,0.0023974700632910457,0.0025188916876574307,0.003922762990027211,0.0013963412113858203,0.0027926824227716405,0.005025125628140704
