cores,pkt_sz,total_mean,total_stdev,total_95ci,total_median,user_mean,user_stdev,user_95ci,user_median,system_mean,system_stdev,system_95ci,system_median
1,64,0.005168559868354212,0.0020696844536307437,0.004139368907261487,0.005037783375314908,0.0017847488212340886,0.0013586239926756097,0.0027172479853512193,0.002512562814070352,0.0033217333919974704,0.0014387606805665474,0.002877521361133095,0.0025188916876574307
1,128,0.0034161596053544053,0.0024735066354232412,0.0049470132708464825,0.002525252525252486,0.0011646745094728561,0.0013152211358274776,0.0026304422716549552,0.0,0.0022514850958815493,0.0017786469107008845,0.003557293821401769,0.0025188916876574307
1,256,0.004700772868624644,0.0023152987966633936,0.004630597593326787,0.005025125628140725,0.00155116610478914,0.0012528952220419217,0.0025057904440838434,0.002506265664160401,0.0031032331136606776,0.001637978285984785,0.00327595657196957,0.0025188916876574307
1,512,0.00485536284570502,0.0022464911462767557,0.004492982292553511,0.005025125628140725,0.0016907152299796245,0.0013332988440358554,0.002666597688071711,0.002512562814070352,0.003149176840020694,0.0016078717618819396,0.003215743523763879,0.0025188916876574307
1,1024,0.003972983864073701,0.0023770064524030435,0.004754012904806087,0.005025125628140725,0.0012722637819239499,0.0013170701598159214,0.002634140319631843,0.0,0.0026387201696185863,0.0016214020827488094,0.003242804165497619,0.0025188916876574307
1,1280,0.004655135043236388,0.002107176271380525,0.00421435254276105,0.005025125628140725,0.001582457109132399,0.00139294480820266,0.00278588961640532,0.002506265664160401,0.0030261878643984214,0.0016055738006497471,0.0032111476012994943,0.0025188916876574307
1,1518,0.003941970249106537,0.0022955387221396143,0.004591077444279229,0.005025125628140725,0.0013810293881283803,0.0013695841149901835,0.002739168229980367,0.002506265664160401,0.002545431213977721,0.0016495321345225027,0.0032990642690450054,0.0025188916876574307
