cores,pkt_sz,total_mean,total_stdev,total_95ci,total_median,user_mean,user_stdev,user_95ci,user_median,system_mean,system_stdev,system_95ci,system_median
1,64,0.005933082342986208,0.0020040409017918624,0.004008081803583725,0.005102040816326481,0.00197717449978797,0.001382406770275693,0.002764813540551386,0.0025380710659898475,0.0037993553782444188,0.0013276060205589387,0.0026552120411178774,0.0025575447570332483
1,128,0.006664725054988883,0.0015236818019766449,0.0030473636039532897,0.007575757575757569,0.0022787314683320988,0.0011305040596779627,0.0022610081193559254,0.0025252525252525255,0.004292425852986061,0.0011916297639434441,0.0023832595278868883,0.005050505050505051
1,256,0.006332251778329237,0.0018514946976481872,0.0037029893952963745,0.005063291139240533,0.0022558322635053943,0.001238813789339366,0.002477627578678732,0.0025188916876574307,0.004045400220822966,0.001432562147174076,0.002865124294348152,0.005025125628140704
1,512,0.005391788886890416,0.0020640334062163993,0.004128066812432799,0.005037783375314908,0.001957698404706621,0.00134062728024494,0.00268125456048988,0.002512562814070352,0.003418619706479095,0.0015183297816277865,0.003036659563255573,0.0025252525252525255
1,1024,0.0040379544830118986,0.002485091580835304,0.004970183161670608,0.005025125628140725,0.0012888282471229938,0.0013476032190672675,0.002695206438134535,0.0012531328320802004,0.0027025582277666925,0.0017327410750692875,0.003465482150138575,0.0025188916876574307
1,1280,0.0047046348731324406,0.002300596874429646,0.004601193748859292,0.005037783375314908,0.0015058080157861146,0.0012941924174503163,0.0025883848349006326,0.002512562814070352,0.003152375464580025,0.0016581847788399346,0.0033163695576798693,0.0025252525252525255
1,1518,0.00526251295617866,0.0020432251464650147,0.004086450292930029,0.005037783375314908,0.0017850592026261505,0.001239400460238143,0.002478800920476286,0.002512562814070352,0.0034774537535524996,0.001451452942405838,0.002902905884811676,0.0025252525252525255
