cores,pkt_sz,target_rate,target_pps,rate_median,rate_mean,pps_median,pps_mean,rate_95ci,pps_95ci
1,64,0.1,195.3125,0.09309090909090909,0.09320129292929294,145.45454545454547,145.4949494949495,0.0004130185042693622,0.15117807623327123
1,128,0.1,97.65625,0.08340945454545455,0.0834918787878788,81.45454545454545,81.48484848484847,0.00023315818692157378,0.08570991287109911
1,256,0.1,48.828125,0.08340945454545455,0.0835198383838384,40.72727272727273,40.76767676767676,0.0003402398309082501,0.12453361622159544
1,512,0.1,24.4140625,0.07149381818181817,0.07160420202020201,17.454545454545453,17.494949494949495,0.0004130185042693622,0.1511780762332919
1,1024,0.1,12.20703125,0.073728,0.06785260606060606,9.0,8.303030303030303,0.04153529093954329,5.067043628140238
1,1280,0.1,9.765625,0.11915636363636363,0.10599919191919191,11.636363636363637,10.373737373737375,0.04936086724248999,4.773237640394239
1,1518,0.1,8.234519104084322,0.141312,0.13329915151515148,11.636363636363637,11.000000000000002,0.04585785228906448,3.794539598181461
