cores,pkt_sz,target_rate,target_pps,rate_median,rate_mean,pps_median,pps_mean,rate_95ci,pps_95ci
1,64,10,19531.25,9.548307636363637,9.550371393939393,14918.636363636364,14922.323232323231,0.009775124730310608,15.239046824106941
1,128,10,9765.625,8.713029818181818,8.715663999999999,8508.818181818182,8511.323232323233,0.013605884994749008,13.389992867394177
1,256,10,4882.8125,9.354026181818181,9.357546505050506,4567.363636363636,4569.101010101009,0.013876660202426875,6.777288515963311
1,512,10,2441.40625,9.699328,9.698859151515151,2368.0,2367.8989898989894,0.0033791138008320096,0.841723905292994
1,1024,10,1220.703125,9.641736,9.621738505050505,1177.090909090909,1174.5555555555557,0.12261549670997268,14.921759693678318
1,1280,10,976.5625,9.839709090909091,9.85543806060606,960.9090909090909,962.4747474747476,0.12246302701478273,11.885829013305617
1,1518,10,823.4519104084321,10.014384,10.004012525252525,824.6363636363636,823.7979797979798,0.05052949703616142,4.182062160452236
