cores,pkt_sz,target_rate,target_pps,rate_median,rate_mean,pps_median,pps_mean,rate_95ci,pps_95ci
1,64,50,97656.25,47.82277818181818,47.818201696969695,74723.09090909091,74715.80808080808,0.043693040348526974,68.36903290781073
1,128,50,48828.125,43.423278545454544,43.42454739393939,42405.545454545456,42406.71717171717,0.02701015063310631,26.437506324134848
1,256,50,24414.0625,46.68378763636363,46.67194101010101,22794.81818181818,22789.0202020202,0.0461069046007235,22.48946743014009
1,512,50,12207.03125,48.511906909090904,48.51723038383838,11843.727272727272,11845.040404040403,0.06577165463034827,16.06097452089914
1,1024,50,6103.515625,48.72750545454545,48.79455854545454,5948.181818181818,5956.39393939394,0.8492367838490751,103.67257917643686
1,1280,50,4882.8125,49.582331636363634,49.61371062626263,4842.090909090909,4845.111111111111,0.15289480875412123,14.904600895163084
1,1518,50,4117.259552042161,49.861056,49.85515571717171,4105.818181818182,4105.363636363636,0.03172779558742069,2.6403661710051907
