cores,pkt_sz,target_rate,target_pps,rate_median,rate_mean,pps_median,pps_mean,rate_95ci,pps_95ci
1,64,1,1953.125,0.9606981818181818,0.9607806060606061,1501.090909090909,1501.121212121212,0.00023315818692164816,0.08570991287123308
1,128,1,976.5625,0.8698414545454546,0.8698966464646465,849.4545454545455,849.4747474747476,0.0002065323022637575,0.07558903811657652
1,256,1,488.28125,0.9294196363636363,0.9294748282828282,453.8181818181818,453.8383838383839,0.0003122126426184749,0.11427988382813214
1,512,1,244.140625,0.953250909090909,0.9533061010101009,232.72727272727272,232.7474747474747,0.0003122126426184749,0.11427988382813214
1,1024,1,122.0703125,0.791645090909091,0.7717033535353536,96.63636363636364,94.22222222222223,0.16559401047544037,20.178107059120727
1,1280,1,97.65625,0.9590814545454546,0.9580920404040404,93.72727272727273,93.58585858585859,0.08046916353075666,7.8330190950914265
1,1518,1,82.34519104084322,1.05984,1.0583284848484846,87.27272727272727,87.17171717171716,0.008907048150059205,0.7090880313044076
