cores,pkt_sz,total_mean,total_stdev,total_95ci,total_median,user_mean,user_stdev,user_95ci,user_median,system_mean,system_stdev,system_95ci,system_median
1,64,0.004011390776537466,0.002636521079448102,0.005273042158896204,0.0027173913043477826,0.00040076307596165943,0.000960998389533631,0.001921996779067262,0.0,0.0011699634022815312,0.0013412788286226748,0.0026825576572453496,0.0
