cores,pkt_sz,total_mean,total_stdev,total_95ci,total_median,user_mean,user_stdev,user_95ci,user_median,system_mean,system_stdev,system_95ci,system_median
1,64,0.00260035025474988,0.002868516790395085,0.00573703358079017,0.002617801047120394,0.0004522524756690397,0.0009893658659724455,0.001978731731944891,0.0,0.0011308612435391651,0.0012964541215903886,0.0025929082431807773,0.0
