cores,pkt_sz,total_mean,total_stdev,total_95ci,total_median,user_mean,user_stdev,user_95ci,user_median,system_mean,system_stdev,system_95ci,system_median
1,64,0.1256522876905653,0.0008808976596970862,0.0017617953193941724,0.12531328320802004,0.00013885040485206736,0.0005724950716259037,0.0011449901432518074,0.0,0.00032392013792678805,0.000839340341217979,0.001678680682435958,0.0
