cores,pkt_sz,total_mean,total_stdev,total_95ci,total_median,user_mean,user_stdev,user_95ci,user_median,system_mean,system_stdev,system_95ci,system_median
1,64,0.0032527930202804504,0.0023003637756884737,0.004600727551376947,0.002525252525252486,0.0010423551787946883,0.0012411988892025692,0.0024823977784051384,0.0,0.0021638696375383838,0.0015546734574852785,0.003109346914970557,0.0025252525252525255
