cores,pkt_sz,total_mean,total_stdev,total_95ci,total_median,user_mean,user_stdev,user_95ci,user_median,system_mean,system_stdev,system_95ci,system_median
1,64,0.006174211271025887,0.002486834096412693,0.004973668192825386,0.00527704485488123,0.0016362963013782815,0.0013676574460372666,0.002735314892074533,0.002617801047120419,0.0033070876479202975,0.0014416439356058205,0.002883287871211641,0.002631578947368421
