cores,pkt_sz,total_mean,total_stdev,total_95ci,total_median,user_mean,user_stdev,user_95ci,user_median,system_mean,system_stdev,system_95ci,system_median
1,64,0.004972431556441141,0.0023141091531590874,0.004628218306318175,0.005050505050505083,0.0015582527226643639,0.0013777924760209868,0.0027555849520419736,0.0025188916876574307,0.003289710394638139,0.0015358559403082514,0.003071711880616503,0.002531645569620253
