cores,pkt_sz,target_rate,target_pps,rate_median,rate_mean,pps_median,pps_mean,rate_95ci,pps_95ci
1,64,10,19531.25,9.538288,9.538612202020202,14903.272727272728,14903.949494949497,0.0030726805779463843,4.949041413976118
