cores,pkt_sz,target_rate,target_pps,rate_median,rate_mean,pps_median,pps_mean,rate_95ci,pps_95ci
1,64,1000,1953125.0,179.42273236363638,180.47740816161615,280347.7272727273,281995.8181818181,4.473741878294779,6990.201671265186
