cores,pkt_sz,total_mean,total_stdev,total_95ci,total_median,user_mean,user_stdev,user_95ci,user_median,system_mean,system_stdev,system_95ci,system_median
1,64,0.12511947424365708,0.0005452027720225561,0.0010904055440451121,0.125,0.12505793807731658,0.00045021275786624385,0.0009004255157324877,0.125,4.6142551611879945e-05,0.00033592308201909536,0.0006718461640381907,0.0
1,128,0.12507539099974316,0.0003465000883580639,0.0006930001767161278,0.125,0.12505999738501453,0.00030554112305002557,0.0006110822461000511,0.125,1.539361472861057e-05,0.0001953230741117811,0.0003906461482235622,0.0
1,256,0.12511588594805267,0.00046508776080242365,0.0009301755216048473,0.125,0.12508506023455862,0.00039386499945586086,0.0007877299989117217,0.125,3.082571349404267e-05,0.00027571378085988513,0.0005514275617197703,0.0
1,512,0.12505794779441712,0.0004515683852674782,0.0009031367705349564,0.125,0.12504255417968851,0.00042032135949861206,0.0008406427189972241,0.125,1.539361472861057e-05,0.0001953230741117811,0.0003906461482235622,0.0
1,1024,0.1251118543813333,0.0004984217821257647,0.0009968435642515295,0.125,0.12506563505311064,0.0004005812881652482,0.0008011625763304964,0.125,4.621932822265324e-05,0.00033648202614999404,0.0006729640522999881,0.0
1,1280,0.12507339927987782,0.00041278660717198885,0.0008255732143439777,0.125,0.12502717995165516,0.0002808543050751631,0.0005617086101503262,0.125,3.082571349404267e-05,0.0002757137808598846,0.0005514275617197692,0.0
1,1518,0.1251080638735865,0.0005219000544017668,0.0010438001088035336,0.125,0.125061844353901,0.0004289214266344857,0.0008578428532689714,0.125,3.08641975308642e-05,0.0002760577749999735,0.000552115549999947,0.0
