cores,pkt_sz,total_mean,total_stdev,total_95ci,total_median,user_mean,user_stdev,user_95ci,user_median,system_mean,system_stdev,system_95ci,system_median
1,64,0.1251366659272125,0.0007430760706285671,0.0014861521412571342,0.125,0.12498269129588957,0.0005223412048934999,0.0010446824097869998,0.125,0.0001385810165943167,0.0005713843557469696,0.0011427687114939392,0.0
1,128,0.1251113816421896,0.0006490046282593834,0.0012980092565187669,0.125,0.1250190965389658,0.0005290431751389795,0.001058086350277959,0.125,9.228510322375989e-05,0.0004705638786901348,0.0009411277573802695,0.0
1,256,0.1251524456865819,0.0005487921879389639,0.0010975843758779277,0.125,0.12504461341540796,0.0003182867453773394,0.0006365734907546788,0.125,7.700655767987438e-05,0.00043151188118918974,0.0008630237623783795,0.0
1,512,0.12512342802245655,0.000632882394884511,0.001265764789769022,0.125,0.1250309508819744,0.0004611970887517219,0.0009223941775034438,0.125,6.168991102490687e-05,0.00038771531085755265,0.0007754306217151053,0.0
1,1024,0.1251255648279901,0.0004671236628560681,0.0009342473257121362,0.125,0.1250485197862734,0.0002609276316674309,0.0005218552633348618,0.125,3.082571349404267e-05,0.0002757137808598843,0.0005514275617197686,0.0
1,1280,0.1251598242005794,0.0007185999874378817,0.0014371999748757633,0.125,0.12506738554413407,0.0005179653254579101,0.0010359306509158202,0.125,4.625781225947477e-05,0.00033676219396930036,0.0006735243879386007,0.0
1,1518,0.12511772334379562,0.0005826320255048528,0.0011652640510097056,0.125,0.12505611040084438,0.0004745704255938415,0.000949140851187683,0.125,4.6180844185831714e-05,0.0003362016204525964,0.0006724032409051928,0.0
