cores,pkt_sz,total_mean,total_stdev,total_95ci,total_median,user_mean,user_stdev,user_95ci,user_median,system_mean,system_stdev,system_95ci,system_median
1,64,0.2504121432900832,0.001116392143564395,0.00223278428712879,0.2506265664160401,0.06311634808479036,0.0027225652300167337,0.005445130460033467,0.06265664160401002,0.062189259718595916,0.0026919371940572617,0.0053838743881145235,0.0625
1,128,0.2503737170779419,0.0010820423111348755,0.002164084622269751,0.25,0.06337706360356501,0.0030822565600234788,0.0061645131200469576,0.06265664160401002,0.061878640462364166,0.003006661296293751,0.006013322592587502,0.0625
1,256,0.13138284421775598,0.0059427256672455065,0.011885451334491013,0.13131313131313127,0.007574843365625245,0.002108015130637565,0.00421603026127513,0.007575757575757576,0.035349414238750154,0.0035092042152930518,0.0070184084305861035,0.03535353535353535
1,512,0.17024507823219603,0.004851067561915175,0.00970213512383035,0.17128463476070532,0.10552650293323994,0.0037354653579124925,0.007470930715824985,0.10579345088161209,0.020910366507764087,0.0033054598249545684,0.006610919649909137,0.020253164556962026
1,1024,0.15370791305164544,0.0032656011797809184,0.006531202359561837,0.1532663316582915,0.11697575981406548,0.0020374260498418548,0.0040748520996837095,0.1175,0.008654362840658814,0.0019399811051368163,0.0038799622102736325,0.007594936708860759
1,1280,0.14024860210380333,0.0021339136060070686,0.004267827212014137,0.14070351758793975,0.1234072322419734,0.0012621359469720673,0.0025242718939441347,0.12373737373737374,0.002832484914794143,0.0014179222986677933,0.0028358445973355865,0.0025252525252525255
1,1518,0.13890006937074895,0.0024094842695562796,0.004818968539112559,0.1385390428211587,0.12378952932396921,0.001721976369962368,0.003443952739924736,0.12358153321629392,0.0022510328010910807,0.0015162703985859012,0.0030325407971718023,0.002512562814070352
