cores,pkt_sz,total_mean,total_stdev,total_95ci,total_median,user_mean,user_stdev,user_95ci,user_median,system_mean,system_stdev,system_95ci,system_median
1,64,0.12507122387082312,0.000585645358332774,0.001171290716665548,0.125,0.12497863089242565,0.0006521778066738874,0.0013043556133477748,0.125,9.259297839747301e-05,0.00047213442511812937,0.0009442688502362587,0.0
1,128,0.12511760748067696,0.00059095258841855,0.0011819051768371,0.125,0.12504060092299707,0.00045570121729408033,0.0009114024345881607,0.125,6.157445891444229e-05,0.0003869894735376537,0.0007739789470753074,0.0
1,256,0.1251503677393402,0.0006714708116208775,0.001342941623241755,0.125,0.1250272184385856,0.0004072174042500815,0.000814434808500163,0.125,7.696826510592262e-05,0.0004312976371805398,0.0008625952743610796,0.0
1,512,0.12510418651150523,0.000481819789124129,0.000963639578248258,0.125,0.1250579671832826,0.0003787909676030082,0.0007575819352060164,0.125,4.621932822265324e-05,0.00033648202614999394,0.0006729640522999879,0.0
1,1024,0.12517353452775187,0.0006116115779328906,0.0012232231558657813,0.125,0.12505034712588617,0.0004019086023549124,0.0008038172047098248,0.125,9.240017240848497e-05,0.000471150494350699,0.000942300988701398,0.0
1,1280,0.12510038633343315,0.0004900567580633467,0.0009801135161266934,0.125,0.12503877339048183,0.00035181851765813635,0.0007036370353162727,0.125,4.6180844185831714e-05,0.0003362016204525969,0.0006724032409051938,0.0
1,1518,0.1251293746742173,0.0004998459543038919,0.0009996919086077839,0.125,0.12505232944103772,0.0003165674712209626,0.0006331349424419252,0.125,4.6219519685523e-05,0.00033648412833279915,0.0006729682566655983,0.0
