cores,pkt_sz,total_mean,total_stdev,total_95ci,total_median,user_mean,user_stdev,user_95ci,user_median,system_mean,system_stdev,system_95ci,system_median
1,64,0.128171132532388,0.0018359387893217042,0.0036718775786434084,0.1278195488721805,0.12403078899527356,0.001089274909186376,0.002178549818372752,0.12468827930174564,0.0012659000815683523,0.0012503718267787677,0.0025007436535575355,0.0024875621890547263
1,128,0.12553673952073044,0.0015419547650778501,0.0030839095301557003,0.12531328320802004,0.12461076912928008,0.000983791203177334,0.001967582406354668,0.125,0.0007718791520273739,0.0011552473245988039,0.0023104946491976077,0.0
1,256,0.12581655256641675,0.0013708170244796146,0.002741634048959229,0.12531328320802004,0.12483001274503568,0.0007530428157514413,0.0015060856315028826,0.125,0.00046246363211734326,0.000970074047755748,0.001940148095511496,0.0
1,512,0.1255887189370522,0.0013142566103251845,0.002628513220650369,0.12531328320802004,0.12491120516981519,0.0006065141193675747,0.0012130282387351494,0.125,0.0002772018589051136,0.0007840477735041846,0.0015680955470083692,0.0
1,1024,0.125379857744251,0.0008582419845269225,0.001716483969053845,0.125,0.12500983296148138,0.00044458683634714693,0.0008891736726942939,0.125,0.00013862007645931793,0.0005715468015666768,0.0011430936031333536,0.0
1,1280,0.1253486949070997,0.0009755307303896432,0.0019510614607792865,0.125,0.12500972712785002,0.0006629888007363607,0.0013259776014727213,0.125,0.0001386198835568777,0.0005715455826852602,0.0011430911653705204,0.0
1,1518,0.12536036521681826,0.0008791173930747836,0.0017582347861495671,0.125,0.1250060423068767,0.00030819749610922934,0.0006163949922184587,0.125,0.00015397501424866677,0.0006003060940784103,0.0012006121881568206,0.0
