cores,pkt_sz,total_mean,total_stdev,total_95ci,total_median,user_mean,user_stdev,user_95ci,user_median,system_mean,system_stdev,system_95ci,system_median
1,64,0.14027242264382753,0.0014166993366047066,0.002833398673209413,0.14035087719298245,0.11913238805710737,0.0012571338246282616,0.0025142676492565233,0.12,0.006293725131233529,0.0012481199675050674,0.0024962399350101348,0.007481296758104738
1,128,0.13421602273109404,0.0020913631261049908,0.0041827262522099815,0.1331658291457286,0.12159166723880643,0.0013590845810211097,0.0027181691620422194,0.12219451371571072,0.003738923686752151,0.0014207636789584238,0.0028415273579168476,0.004975124378109453
1,256,0.13012756775976259,0.001610807142074308,0.003221614284148616,0.13032581453634084,0.12341841829568553,0.0010681283777750953,0.0021362567555501906,0.12280701754385964,0.002024547095028542,0.001060319947105968,0.002120639894211936,0.002506265664160401
1,512,0.12781949057036596,0.0016404594231290122,0.0032809188462580244,0.1278195488721805,0.12422082048737941,0.0011128112442423581,0.0022256224884847162,0.125,0.0010496576999464062,0.001234124279022427,0.002468248558044854,0.0
1,1024,0.1265135693656192,0.001595619527394615,0.00319123905478923,0.1271820448877805,0.12475453445329407,0.0008675114401733267,0.0017350228803466533,0.125,0.0004935600870942951,0.0009948057305347955,0.001989611461069591,0.0
1,1280,0.12641440617478394,0.001606523248686129,0.003213046497372258,0.12531328320802004,0.12476455183678402,0.0008709155507313069,0.0017418311014626138,0.125,0.00047762691701363385,0.0009818493161359502,0.0019636986322719005,0.0
1,1518,0.12629684275788994,0.0015140326912131713,0.0030280653824263427,0.1271820448877805,0.12480104425019861,0.000746341771063481,0.001492683542126962,0.125,0.00043167563392950217,0.0009443466125213439,0.0018886932250426877,0.0
