cores,pkt_sz,target_rate,target_pps,rate_median,rate_mean,pps_median,pps_mean,rate_95ci,pps_95ci
1,64,1000,1953125.0,431.16724363636365,433.7444753939394,673698.8181818182,677725.6767676766,9.184959342959061,14351.535752726575
1,128,1000,976562.5,689.8176,694.1452757171717,673650.0,677876.2121212122,17.695531481388837,17280.705241237287
1,256,1000,488281.25,886.0775643636364,887.2820915555556,432655.0,433243.202020202,5.152949852484818,2516.0951041657286
1,512,1000,244140.625,940.1846690909091,940.1911165252526,229537.72727272726,229547.8888888889,0.09080082016312427,48.276733481186746
1,1024,1000,122070.3125,964.1179694545455,964.1338849292929,117690.18181818182,117692.13131313132,0.06360615186248995,7.777961430338644
1,1280,1000,97656.25,969.3965963636364,969.35696,94667.63636363637,94663.78787878787,0.09728866760240686,9.50143771442209
1,1518,1000,82345.19104084322,971.52,971.4886797575758,80000.0,79997.44444444444,0.09689699124767497,8.010298442292806
