cores,pkt_sz,target_rate,target_pps,rate_median,rate_mean,pps_median,pps_mean,rate_95ci,pps_95ci
1,64,10,19531.25,9.614429090909091,9.614512242424244,15022.545454545454,15022.575757575754,0.00023521498674729173,0.0857099128718762
1,128,10,9765.625,8.728203636363636,8.728286787878787,8523.636363636364,8523.666666666668,0.00023521498674842275,0.08570991287016123
1,256,10,4882.8125,9.354026181818181,9.357829575757574,4567.363636363636,4569.242424242425,0.01111844202310318,5.443085604683274
1,512,10,2441.40625,9.699328,9.69941115151515,2368.0,2368.030303030303,0.0003318843658919501,0.12121212121201097
1,1024,10,1220.703125,9.866146909090908,9.866257292929292,1204.3636363636363,1204.4040404040404,0.00034023983090957773,0.12453361622167894
1,1280,10,976.5625,9.890223272727273,9.896708363636364,965.9090909090909,966.5050505050505,0.03736991305454564,3.629398492168854
1,1518,10,823.4519104084321,10.033152,10.025411717171718,826.1818181818181,825.5757575757575,0.04431541004072546,3.6221946175718127
