cores,pkt_sz,target_rate,target_pps,rate_median,rate_mean,pps_median,pps_mean,rate_95ci,pps_95ci
1,64,0.5,976.5625,0.4803490909090909,0.48045947474747464,750.5454545454545,750.5858585858585,0.00024686433562601023,0.09034618090911321
1,128,0.5,488.28125,0.4349207272727273,0.43503111111111115,424.72727272727275,424.7676767676768,0.00024686433562595505,0.09034618090905673
1,256,0.5,244.140625,0.46470981818181817,0.464820202020202,226.9090909090909,226.94949494949495,0.0002468643356260089,0.09034618090908497
1,512,0.5,122.0703125,0.4766254545454545,0.4767358383838384,116.36363636363636,116.40404040404039,0.0002468643356260089,0.09034618090908499
1,1024,0.5,61.03515625,0.4766254545454545,0.476708606060606,58.18181818181818,58.21212121212121,0.00023521498674791144,0.08570991287109911
1,1280,0.5,48.828125,0.4768705454545455,0.48997543434343427,46.63636363636363,47.87878787878788,0.04955514417489748,4.843937261257719
1,1518,0.5,41.17259552042161,0.565248,0.5575077171717173,46.54545454545455,45.939393939393945,0.044488746704307934,3.6865227456352843
