cores,pkt_sz,target_rate,target_pps,rate_median,rate_mean,pps_median,pps_mean,rate_95ci,pps_95ci
1,64,50,97656.25,47.826618181818176,47.83004492929293,74729.09090909091,74734.31313131313,0.017747511730769584,27.67476214808416
1,128,50,48828.125,43.664849454545454,43.663867232323234,42641.454545454544,42640.44444444445,0.006089721177759102,5.907424439102241
1,256,50,24414.0625,46.828450909090904,46.82853406060606,22865.454545454544,22865.484848484848,0.0003318843658921687,0.12121212121362786
1,512,50,12207.03125,48.56813381818182,48.5682442020202,11857.454545454546,11857.494949494949,0.00041301850426800053,0.15117807623315305
1,1024,50,6103.515625,49.521384727272725,49.521467151515154,6045.090909090909,6045.121212121212,0.00023315818692737697,0.08570991287101871
1,1280,50,4882.8125,49.68844872727273,49.708173414141406,4852.454545454545,4854.343434343434,0.05624938922019077,5.514670493693735
1,1518,50,4117.259552042161,49.883136,49.88324638383838,4107.636363636364,4107.676767676767,0.0002468643356286397,0.09034618090900025
