cores,pkt_sz,target_rate,target_pps,rate_median,rate_mean,pps_median,pps_mean,rate_95ci,pps_95ci
1,64,1,1953.125,0.9606981818181818,0.9607526464646465,1501.090909090909,1501.111111111111,0.00020378804676252841,0.07558903811676558
1,128,1,976.5625,0.8698414545454546,0.8699238787878788,849.4545454545455,849.4848484848485,0.0002331581869215435,0.08570991287101871
1,256,1,488.28125,0.9294196363636363,0.9295020606060606,453.8181818181818,453.8484848484849,0.00023315818692161235,0.0857099128711259
1,512,1,244.140625,0.953250909090909,0.9533333333333334,232.72727272727272,232.75757575757572,0.00023315818692161235,0.08570991287109911
1,1024,1,122.0703125,0.953250909090909,0.9533333333333334,116.36363636363636,116.39393939393939,0.00023315818692161235,0.08570991287109911
1,1280,1,97.65625,1.012829090909091,1.0062917171717172,98.9090909090909,98.29292929292929,0.03733276052418147,3.614863488008223
1,1518,1,82.34519104084322,1.05984,1.0520724848484848,87.27272727272727,86.65656565656565,0.044469457296798784,3.6793197935834185
