cores,pkt_sz,total_mean,total_stdev,total_95ci,total_median,user_mean,user_stdev,user_95ci,user_median,system_mean,system_stdev,system_95ci,system_median
3,64,0.03464414690884168,0.003312030404572033,0.006624060809144066,0.03479072424490015,0.010521205474126227,0.002366479675426021,0.004732959350852042,0.01029602735006493,0.023836939731187983,0.002829305908808854,0.005658611817617708,0.023255813953488372
3,256,0.01968425180254599,0.0030410756645178044,0.006082151329035609,0.020356234096692072,0.006160525491044491,0.0017300185706723924,0.003460037141344785,0.005128205128205128,0.01345304494311022,0.0025576875543001803,0.005115375108600361,0.012771412912991283
3,512,0.0165414312130509,0.0032091796039928986,0.006418359207985797,0.01655588300206423,0.005160157408601169,0.0019346397112436713,0.0038692794224873426,0.005089058524173028,0.011311127900970499,0.002330029998311969,0.004660059996623938,0.010217130330393027
3,1518,0.011816919569024531,0.003568350620556901,0.007136701241113802,0.010230179028132946,0.0032555286147290387,0.0016529069252641407,0.0033058138505282814,0.0025575447570332483,0.008349526243457642,0.0028901690064265326,0.005780338012853065,0.00766284774779477
