cores,pkt_sz,total_mean,total_stdev,total_95ci,total_median,user_mean,user_stdev,user_95ci,user_median,system_mean,system_stdev,system_95ci,system_median
3,64,0.0655728902752958,0.0039541981002199885,0.007908396200439977,0.06451612903225812,0.02213116385208046,0.0023513145259036992,0.0047026290518073985,0.0215633423180593,0.0410580007103169,0.003086889549463338,0.006173779098926676,0.04043126684636118
3,256,0.06827488131119647,0.004334371172670015,0.00866874234534003,0.06756756756756754,0.02155975931883114,0.002567120903922009,0.005134241807844018,0.02159248196984046,0.04566768840052459,0.0032590867729032336,0.006518173545806467,0.04582210242587601
3,512,0.04626657617676907,0.0030945000619104603,0.006189000123820921,0.04586711556960288,0.013508953207667214,0.002060387613027291,0.004120775226054582,0.013089005235602094,0.03225087357423384,0.002236379916614833,0.004472759833229666,0.031496062992125984
3,1518,0.031028879416038293,0.003393712898559935,0.00678742579711987,0.03084832904884316,0.007276037259240594,0.0018569657063066442,0.0037139314126132883,0.007702194977259245,0.01811701912123235,0.0025109580381854663,0.0050219160763709325,0.017994858611825194
