cores,pkt_sz,target_rate,target_pps,rate_median,rate_mean,pps_median,pps_mean,rate_95ci,pps_95ci
3,64,100,195312.5,94.59398436363637,94.59398436363637,147802.95454545453,147802.95454545453,0.008249454545449453,13.18181818179437
3,256,100,48828.125,92.59457781818182,92.59457781818182,45212.18181818182,45212.18181818182,0.006643636363634187,3.272727272727934
3,512,100,24414.0625,96.52031454545455,96.52031454545455,23564.545454545456,23564.545454545456,0.004341090909093737,1.0909090909080987
3,1518,100,8234.519104084322,99.43077854545454,99.43077854545454,8187.681818181818,8187.681818181818,0.0196269090909027,1.5454545454540494
