cores,pkt_sz,target_rate,target_pps,rate_median,rate_mean,pps_median,pps_mean,rate_95ci,pps_95ci
3,64,10,19531.25,9.543330909090908,9.543330909090908,14911.454545454544,14911.454545454544,0.0024436363636350933,3.8181818181819835
3,256,10,4882.8125,9.36569018181818,9.36569018181818,4573.090909090909,4573.090909090909,0.0,0.0
3,512,10,2441.40625,9.699328,9.699328,2368.0,2368.0,0.0,0.0
3,1518,10,823.4519104084321,9.907970545454546,9.907970545454546,815.9090909090909,815.9090909090909,0.014597090909092003,1.272727272727252
