cores,pkt_sz,target_rate,target_pps,rate_median,rate_mean,pps_median,pps_mean,rate_95ci,pps_95ci
3,64,1,1953.125,0.9606981818181818,0.9606981818181818,1501.090909090909,1501.090909090909,0.0,0.0
3,256,1,488.28125,0.9291403636363637,0.9291403636363637,453.6818181818182,453.6818181818182,0.0005585454545453672,0.27272727272725206
3,512,1,244.140625,0.9526923636363636,0.9526923636363636,232.5909090909091,232.5909090909091,0.0011170909090908454,0.27272727272725206
3,1518,1,82.34519104084322,1.020648,1.020648,84.04545454545455,84.04545454545455,0.009936000000000167,0.818181818181813
