cores,pkt_sz,total_mean,total_stdev,total_95ci,total_median,user_mean,user_stdev,user_95ci,user_median,system_mean,system_stdev,system_95ci,system_median
1,64,0.00503217985379267,0.0019587892805163227,0.003917578561032645,0.005037783375314908,0.0018162162247546741,0.0016345062784274354,0.0032690125568548708,0.002512562814070352,0.003146170217536024,0.0012381206876114796,0.002476241375222959,0.0025252525252525255
1,128,0.0046807462203034556,0.001881323430099688,0.003762646860199376,0.005031454501727817,0.0016064826037065598,0.0012077746447934283,0.0024155492895868566,0.002512562814070352,0.0030044702050949263,0.0014262822351144065,0.002852564470228813,0.0025188916876574307
1,256,0.004471183113952288,0.0017827932534549514,0.003565586506909903,0.005025125628140725,0.001605778514316964,0.0014687144159521049,0.0029374288319042098,0.002512562814070352,0.0028654045996353216,0.0010502764545272348,0.0021005529090544696,0.0025188916876574307
1,512,0.004539925224691038,0.0018512081386242555,0.003702416277248511,0.005025125628140725,0.0016759244111203431,0.0011850631068695443,0.0023701262137390887,0.002512562814070352,0.0028640008135706824,0.0013423896524103712,0.0026847793048207424,0.0025188916876574307
1,1024,0.004262679246027095,0.0017555259818185026,0.003511051963637005,0.005025125628140725,0.0015366865485648448,0.0015983998639562715,0.003196799727912543,0.002512562814070352,0.0027259926974622455,0.0009107880100009606,0.0018215760200019212,0.0025188916876574307
1,1280,0.004050492353984503,0.002154594667058835,0.00430918933411767,0.005025125628140725,0.0013960466757229303,0.0012486651890495787,0.0024973303780991573,0.002506265664160401,0.0026544456782615616,0.0015593129282416714,0.003118625856483343,0.0025188916876574307
1,1518,0.00467776107696012,0.0019715971497893596,0.003943194299578719,0.005025125628140725,0.001605254633037722,0.0012068519622731178,0.0024137039245462357,0.002506265664160401,0.003002887953251263,0.0011536285252232202,0.0023072570504464405,0.0025188916876574307
