cores,pkt_sz,total_mean,total_stdev,total_95ci,total_median,user_mean,user_stdev,user_95ci,user_median,system_mean,system_stdev,system_95ci,system_median
1,64,0.002446293394396957,0.0020915141340660318,0.0041830282681320635,0.0025188916876573986,0.0007684324971243455,0.0011584587072751866,0.002316917414550373,0.0,0.0016082424066014968,0.0013456916666984907,0.0026913833333969813,0.002515727250863891
1,128,0.004819272916992295,0.0017086326940417495,0.003417265388083499,0.005025125628140725,0.0017455411393649577,0.0015468724770840846,0.0030937449541681692,0.002512562814070352,0.002934144954623412,0.001105302182218744,0.002210604364437488,0.0025188916876574307
1,256,0.003914239594649572,0.0016124740262348585,0.003224948052469717,0.002525252525252486,0.0012578653945343108,0.0012578691538826878,0.0025157383077653757,0.0012531328320802004,0.0025865807886133116,0.0013875544893740674,0.0027751089787481347,0.0025188916876574307
1,512,0.004331419601015195,0.0015188671464468207,0.0030377342928936415,0.005025125628140725,0.0016066575312132499,0.0012079054146909172,0.0024158108293818345,0.002512562814070352,0.002655143579130809,0.0010149429604460005,0.002029885920892001,0.0025188916876574307
1,1024,0.0028671608643255197,0.0016918957563244019,0.0033837915126488038,0.0025188916876573986,0.0010483075888819975,0.0012403759410296669,0.0024807518820593338,0.0,0.0018188532754435317,0.0012747157763786934,0.0025494315527573867,0.002512562814070352
1,1280,0.0032852190130500175,0.0016553557937135695,0.003310711587427139,0.002525252525252486,0.0009776351671596155,0.0012255316093793965,0.002451063218758793,0.0,0.002237790434388453,0.0007911921454737617,0.0015823842909475235,0.002515727250863891
1,1518,0.003005690211397587,0.0020375190260839954,0.004075038052167991,0.0025188916876573986,0.0009783392632250693,0.0012264156722538604,0.002452831344507721,0.0,0.001957557536670566,0.001340927970619658,0.002681855941239316,0.002512562814070352
