cores,pkt_sz,total_mean,total_stdev,total_95ci,total_median,user_mean,user_stdev,user_95ci,user_median,system_mean,system_stdev,system_95ci,system_median
1,64,0.04818251122147683,0.005587333686806433,0.011174667373612866,0.04806417112299466,0.011566264253622258,0.0013585343356418357,0.0027170686712836714,0.010752688172043012,0.0310602979359664,0.00366897907835978,0.00733795815671956,0.03187256617190586
1,128,0.03910856360749204,0.0022878049258080757,0.004575609851616151,0.03875968992248058,0.008810359752681265,0.0012626981376498672,0.0025253962752997345,0.007772020725388601,0.029298114812000082,0.0013326644269989608,0.0026653288539979217,0.028460590968121997
1,256,0.021560515242375657,0.002006943333977181,0.004013886667954362,0.020486589284543277,0.0053182708075755585,0.0018391664634455846,0.003678332926891169,0.005108565165196513,0.01595879680048213,0.0013843358471840182,0.0027686716943680365,0.015345268542199489
1,512,0.012824301463665914,0.0020374359652719862,0.0040748719305439725,0.012690355329949221,0.0033114736154713567,0.0011636338018525389,0.0023272676037050777,0.002544529262086514,0.009231532994570055,0.0013418533115988043,0.0026837066231976086,0.010126582278481013
1,1024,0.0073893795229786,0.0023218092591673653,0.004643618518334731,0.0075949367088608,0.0018985665017962885,0.001382059659089927,0.002764119318179854,0.002531645569620253,0.005139904129955199,0.0011053347584238141,0.0022106695168476282,0.005076142131979695
1,1280,0.00919645072652354,0.002139162657794642,0.004278325315589284,0.008844889974299608,0.002175957991897135,0.0014755575422499383,0.0029511150844998765,0.002531645569620253,0.005547242244157841,0.0012998149977513165,0.002599629995502633,0.005063291139240506
1,1518,0.010586624701019117,0.002105358871808597,0.004210717743617194,0.01011379618974556,0.0023130649206568356,0.0014990392273039172,0.0029980784546078344,0.0025252525252525255,0.0060301151871215335,0.0014828365533605006,0.0029656731067210012,0.005069716635610101
