cores,pkt_sz,total_mean,total_stdev,total_95ci,total_median,user_mean,user_stdev,user_95ci,user_median,system_mean,system_stdev,system_95ci,system_median
1,64,0.01503174397067198,0.0023075135161728217,0.004615027032345643,0.015228426395939132,0.0038806883907449713,0.0015197388079817749,0.0030394776159635498,0.005063291139240506,0.010657897825234873,0.0015449308483158162,0.0030898616966316323,0.010178117048346057
1,128,0.009778931276614762,0.0016882462256693725,0.003376492451338745,0.010126582278481067,0.0028129539655559884,0.0013001797378476526,0.002600359475695305,0.002531645569620253,0.006825330334968743,0.001306855546197643,0.002613711092395286,0.007594936708860759
1,256,0.007712027487942311,0.0018606914345941099,0.0037213828691882197,0.007575757575757569,0.002454590852676406,0.0007243426262515908,0.0014486852525031817,0.0025252525252525255,0.00518764322376394,0.0015585897990260077,0.0031171795980520153,0.005050505050505051
1,512,0.006507862271929303,0.0018109584796706494,0.003621916959341299,0.00754718175259167,0.0019589666166905852,0.00120372127757491,0.00240744255514982,0.0025188916876574307,0.004548895655238703,0.0012993105903947322,0.0025986211807894643,0.005037783375314861
1,1024,0.0039172469088552915,0.0023247782786279957,0.004649556557255991,0.003778385598880496,0.0011179296311771693,0.0013824575049277302,0.0027649150098554604,0.0,0.0026597295734609528,0.0014462449334058606,0.002892489866811721,0.0025188916876574307
1,1280,0.0033613555178517627,0.0021387199888856776,0.004277439977771355,0.002525252525252486,0.0009799241452891736,0.0013643542479179831,0.0027287084958359663,0.0,0.0021716995339685578,0.001210655737445631,0.002421311474891262,0.0025188916876574307
1,1518,0.0034281629785019832,0.002379978770478482,0.004759957540956964,0.0025316455696202667,0.0009087252120671083,0.0012087235911292652,0.0024174471822585304,0.0,0.0018900637849413547,0.0013768782133550968,0.0027537564267101937,0.002512562814070352
