cores,pkt_sz,total_mean,total_stdev,total_95ci,total_median,user_mean,user_stdev,user_95ci,user_median,system_mean,system_stdev,system_95ci,system_median
1,64,0.039275656243037665,0.00691437323453331,0.01382874646906662,0.04000455162898536,0.010468153390674978,0.002856741958524927,0.005713483917049854,0.010666742519057913,0.02791876986956815,0.005007877503181149,0.010015755006362297,0.027952733565977245
1,128,0.0326384928811049,0.0022033707057853586,0.004406741411570717,0.03227695711589773,0.008604562797812285,0.0020769213921459284,0.004153842784291857,0.007874015748031496,0.023804361671906013,0.0013489282079488976,0.002697856415897795,0.023622047244094488
1,256,0.024083032870197047,0.002049664837341209,0.004099329674682418,0.023684210526315752,0.0072249870100341606,0.0016757293609400612,0.0033514587218801224,0.007874015748031496,0.01649331522755519,0.002087972367017766,0.004175944734035532,0.015789473684210527
1,512,0.020450679755723872,0.0021818223279400253,0.004363644655880051,0.02051282051282055,0.005558330149644932,0.0012801147484348503,0.0025602294968697006,0.005134796651506163,0.014679402108239224,0.0016458572419533234,0.003291714483906647,0.015364941963407437
1,1024,0.015208437790060552,0.0018244198794125082,0.0036488397588250164,0.01526717557251911,0.003678327128598708,0.0012632867285315397,0.0025265734570630795,0.0025575447570332483,0.009904074908126741,0.0011577250532201202,0.0023154501064402404,0.010178117048346057
1,1280,0.018800054430456653,0.0022973425657304408,0.0045946851314608815,0.01781170483460559,0.0034498038380570226,0.0013526087382604907,0.0027052174765209813,0.002544529262086514,0.008871522885880789,0.0016215796381190987,0.0032431592762381975,0.010088288425819911
1,1518,0.022942076353658178,0.001872983140748379,0.003745966281496758,0.022727272727272707,0.0044902463424849595,0.0013430551449697763,0.0026861102899395526,0.005050505050505051,0.010032861512433886,0.0016207701079340674,0.003241540215868135,0.010101010101010102
