cores,pkt_sz,target_rate,target_pps,rate_median,rate_mean,pps_median,pps_mean,rate_95ci,pps_95ci
1,64,0.1,195.3125,0.09321345454545454,0.09321345454545454,145.5,145.5,0.000245090909090917,0.09090909090906507
1,128,0.1,97.65625,0.083532,0.083532,81.5,81.5,0.00024509090909090314,0.09090909090909349
1,256,0.1,48.828125,0.083532,0.083532,40.77272727272727,40.77272727272727,0.00024509090909090314,0.09090909090909349
1,512,0.1,24.4140625,0.07161636363636363,0.07161636363636363,17.5,17.5,0.000245090909090917,0.09090909090909349
1,1024,0.1,12.20703125,0.09557345454545454,0.09557345454545454,11.727272727272727,11.727272727272727,6.5454545454673996e-06,0.0
1,1280,0.1,9.765625,0.11940472727272727,0.11940472727272727,11.727272727272727,11.727272727272727,6.545454545453522e-06,0.0
1,1518,0.1,8.234519104084322,0.14143781818181816,0.14143781818181816,11.681818181818182,11.681818181818182,0.00025163636363637054,0.09090909090908994
