cores,pkt_sz,target_rate,target_pps,rate_median,rate_mean,pps_median,pps_mean,rate_95ci,pps_95ci
1,64,10,19531.25,9.547985454545454,9.547985454545454,14918.727272727272,14918.727272727272,0.0005818181818177948,0.9090909090900823
1,128,10,9765.625,8.728203636363636,8.728203636363636,8523.636363636364,8523.636363636364,0.0,0.0
1,256,10,4882.8125,9.359732363636363,9.359732363636363,4570.181818181818,4570.181818181818,0.011915636363635684,5.8181818181819835
1,512,10,2441.40625,9.699450545454546,9.699450545454546,2368.0454545454545,2368.0454545454545,0.0002450909090914166,0.09090909090900823
1,1024,10,1220.703125,9.866269454545453,9.866269454545453,1204.409090909091,1204.409090909091,0.0002450909090914166,0.0909090909092356
1,1280,10,976.5625,9.919889818181819,9.919889818181819,968.7727272727273,968.7727272727273,0.05982327272727339,5.909090909090878
1,1518,10,823.4519104084321,10.033274545454546,10.033274545454546,826.2272727272727,826.2272727272727,0.000245090909093193,0.09090909090912191
