cores,pkt_sz,target_rate,target_pps,rate_median,rate_mean,pps_median,pps_mean,rate_95ci,pps_95ci
1,64,100,195312.5,95.95223272727273,95.95223272727273,149925.36363636365,149925.36363636365,0.007098181818179228,11.090909090911737
1,128,100,97656.25,87.17926399999999,87.17926399999999,85136.0,85136.0,0.008750545454532244,8.545454545441316
1,256,100,48828.125,93.49362036363635,93.49362036363635,45651.181818181816,45651.181818181816,0.0018618181818084167,0.9090909090882633
1,512,100,24414.0625,97.16022472727272,97.16022472727272,23720.772727272728,23720.772727272728,0.00025163636364311515,0.09090909090809872
1,1024,100,12207.03125,99.01918654545455,99.01918654545455,12087.363636363636,12087.363636363636,0.04766909090909621,5.8181818181819835
1,1280,100,9765.625,99.37665563636364,99.37665563636364,9704.818181818182,9704.818181818182,6.545454553474883e-06,0.0
1,1518,100,8234.519104084322,99.69586436363636,99.69586436363636,8209.545454545454,8209.545454545454,6.545454553474883e-06,0.0
