cores,pkt_sz,total_mean,total_stdev,total_95ci,total_median,user_mean,user_stdev,user_95ci,user_median,system_mean,system_stdev,system_95ci,system_median
1,64,0.004015059952257739,0.0023729520708624637,0.004745904141724927,0.0026810422282120827,0.0006711795631329271,0.0011530691341115232,0.0023061382682230463,0.0,0.0018534373853210024,0.0014526546739520303,0.0029053093479040606,0.002638522427440633
