cores,pkt_sz,total_mean,total_stdev,total_95ci,total_median,user_mean,user_stdev,user_95ci,user_median,system_mean,system_stdev,system_95ci,system_median
1,64,0.004178825297546999,0.002155553069129865,0.00431110613825973,0.005044144212909996,0.0012935333284879134,0.0012926479237992958,0.0025852958475985916,0.0025094142391153765,0.002729568646344891,0.0014556662912991643,0.0029113325825983285,0.002531645569620253
