cores,pkt_sz,total_mean,total_stdev,total_95ci,total_median,user_mean,user_stdev,user_95ci,user_median,system_mean,system_stdev,system_95ci,system_median
1,64,0.0029691161756795993,0.0022151407229802915,0.004430281445960583,0.002525252525252486,0.0009947710309565585,0.0013518273988850434,0.0027036547977700867,0.0,0.0019432469272305708,0.0015123679956455932,0.0030247359912911865,0.0025188916876574307
