cores,pkt_sz,total_mean,total_stdev,total_95ci,total_median,user_mean,user_stdev,user_95ci,user_median,system_mean,system_stdev,system_95ci,system_median
1,64,0.004089382347802611,0.0021273160142996966,0.004254632028599393,0.005063291139240533,0.0011747613101170454,0.0012963100857386997,0.0025926201714773995,0.0,0.002617619316510855,0.001448468566034235,0.00289693713206847,0.0025380710659898475
