cores,pkt_sz,total_mean,total_stdev,total_95ci,total_median,user_mean,user_stdev,user_95ci,user_median,system_mean,system_stdev,system_95ci,system_median
1,64,0.003753169049151116,0.0030328066310293176,0.006065613262058635,0.0027100271002710175,0.00030007859843532593,0.0008487561097674599,0.0016975122195349197,0.0,0.0007170286597527482,0.0011928281526821407,0.0023856563053642815,0.0
