cores,pkt_sz,total_mean,total_stdev,total_95ci,total_median,user_mean,user_stdev,user_95ci,user_median,system_mean,system_stdev,system_95ci,system_median
1,64,0.12595792301573888,0.004033993650037617,0.008067987300075234,0.12531328320802004,0.00041736343028069846,0.0035795694205031816,0.007159138841006363,0.0,0.00033939129943636224,0.0009003080169618521,0.0018006160339237042,0.0
