cores,pkt_sz,total_mean,total_stdev,total_95ci,total_median,user_mean,user_stdev,user_95ci,user_median,system_mean,system_stdev,system_95ci,system_median
1,64,0.12564060768821167,0.0008950336555644226,0.0017900673111288451,0.12531328320802004,0.00012337982204981373,0.0005413271047178555,0.001082654209435711,0.0,0.0003238431698531449,0.000839141051893247,0.001678282103786494,0.0
