cores,pkt_sz,target_rate,target_pps,rate_median,rate_mean,pps_median,pps_mean,rate_95ci,pps_95ci
1,64,50,97656.25,47.386647272727274,47.39102432323232,74041.63636363637,74048.34343434343,0.01541028680061795,23.756768350188768
