cores,pkt_sz,target_rate,target_pps,rate_median,rate_mean,pps_median,pps_mean,rate_95ci,pps_95ci
1,64,1000,1953125.0,84.56490618181819,84.5141014949495,132132.36363636365,132053.1515151515,0.3967193132420418,619.7722855617362
