cores,pkt_sz,target_rate,target_pps,rate_median,rate_mean,pps_median,pps_mean,rate_95ci,pps_95ci
1,64,100,195312.5,84.51953672727274,84.53684202020202,132061.18181818182,132088.71717171717,0.2631497671333898,411.31843778204524
