cores,pkt_sz,target_rate,target_pps,rate_median,rate_mean,pps_median,pps_mean,rate_95ci,pps_95ci
1,64,10,19531.25,9.534370909090908,9.536078060606062,14897.454545454546,14899.989898989901,0.004013716617704499,5.9600410722319275
