cores,pkt_sz,total_mean,total_stdev,total_95ci,total_median,user_mean,user_stdev,user_95ci,user_median,system_mean,system_stdev,system_95ci,system_median
1,64,0.07791000704245844,0.02193511681397925,0.0438702336279585,0.07753413677611432,0.002659701600853391,0.0034236394147018497,0.006847278829403699,0.0,0.008577242378698993,0.00596083991592746,0.01192167983185492,0.005510018214936248
