cores,pkt_sz,total_mean,total_stdev,total_95ci,total_median,user_mean,user_stdev,user_95ci,user_median,system_mean,system_stdev,system_95ci,system_median
1,64,0.3219341909602762,0.10594855265830386,0.21189710531660771,0.28205128205128205,0.0034992811194739125,0.005900730704985232,0.011801461409970465,0.0,0.013419362416535633,0.013498459928161366,0.026996919856322733,0.010416666666666666
