cores,pkt_sz,total_mean,total_stdev,total_95ci,total_median,user_mean,user_stdev,user_95ci,user_median,system_mean,system_stdev,system_95ci,system_median
1,64,0.2824804942760474,0.0344031980194283,0.0688063960388566,0.27835051546391754,0.002687443000194093,0.003022276793256909,0.006044553586513818,0.0,0.012186549378746468,0.00733872491467637,0.01467744982935274,0.010362694300518135
