cores,pkt_sz,total_mean,total_stdev,total_95ci,total_median,user_mean,user_stdev,user_95ci,user_median,system_mean,system_stdev,system_95ci,system_median
1,64,0.30005195826131337,0.05839920422933332,0.11679840845866664,0.28205128205128205,0.0027089909430067444,0.003401964401035465,0.00680392880207093,0.0,0.010501541920985784,0.007183337154654224,0.014366674309308448,0.010362694300518135
