cores,pkt_sz,total_mean,total_stdev,total_95ci,total_median,user_mean,user_stdev,user_95ci,user_median,system_mean,system_stdev,system_95ci,system_median
1,64,0.022651590375379484,0.01885045212651778,0.03770090425303556,0.02035636589661244,0.001826645983978207,0.0032764823593414405,0.006552964718682881,0.0,0.006117266935778803,0.0048293019954642035,0.009658603990928407,0.00510204081632653
