cores,pkt_sz,total_mean,total_stdev,total_95ci,total_median,user_mean,user_stdev,user_95ci,user_median,system_mean,system_stdev,system_95ci,system_median
1,64,0.21674245296612826,0.08674514859137948,0.17349029718275896,0.18563868715870063,0.0030309943925417027,0.00465567084115771,0.00931134168231542,0.0,0.011154304760773514,0.009070567022887875,0.01814113404577575,0.010526315789473684
