cores,pkt_sz,mwatt_mean,mwatt_stdev,mwatt_95ci,mwatt_median
1,64,1925.2474074074073,332.839896297533,12.586474634808383,1799.0
