cores,pkt_sz,target_rate,target_pps,rate_median,rate_mean,pps_median,pps_mean,rate_95ci,pps_95ci
1,64,0.1,195.3125,0.09250909090909092,0.09245486868686868,144.0909090909091,144.26262626262627,0.0008585625208949507,1.1513379271737376
