cores,pkt_sz,target_rate,target_pps,rate_median,rate_mean,pps_median,pps_mean,rate_95ci,pps_95ci
1,64,0.5,976.5625,0.4720290909090909,0.47156113131313127,737.3636363636364,736.6161616161615,0.0036995280240118204,5.5637405270355895
