cores,pkt_sz,target_rate,target_pps,rate_median,rate_mean,pps_median,pps_mean,rate_95ci,pps_95ci
1,64,1,1953.125,0.683144,0.7371611313131313,1066.8181818181818,1151.6161616161617,0.20633486084548508,322.2467474280166
