cores,pkt_sz,target_rate,target_pps,rate_median,rate_mean,pps_median,pps_mean,rate_95ci,pps_95ci
1,64,10,19531.25,0.5434305454545454,0.5374173737373737,848.8181818181819,839.6060606060606,0.057071930763904294,89.15940471445408
