cores,pkt_sz,target_rate,target_pps,rate_median,rate_mean,pps_median,pps_mean,rate_95ci,pps_95ci
1,64,100,195312.5,0.4932654545454545,0.4958014545454545,770.7272727272727,774.5252525252524,0.10742940460006095,167.80643398209483
