cores,pkt_sz,total_mean,total_stdev,total_95ci,total_median,user_mean,user_stdev,user_95ci,user_median,system_mean,system_stdev,system_95ci,system_median
2,64,0.0694181744916009,0.01524702663576,0.03049405327152,0.06878306878306883,0.021664952632221325,0.00663907872718756,0.01327815745437512,0.021164021164021163,0.027388768678455907,0.008500562273950884,0.01700112454790177,0.026455026455026454
2,256,0.03782631519313703,0.008063387976717955,0.01612677595343591,0.03636388169257343,0.007762731231226456,0.00479144203069619,0.00958288406139238,0.005221967713787086,0.0201373435951826,0.004787594854003899,0.009575189708007798,0.0206719726510336
2,512,0.035705224048894875,0.00844899499065809,0.01689798998131618,0.03608247422680411,0.007461552204098904,0.0046288449862988594,0.009257689972597719,0.005221967713787086,0.02021010242782277,0.007169025820283799,0.014338051640567598,0.020460491889063317
2,1518,0.027991482734844482,0.010470480261158115,0.02094096052231623,0.025906735751295318,0.004854784714167549,0.0039968161447022435,0.007993632289404487,0.00514142215173143,0.020569410686106362,0.007738754681590871,0.015477509363181742,0.020512820512820513
