cores,pkt_sz,total_mean,total_stdev,total_95ci,total_median,user_mean,user_stdev,user_95ci,user_median,system_mean,system_stdev,system_95ci,system_median
2,64,0.40722323113744413,0.022152852060875552,0.044305704121751104,0.4026998597475456,0.004380388230768546,0.0045762590475738225,0.009152518095147645,0.005405405405405406,0.01902296421172765,0.008339751453916315,0.01667950290783263,0.018936945407533642
2,256,0.4847698851938428,0.061653294352105696,0.12330658870421139,0.45961884660748653,0.012162936785460416,0.013483932834318962,0.026967865668637923,0.00558659217877095,0.02924069711599211,0.019433010135831957,0.038866020271663915,0.0223463687150838
2,512,0.5402428654161269,0.092406461160395,0.18481292232079,0.5253132594766909,0.029506900960874598,0.02724824922643748,0.05449649845287496,0.02173977255944469,0.04777093229480922,0.031592915315809426,0.06318583063161885,0.03588545959642214
2,1518,0.5840722065555488,0.02062967621999865,0.0412593524399973,0.5891891891891892,0.1060745254202094,0.012712777420076054,0.025425554840152107,0.1055588135436279,0.14009379417084813,0.01513888741544192,0.03027777483088384,0.14092244418331373
