cores,pkt_sz,target_rate,target_pps,rate_median,rate_mean,pps_median,pps_mean,rate_95ci,pps_95ci
2,64,0.1,195.3125,0.09306181818181819,0.09306181818181819,145.40909090909093,145.40909090909093,5.818181818180446e-05,0.09090909090909349
2,256,0.1,48.828125,0.08340945454545455,0.08340945454545455,40.72727272727273,40.72727272727273,0.0,0.0
2,512,0.1,24.4140625,0.07149381818181817,0.07149381818181817,17.454545454545453,17.454545454545453,0.0,0.0
2,1518,0.1,8.234519104084322,0.14143454545454545,0.14143454545454545,11.681818181818182,11.681818181818182,0.000245090909090917,0.09090909090908994
