cores,pkt_sz,target_rate,target_pps,rate_median,rate_mean,pps_median,pps_mean,rate_95ci,pps_95ci
2,64,1,1953.125,0.9530338181818181,0.9530338181818181,1488.8181818181818,1488.8181818181818,0.002204363636363671,3.454545454545496
2,256,1,488.28125,0.9179385454545455,0.9179385454545455,448.1818181818182,448.1818181818182,0.007081454545454502,3.454545454545496
2,512,1,244.140625,0.9346949090909091,0.9346949090909091,228.22727272727272,228.22727272727272,0.0048472727272727,1.181818181818187
2,1518,1,82.34519104084322,1.0247603636363636,1.0247603636363636,84.45454545454545,84.45454545454545,0.07064945454545446,5.818181818181813
