cores,pkt_sz,target_rate,target_pps,rate_median,rate_mean,pps_median,pps_mean,rate_95ci,pps_95ci
2,64,10,19531.25,3.894231636363636,3.894231636363636,6084.590909090909,6084.590909090909,0.3586203636363634,560.636363636364
2,256,10,4882.8125,8.883758545454544,8.883758545454544,4337.772727272727,4337.772727272727,0.23589236363636168,115.18181818181802
2,512,10,2441.40625,9.240389818181818,9.240389818181818,2255.9545454545455,2255.9545454545455,0.0688872727272738,16.818181818181984
2,1518,10,823.4519104084321,9.805176,9.805176,807.409090909091,807.409090909091,0.10487999999999964,8.636363636363626
