cores,pkt_sz,target_rate,target_pps,rate_median,rate_mean,pps_median,pps_mean,rate_95ci,pps_95ci
2,64,100,195312.5,0.6815803636363637,0.6815803636363637,1064.8181818181818,1064.8181818181818,0.01590254545454539,24.545454545454504
2,256,100,48828.125,3.4326669090909094,3.4326669090909094,1676.090909090909,1676.090909090909,0.028234181818181714,13.818181818181756
2,512,100,24414.0625,9.50508,9.50508,2320.590909090909,2320.590909090909,2.4260698181818157,592.272727272727
2,1518,100,8234.519104084322,77.78465381818182,77.78465381818182,6405.227272727272,6405.227272727272,1.3405076363636397,110.45454545454504
