cores,pkt_sz,total_mean,total_stdev,total_95ci,total_median,user_mean,user_stdev,user_95ci,user_median,system_mean,system_stdev,system_95ci,system_median
7,64,0.06743736614528267,0.008182979641067494,0.01636595928213499,0.06818181818181823,0.017881371625136293,0.004243494116536988,0.008486988233073976,0.017721632569348306,0.04780341939375751,0.007699119023180386,0.015398238046360773,0.047979797979797977
7,256,0.06369356133407741,0.013464785633866863,0.026929571267733727,0.06549118387909325,0.014273255565710756,0.004258550394068423,0.008517100788136845,0.014981296758104737,0.04885786299949932,0.010477747817924304,0.020955495635848607,0.04816230803829596
7,512,0.06218465749903918,0.012291897443367113,0.024583794886734227,0.06329113924050633,0.01240833319001244,0.004169288592677798,0.008338577185355595,0.012626262626262626,0.049354545639379285,0.010246657987528721,0.020493315975057443,0.050505050505050504
7,1518,0.06363019053188596,0.011823126821849887,0.023646253643699773,0.06321122618590974,0.013442458875532675,0.0050046552855714565,0.010009310571142913,0.01261036053227489,0.05004796903130526,0.010429866460877124,0.020859732921754248,0.05056898094872778
