cores,pkt_sz,total_mean,total_stdev,total_95ci,total_median,user_mean,user_stdev,user_95ci,user_median,system_mean,system_stdev,system_95ci,system_median
7,64,0.08642688188008275,0.004881424001046548,0.009762848002093096,0.08571428571428574,0.024221563569987184,0.0028218791911598204,0.005643758382319641,0.023529451970527526,0.043606177658093825,0.004132111276527657,0.008264222553055313,0.04392764857881137
7,256,0.05608646059249028,0.006978766310404042,0.013957532620808084,0.05670103092783507,0.014108402044095778,0.0035695867529061055,0.007139173505812211,0.013020833333333334,0.03760627457710602,0.0056366083834982405,0.011273216766996481,0.03750937232219366
7,512,0.0674890367684528,0.008406525985338701,0.016813051970677402,0.06835443037974687,0.017291578540051606,0.004612555847477045,0.00922511169495409,0.017676767676767676,0.0476641945258333,0.007105297125058534,0.014210594250117068,0.04804053190129139
7,1518,0.06984420780343102,0.00841323147060359,0.01682646294120718,0.06918091718036024,0.01751228698189193,0.004560395332169449,0.009120790664338898,0.017543969849246232,0.05114584528138622,0.0071360819594238805,0.014272163918847761,0.05050537257277684
