cores,pkt_sz,total_mean,total_stdev,total_95ci,total_median,user_mean,user_stdev,user_95ci,user_median,system_mean,system_stdev,system_95ci,system_median
7,64,0.06420365373796232,0.01120046593336942,0.02240093186673884,0.06557387476782944,0.013511308574634758,0.004541209453613996,0.009082418907227992,0.012788058373725281,0.05048098502007067,0.00949662341973339,0.01899324683946678,0.05037815339322877
7,256,0.06575486148221697,0.014577692676392206,0.02915538535278441,0.06791600212652843,0.013521852148542523,0.004737806879003093,0.009475613758006186,0.012690355329949238,0.05209105288004039,0.011714868526172892,0.023429737052345783,0.05276415219408723
7,512,0.06742892697626096,0.011281982796942893,0.022563965593885786,0.06674788081823257,0.014495229032402706,0.004490449869385045,0.00898089973877009,0.014907039332362162,0.05279250913046145,0.008904004174365173,0.017808008348730347,0.05296351423555454
7,1518,0.06985425589538401,0.009224850178020544,0.01844970035604109,0.07017543859649122,0.015844550537496088,0.005345783130409482,0.010691566260818963,0.017305553178745617,0.054009705357887905,0.006522973978719691,0.013045947957439382,0.05316489770804492
