cores,pkt_sz,target_rate,target_pps,rate_median,rate_mean,pps_median,pps_mean,rate_95ci,pps_95ci
7,64,100,195312.5,94.47616,94.47616,147619.0,147619.0,0.0009309090909113138,1.4545454545295797
7,256,100,48828.125,92.57884872727273,92.57884872727273,45204.5,45204.5,0.0004930909090887781,0.2727272727206582
7,512,100,24414.0625,96.49481090909092,96.49481090909092,23558.318181818184,23558.318181818184,0.00918836363635478,2.272727272724296
7,1518,100,8234.519104084322,99.63735236363637,99.63735236363637,8204.727272727272,8204.727272727272,0.026502545454548,2.1818181818180165
