cores,pkt_sz,target_rate,target_pps,rate_median,rate_mean,pps_median,pps_mean,rate_95ci,pps_95ci
7,64,10,19531.25,9.544617090909092,9.544617090909092,14913.318181818182,14913.318181818182,0.0015003636363655204,2.636363636363967
7,256,10,4882.8125,9.365812727272727,9.365812727272727,4573.136363636364,4573.136363636364,0.000245090909093193,0.09090909090900823
7,512,10,2441.40625,9.699328,9.699328,2368.0,2368.0,0.0,0.0
7,1518,10,823.4519104084321,9.972984,9.972984,821.2272727272727,821.2272727272727,0.0011039999999997718,0.09090909090912191
