cores,pkt_sz,target_rate,target_pps,rate_median,rate_mean,pps_median,pps_mean,rate_95ci,pps_95ci
7,64,0.1,195.3125,0.09321672727272727,0.09321672727272727,145.5,145.5,0.00025163636363637054,0.09090909090906507
7,256,0.1,48.828125,0.08353527272727274,0.08353527272727274,40.77272727272727,40.77272727272727,0.00025163636363635666,0.09090909090909349
7,512,0.1,24.4140625,0.07149381818181817,0.07149381818181817,17.454545454545453,17.454545454545453,0.0,0.0
7,1518,0.1,8.234519104084322,0.141312,0.141312,11.636363636363637,11.636363636363637,0.0,0.0
