cores,pkt_sz,target_rate,target_pps,rate_median,rate_mean,pps_median,pps_mean,rate_95ci,pps_95ci
7,64,1,1953.125,0.9606981818181818,0.9606981818181818,1501.090909090909,1501.090909090909,0.0,0.0
7,256,1,488.28125,0.9294196363636363,0.9294196363636363,453.8181818181818,453.8181818181818,0.0,0.0
7,512,1,244.140625,0.9533734545454545,0.9533734545454545,232.77272727272725,232.77272727272725,0.00024509090909097253,0.09090909090909349
7,1518,1,82.34519104084322,1.0373305454545454,1.0373305454545454,85.45454545454545,85.45454545454545,0.014106909090908948,1.0909090909090935
