cores,pkt_sz,total_mean,total_stdev,total_95ci,total_median,user_mean,user_stdev,user_95ci,user_median,system_mean,system_stdev,system_95ci,system_median
1,64,0.06610493231484617,0.028249115735261218,0.056498231470522436,0.05945945945945941,0.0026160550617286694,0.005438330385955144,0.010876660771910287,0.0,0.008941615613416299,0.009726118858804882,0.019452237717609764,0.005420094007050529
