cores,pkt_sz,total_mean,total_stdev,total_95ci,total_median,user_mean,user_stdev,user_95ci,user_median,system_mean,system_stdev,system_95ci,system_median
1,64,0.2782522194887029,0.020224525847926923,0.040449051695853847,0.27604166666666663,0.00255525737392189,0.0044096521452431005,0.008819304290486201,0.0,0.009549614130202323,0.009940821534243156,0.01988164306848631,0.010126647182484745
