cores,pkt_sz,total_mean,total_stdev,total_95ci,total_median,user_mean,user_stdev,user_95ci,user_median,system_mean,system_stdev,system_95ci,system_median
1,64,0.2959094954698827,0.02827518255740226,0.05655036511480452,0.29166666666666663,0.0024710778690224065,0.00337898775686327,0.00675797551372654,0.0,0.011539749419227155,0.007642040938428552,0.015284081876857104,0.010471204188481676
