cores,pkt_sz,total_mean,total_stdev,total_95ci,total_median,user_mean,user_stdev,user_95ci,user_median,system_mean,system_stdev,system_95ci,system_median
1,64,0.019510052816277396,0.01295286468555683,0.02590572937111366,0.020253294364969476,0.003034693361980698,0.003774265948082319,0.007548531896164638,0.005050505050505051,0.00981416569381154,0.007532967037840347,0.015065934075680694,0.01020408163265306
