cores,pkt_sz,mwatt_mean,mwatt_stdev,mwatt_95ci,mwatt_median
1,64,1724.828148148148,137.52472136114122,5.200552687120648,1701.0
