cores,pkt_sz,mwatt_mean,mwatt_stdev,mwatt_95ci,mwatt_median
1,64,1772.765925925926,179.26960047306486,6.779152091579363,1727.0
