cores,pkt_sz,target_rate,target_pps,rate_median,rate_mean,pps_median,pps_mean,rate_95ci,pps_95ci
1,64,0.1,195.3125,0.09047272727272727,0.09084517171717171,141.36363636363637,141.74747474747474,0.0016003310503349836,2.173008777296946
