cores,pkt_sz,target_rate,target_pps,rate_median,rate_mean,pps_median,pps_mean,rate_95ci,pps_95ci
1,64,50,97656.25,1.2232269090909091,1.173802909090909,1911.0,1833.969696969697,0.1819743224166456,284.31005204406085
