cores,pkt_sz,target_rate,target_pps,rate_median,rate_mean,pps_median,pps_mean,rate_95ci,pps_95ci
1,64,0.5,976.5625,0.474776,0.4748151111111112,741.7272727272727,741.7676767676768,0.0022992607903459445,3.778155871534822
