cores,pkt_sz,target_rate,target_pps,rate_median,rate_mean,pps_median,pps_mean,rate_95ci,pps_95ci
1,64,100,195312.5,1.2399709090909092,1.2022408888888887,1937.4545454545455,1878.4040404040404,0.14587161614161606,228.00080729177577
