cores,pkt_sz,target_rate,target_pps,rate_median,rate_mean,pps_median,pps_mean,rate_95ci,pps_95ci
1,64,10,19531.25,1.2899614545454545,1.2729770505050506,2015.2727272727273,1988.9292929292928,0.15064828812667477,235.24972609807975
