cores,pkt_sz,target_rate,target_pps,rate_median,rate_mean,pps_median,pps_mean,rate_95ci,pps_95ci
1,64,1,1953.125,0.9443032727272727,0.9438510707070706,1475.1818181818182,1474.6363636363635,0.00503852673511241,8.077221426256589
