cores,pkt_sz,total_mean,total_stdev,total_95ci,total_median,user_mean,user_stdev,user_95ci,user_median,system_mean,system_stdev,system_95ci,system_median
1,64,0.0034227748422308423,0.001843600218652445,0.00368720043730489,0.002525252525252486,0.00105770954240147,0.001243591440243743,0.002487182880487486,0.0,0.0023031044544191198,0.0012625817977862418,0.0025251635955724837,0.0025188916876574307
