cores,pkt_sz,total_mean,total_stdev,total_95ci,total_median,user_mean,user_stdev,user_95ci,user_median,system_mean,system_stdev,system_95ci,system_median
1,64,0.0036464977798372155,0.002506614216286906,0.005013228432573812,0.002673796791443861,0.000653203164247559,0.0011408119136984553,0.0022816238273969105,0.0,0.001389800207701368,0.001322866455150272,0.002645732910300544,0.002617801047120419
