cores,pkt_sz,total_mean,total_stdev,total_95ci,total_median,user_mean,user_stdev,user_95ci,user_median,system_mean,system_stdev,system_95ci,system_median
1,64,0.1256038257246173,0.0009606414690657664,0.0019212829381315328,0.12531328320802004,0.00010798620732120317,0.000508142231235265,0.00101628446247053,0.0,0.000323843169853145,0.0008391410518932469,0.0016782821037864938,0.0
