cores,pkt_sz,total_mean,total_stdev,total_95ci,total_median,user_mean,user_stdev,user_95ci,user_median,system_mean,system_stdev,system_95ci,system_median
1,64,0.006478932030652774,0.0023489230661843303,0.004697846132368661,0.00520833333333337,0.0014555981581749048,0.0013483322267194432,0.0026966644534388864,0.002583979328165375,0.0035676954668319816,0.0013755863476526576,0.002751172695305315,0.0026041666666666665
