cores,pkt_sz,total_mean,total_stdev,total_95ci,total_median,user_mean,user_stdev,user_95ci,user_median,system_mean,system_stdev,system_95ci,system_median
1,64,0.0035407030499233975,0.0023266912814286877,0.0046533825628573755,0.002525252525252486,0.0011489675671030129,0.0012841416683868553,0.0025682833367737107,0.0,0.0023606771216986115,0.0016441565539260295,0.003288313107852059,0.0025188916876574307
