cores,pkt_sz,total_mean,total_stdev,total_95ci,total_median,user_mean,user_stdev,user_95ci,user_median,system_mean,system_stdev,system_95ci,system_median
1,64,0.0037226714912558987,0.002096993243817234,0.004193986487634468,0.0025316455696202667,0.0012304718697060228,0.0012919232471254813,0.0025838464942509625,0.0,0.0024455534791858425,0.0015942486162535683,0.0031884972325071366,0.0025252525252525255
