cores,pkt_sz,target_rate,target_pps,rate_median,rate_mean,pps_median,pps_mean,rate_95ci,pps_95ci
1,64,10,19531.25,9.540887272727273,9.540179636363636,14907.636363636364,14906.464646464647,0.002768548871520871,4.220240219157177
