cores,pkt_sz,target_rate,target_pps,rate_median,rate_mean,pps_median,pps_mean,rate_95ci,pps_95ci
1,64,1000,1953125.0,305.86717090909093,304.16662537373736,477917.45454545453,475260.2525252525,6.735583727919365,10524.394240815433
