cores,pkt_sz,total_mean,total_stdev,total_95ci,total_median,user_mean,user_stdev,user_95ci,user_median,system_mean,system_stdev,system_95ci,system_median
1,64,0.34460317513247274,0.10708252649244916,0.21416505298489832,0.2828282828282829,0.0031068826365358644,0.003524582183616555,0.00704916436723311,0.0,0.01104069365665066,0.009517106233703887,0.019034212467407774,0.010256410256410256
