cores,pkt_sz,total_mean,total_stdev,total_95ci,total_median,user_mean,user_stdev,user_95ci,user_median,system_mean,system_stdev,system_95ci,system_median
1,64,0.3176211216722256,0.09098599937353816,0.1819719987470763,0.2755102040816326,0.002626612257355618,0.003633128574091658,0.007266257148183316,0.0,0.01011046852184826,0.009498523923947094,0.01899704784789419,0.010256410256410256
