cores,pkt_sz,mwatt_mean,mwatt_stdev,mwatt_95ci,mwatt_median
1,64,2014.4266666666667,320.56820645939393,12.122415744656905,1932.0
