cores,pkt_sz,mwatt_mean,mwatt_stdev,mwatt_95ci,mwatt_median
1,64,1985.4281481481482,316.71951667795713,11.976875991609973,1881.0
