cores,pkt_sz,mwatt_mean,mwatt_stdev,mwatt_95ci,mwatt_median
1,64,1964.997037037037,294.2439401033047,11.126953017812752,1866.0
