cores,pkt_sz,total_mean,total_stdev,total_95ci,total_median,user_mean,user_stdev,user_95ci,user_median,system_mean,system_stdev,system_95ci,system_median
1,64,0.5465267897805204,0.03765890621103787,0.07531781242207573,0.5340314136125655,0.23805570185284292,0.006627862812132303,0.013255725624264606,0.23773448773448774,0.07039886616899903,0.013957190268790626,0.027914380537581253,0.06842105263157895
1,128,0.5429195381803116,0.034516241536677206,0.06903248307335441,0.5333333333333333,0.24541714057341443,0.0066040897773429336,0.013208179554685867,0.24479166666666666,0.06575305198001546,0.012546516705784222,0.025093033411568443,0.06299255993386607
1,256,0.5358358331799047,0.02718279462650597,0.05436558925301194,0.5282051282051282,0.2490354316071634,0.006123751734662886,0.012247503469325773,0.24870466321243523,0.060002088512683995,0.012240277342657731,0.024480554685315462,0.061224489795918366
1,512,0.5396736322220147,0.02962990490287482,0.05925980980574964,0.5306122448979591,0.2512183781958419,0.004937992328937465,0.00987598465787493,0.25,0.05542281421627123,0.013467742712093592,0.026935485424187184,0.05181347150259067
1,1024,0.5590564951539961,0.05227751355418771,0.10455502710837541,0.5384615384615384,0.25312090170226803,0.005252466263123224,0.010504932526246447,0.25257731958762886,0.062108773538339476,0.023484553405629573,0.04696910681125915,0.057291666666666664
1,1280,0.537937280956267,0.026161764172918493,0.052323528345836985,0.5283512687657765,0.2531440065248977,0.005191823100011576,0.010383646200023152,0.25257731958762886,0.050407805975437314,0.012545751097161764,0.025091502194323528,0.05102040816326531
1,1518,0.5408447586818459,0.035784046160730325,0.07156809232146065,0.5279187817258884,0.2531193068952973,0.004913280996875625,0.00982656199375125,0.25257731958762886,0.053828715282416846,0.01184539012227087,0.02369078024454174,0.05102040816326531
