cores,pkt_sz,total_mean,total_stdev,total_95ci,total_median,user_mean,user_stdev,user_95ci,user_median,system_mean,system_stdev,system_95ci,system_median
1,64,0.8436606568375242,0.04054915811071199,0.08109831622142398,0.8350581457377574,0.15902355582762442,0.023059787775100225,0.04611957555020045,0.16310068649885584,0.12293050668305527,0.02477674847508474,0.04955349695016948,0.12087912087912088
1,128,0.8332790233751101,0.050991304324565126,0.10198260864913025,0.8191489361702128,0.13473076605113923,0.01938111194458823,0.03876222388917646,0.135678391959799,0.15623886633307918,0.018658872979274956,0.03731774595854991,0.15675675675675677
1,256,0.8369518137177755,0.04787836029087173,0.09575672058174346,0.8213371266002845,0.11237416968758283,0.01833975741107295,0.0366795148221459,0.11382197414806111,0.17396299895927272,0.0201219345827784,0.0402438691655568,0.17319168879862523
1,512,0.8396579535773323,0.04996045819523305,0.0999209163904661,0.8225806451612903,0.09618924977098287,0.015613288156618948,0.031226576313237896,0.0972972972972973,0.17211988403401904,0.02287704255067047,0.04575408510134094,0.1702127659574468
1,1024,0.6858603149900774,0.0303312208044148,0.0606624416088296,0.676923076923077,0.13789976107272847,0.009394210599825297,0.018788421199650594,0.13731098756479465,0.13167684374355904,0.01668885809639377,0.03337771619278754,0.13110159183457615
1,1280,0.654703969567719,0.030318114625283277,0.06063622925056655,0.6461538461538461,0.15568231818755845,0.009049345880400378,0.018098691760800756,0.15625,0.11449116690418192,0.015393339660563539,0.030786679321127077,0.1134020618556701
1,1518,0.6309615520996488,0.02639684566830697,0.05279369133661394,0.6243654822335025,0.1701230931882315,0.009370121557183423,0.018740243114366846,0.17015792937047597,0.10254792352366567,0.016583452530276144,0.03316690506055229,0.10075630678645754
