cores,pkt_sz,total_mean,total_stdev,total_95ci,total_median,user_mean,user_stdev,user_95ci,user_median,system_mean,system_stdev,system_95ci,system_median
1,64,0.5443025588218473,0.0368261173290317,0.0736522346580634,0.533678756476684,0.24691771735643442,0.005756543270887965,0.01151308654177593,0.24676113360323887,0.06814231377058651,0.01343389287839307,0.02686778575678614,0.0671839111158592
1,128,0.5439453429089329,0.04723476295230838,0.09446952590461676,0.5294002198147276,0.25019718289753173,0.005047211718002968,0.010094423436005936,0.25,0.06300819091731447,0.013788072114294055,0.02757614422858811,0.061855670103092786
1,256,0.5403406035563758,0.037299513562536565,0.07459902712507313,0.5283512687657765,0.25278053883301294,0.005869820606072997,0.011739641212145994,0.25252525252525254,0.05905107435119487,0.01410369293222323,0.02820738586444646,0.06091370558375635
1,512,0.5428474873593018,0.03694893965366487,0.07389787930732974,0.5306122448979591,0.2538884332683082,0.006005000581176711,0.012010001162353422,0.25257731958762886,0.056628736688793195,0.013543487269277258,0.027086974538554517,0.05541596873255165
1,1024,0.5473730541806452,0.04681533986432399,0.09363067972864798,0.5307700399747528,0.25493413109249563,0.005647100763921226,0.011294201527842452,0.25510204081632654,0.06207173475913873,0.017032232336876105,0.03406446467375221,0.06106909768983736
1,1280,0.5351549340151567,0.024342164059438936,0.04868432811887787,0.5255102040816326,0.2543673483906273,0.0054082589113953,0.0108165178227906,0.2538860103626943,0.057555037321445894,0.014306258816876591,0.028612517633753182,0.05598000621568425
1,1518,0.5386298609875739,0.03266635508632419,0.06533271017264838,0.5257731958762887,0.2543900950173384,0.00473634756837905,0.0094726951367581,0.2538860103626943,0.055497820657585885,0.013195546646140347,0.026391093292280694,0.05583756345177665
