cores,pkt_sz,total_mean,total_stdev,total_95ci,total_median,user_mean,user_stdev,user_95ci,user_median,system_mean,system_stdev,system_95ci,system_median
1,64,0.7585519870252263,0.042812473680417046,0.08562494736083409,0.7493589743589744,0.054439264106581564,0.01590898706167494,0.03181797412334988,0.05405405405405406,0.23029678540330467,0.02209282098524134,0.04418564197048268,0.23118279569892472
1,128,0.6708004076357895,0.05381756430327573,0.10763512860655146,0.6542553191489362,0.13201208569638598,0.01001084907724538,0.02002169815449076,0.13227513227513227,0.1473510755577522,0.020754849082488997,0.041509698164977994,0.1462714022923447
1,256,0.6281486276895273,0.06570947273836665,0.1314189454767333,0.6041137901861252,0.18833434607512542,0.00989210579469879,0.01978421158939758,0.18652849740932642,0.10657049911666715,0.01852342074155385,0.0370468414831077,0.10371376811594203
1,512,0.5984239384025288,0.05919985873484976,0.11839971746969952,0.5763179035430345,0.21911244569143043,0.008518064947970848,0.017036129895941696,0.2192513368983957,0.08428553031230707,0.015493938495402685,0.03098787699080537,0.08376963350785341
1,1024,0.5640801659779466,0.033295300594806836,0.06659060118961367,0.5532994923857868,0.23319398761781607,0.006835623940745868,0.013671247881491736,0.23195876288659795,0.06479972217688464,0.013086602755709177,0.026173205511418354,0.061855670103092786
1,1280,0.5572612055626113,0.031482469873616144,0.06296493974723229,0.5463917525773196,0.2355327395213569,0.006477689057917485,0.01295537811583497,0.2358974358974359,0.059884350424006715,0.014211438760776298,0.028422877521552595,0.057291666666666664
1,1518,0.5685772297394898,0.062478086209698636,0.12495617241939727,0.5459183673469388,0.23874036465270984,0.006150950180521371,0.012301900361042742,0.23834196891191708,0.06057065739667069,0.016213544837523707,0.03242708967504741,0.060453784071874524
