cores,pkt_sz,total_mean,total_stdev,total_95ci,total_median,user_mean,user_stdev,user_95ci,user_median,system_mean,system_stdev,system_95ci,system_median
1,64,0.7999239207028844,0.09816984184693803,0.19633968369387605,0.825068306010929,0.15926305305208174,0.08448848002927875,0.1689769600585575,0.19890987940355254,0.061484286279305904,0.01776180844975694,0.03552361689951388,0.06349206349206349
1,128,0.8338039700954809,0.09876073336707374,0.19752146673414747,0.8486486486486486,0.130993024961829,0.07111940585377713,0.14223881170755426,0.15942028985507245,0.08253076512174705,0.025541340564233368,0.051082681128466735,0.08465608465608465
1,256,0.7821517079266339,0.11884888711554945,0.2376977742310989,0.7878695889745613,0.07114456909344527,0.11129949524354679,0.22259899048709358,0.04211079943899018,0.07631517422517213,0.044547883348800235,0.08909576669760047,0.06885245901639345
1,512,0.8925590595400469,0.06498074062984156,0.12996148125968313,0.8830767867166958,0.10010026536114677,0.09281947891396077,0.18563895782792153,0.09481557186657995,0.10966650709350402,0.07997607221233655,0.1599521444246731,0.09959785522788203
1,1024,0.8240674614974562,0.055587386353015064,0.11117477270603013,0.8042328042328042,0.09997511548379191,0.013747429196498418,0.027494858392996837,0.09836065573770492,0.16628666440534876,0.01578815430149163,0.03157630860298326,0.16574585635359115
1,1280,0.7661490889915984,0.043123432365997305,0.08624686473199461,0.7617917409795583,0.045744737848740155,0.017986405534809055,0.03597281106961811,0.043597053932050364,0.19102162876459328,0.01731273605757335,0.0346254721151467,0.18848167539267016
1,1518,0.7430299720226119,0.037613577638292296,0.07522715527658459,0.7331588132635254,0.06258872447607326,0.012604649539570446,0.025209299079140893,0.061855670103092786,0.17330217181575405,0.019300813844001508,0.038601627688003015,0.17098445595854922
