cores,pkt_sz,total_mean,total_stdev,total_95ci,total_median,user_mean,user_stdev,user_95ci,user_median,system_mean,system_stdev,system_95ci,system_median
1,64,0.644134978840154,0.17111946578362205,0.3422389315672441,0.5505050505050505,0.2485307606016642,0.058208873126752485,0.11641774625350497,0.2538860103626943,0.10884864169220468,0.14881920870447535,0.2976384174089507,0.07216494845360824
1,128,0.5463515373224704,0.06538708466042599,0.13077416932085198,0.5268399288107203,0.2543196286045717,0.005826315964940642,0.011652631929881283,0.2538860103626943,0.07251229888673279,0.034550741444546715,0.06910148288909343,0.06598984771573604
1,256,0.5417614473563844,0.0505873939663068,0.1011747879326136,0.5282051282051282,0.25620220671961924,0.005988315118557463,0.011976630237114925,0.2564102564102564,0.06952464269870541,0.017850262529281263,0.03570052505856253,0.0675329231433506
1,512,0.5392023992232196,0.04771817505802413,0.09543635011604826,0.5279187817258884,0.2560005616725431,0.006663743609905123,0.013327487219810245,0.25510204081632654,0.06913422389032024,0.0200336196704801,0.0400672393409602,0.06666666666666667
1,1024,0.5496511044656464,0.05997720915884019,0.11995441831768038,0.5279187817258884,0.25618597748156396,0.006031665478574397,0.012063330957148795,0.25510204081632654,0.05438304145036016,0.01774105715186874,0.03548211430373748,0.05154639175257732
1,1280,0.5334975841405911,0.028602897187056307,0.05720579437411261,0.5255102040816326,0.25471247645583905,0.004577749401888766,0.009155498803777532,0.25510204081632654,0.0522566279477898,0.015868581553485587,0.031737163106971174,0.05102040816326531
1,1518,0.535704376555384,0.0314988147150288,0.0629976294300576,0.5267056934155312,0.2554008187293028,0.0053055885483109045,0.010611177096621809,0.2550510204081633,0.057123307609639074,0.016219327712211788,0.032438655424423576,0.05641025641025641
