cores,pkt_sz,target_rate,target_pps,rate_median,rate_mean,pps_median,pps_mean,rate_95ci,pps_95ci
1,64,0.1,195.3125,0.09309090909090909,0.09234731313131313,145.45454545454547,144.19191919191923,0.004745777964218796,7.335809471488438
1,128,0.1,97.65625,0.08340945454545455,0.08349333333333335,81.45454545454545,81.48484848484847,0.00023724503882718902,0.08570991287109911
1,256,0.1,48.828125,0.08340945454545455,0.08349333333333335,40.72727272727273,40.757575757575765,0.00023724503882718902,0.08570991287109911
1,512,0.1,24.4140625,0.07149381818181817,0.07165939393939394,17.454545454545453,17.515151515151516,0.00046831896392768616,0.17141982574219486
1,1024,0.1,12.20703125,0.09532509090909091,0.09549066666666667,11.636363636363637,11.696969696969695,0.00046831896392766003,0.1714198257421932
1,1280,0.1,9.765625,0.06007490909090909,0.08619498989898991,6.0,8.454545454545455,0.059186674567860253,5.7750929694892585
1,1518,0.1,8.234519104084322,0.141312,0.1100189898989899,11.636363636363637,9.09090909090909,0.07030581326970582,5.815024395787143
