cores,pkt_sz,target_rate,target_pps,rate_median,rate_mean,pps_median,pps_mean,rate_95ci,pps_95ci
1,64,0.5,976.5625,0.4803490909090909,0.48040355555555553,750.5454545454545,750.5656565656565,0.00020378804676248228,0.07558903811667106
1,128,0.5,488.28125,0.4349207272727273,0.43497519191919193,424.72727272727275,424.74747474747477,0.0002037880467624361,0.07558903811662379
1,256,0.5,244.140625,0.46470981818181817,0.4647915151515152,226.9090909090909,226.93939393939394,0.00023107392510053642,0.08570991287109911
1,512,0.5,122.0703125,0.4766254545454545,0.4766254545454545,116.36363636363636,116.36363636363636,0.0,0.0
1,1024,0.5,61.03515625,0.4766254545454545,0.4766806464646465,58.18181818181818,58.20202020202019,0.0003122126426184749,0.11427988382813214
1,1280,0.5,48.828125,0.4766254545454545,0.47676379797979795,46.54545454545455,46.595959595959606,0.0004134121828086681,0.15117807623328855
1,1518,0.5,41.17259552042161,0.565248,0.5653304242424243,46.54545454545455,46.57575757575758,0.00033042984499133583,0.12121212121211913
