cores,pkt_sz,target_rate,target_pps,rate_median,rate_mean,pps_median,pps_mean,rate_95ci,pps_95ci
1,64,50,97656.25,3.4390109090909093,3.4439691313131315,5373.454545454545,5381.10101010101,0.6284007363335412,981.9081045406832
1,128,50,48828.125,6.512174545454545,6.445336404040404,6363.181818181818,6301.646464646465,0.8856885246519559,868.151089178298
1,256,50,24414.0625,15.392954181818181,15.264510545454547,7516.090909090909,7453.363636363637,0.8006217295865427,390.910105706928
1,512,50,12207.03125,31.483717818181816,31.51110836363636,7686.454545454545,7693.151515151515,1.6571149399198704,404.5604219226414
1,1024,50,6103.515625,48.77665745454545,48.841683959595954,5954.181818181818,5970.262626262625,0.3745658020845369,91.61280940043383
1,1280,50,4882.8125,48.99095272727273,48.972004686868694,4784.272727272727,4782.444444444444,0.07128250202890785,6.934797707427016
1,1518,50,4117.259552042161,49.125792,49.118815676767674,4045.2727272727275,4044.737373737374,0.030935257058912147,2.569074316279517
