cores,pkt_sz,target_rate,target_pps,rate_median,rate_mean,pps_median,pps_mean,rate_95ci,pps_95ci
1,64,100,195312.5,1.6033745454545454,1.3058468686868687,2505.2727272727275,2040.2525252525254,1.2574051787657634,1964.8687075357682
1,128,100,97656.25,3.0849396363636363,2.5247909494949496,3012.6363636363635,2465.6161616161617,2.4867617131207487,2428.478235469481
1,256,100,48828.125,6.6304930909090904,4.87424,3237.5454545454545,2380.0,7.001470522847859,3418.686778734306
1,512,100,24414.0625,14.708363636363636,14.778974464646463,3590.909090909091,3608.151515151515,2.2149033068362467,540.7525144740513
1,1024,100,12207.03125,52.84882618181818,52.900460606060605,6451.272727272727,6464.10101010101,1.7577737376276494,204.23531044970224
1,1280,100,9765.625,96.6749090909091,96.64191353535354,9446.818181818182,9441.59595959596,0.6795804186541554,68.71086924714888
1,1518,100,8234.519104084322,97.694064,97.68213705050505,8044.636363636364,8046.555555555556,0.0562370102435377,18.737654167630865
