cores,pkt_sz,total_mean,total_stdev,total_95ci,total_median,user_mean,user_stdev,user_95ci,user_median,system_mean,system_stdev,system_95ci,system_median
1,64,0.0021801768144805536,0.0018988817855647671,0.0037977635711295343,0.002617801047120394,0.0005086371486245722,0.00103528144529708,0.00207056289059416,0.0,0.0009443687295298388,0.0012561304501938872,0.0025122609003877744,0.0
1,128,0.002951955033600545,0.002497459296967635,0.00499491859393527,0.0026455211606699613,0.0005894872315172837,0.0011028757715196955,0.002205751543039391,0.0,0.0010335663720611578,0.001295718976891558,0.002591437953783116,0.0
1,256,0.006769708640258831,0.0029176016487432424,0.005835203297486485,0.007978949155419746,0.0012628852605746975,0.0014771531327108865,0.002954306265421773,0.0,0.0022312339595588994,0.0013372174127473974,0.0026744348254947948,0.002680965147453083
1,512,0.005147572872098518,0.0019794668059484335,0.003958933611896867,0.005221932114882533,0.0011591180940171669,0.001295946282073705,0.00259189256414741,0.0,0.0034095582700940197,0.0011989988138078132,0.0023979976276156264,0.002617801047120419
1,1024,0.00555230283289907,0.0020374517686484435,0.004074903537296887,0.00512820512820511,0.0014948212942259111,0.0012633620584149522,0.0025267241168299044,0.0025575447570332483,0.0037017186392063433,0.0015266109389015475,0.003053221877803095,0.002570694087403599
1,1280,0.005250670431368497,0.0021577653016630768,0.0043155306033261535,0.005115089514066473,0.001489731880395448,0.001259061289092862,0.002518122578185724,0.0025477748351248894,0.0031935014311976068,0.00151621670890734,0.00303243341781468,0.0025575447570332483
1,1518,0.004668240634746131,0.002112485758993935,0.00422497151798787,0.0050890585241730735,0.0012017690639996707,0.0012705021008384662,0.0025410042016769325,0.0,0.0029720589570764577,0.0012704356373366417,0.0025408712746732834,0.002551020408163265
