cores,pkt_sz,total_mean,total_stdev,total_95ci,total_median,user_mean,user_stdev,user_95ci,user_median,system_mean,system_stdev,system_95ci,system_median
1,64,0.0039923196954599555,0.0017147256937796816,0.003429451387559363,0.005037783375314908,0.0014006237574446514,0.0012527606738101927,0.0025055213476203853,0.0025188916876574307,0.002451757510923217,0.0012562683259258278,0.0025125366518516557,0.0025252525252525255
1,128,0.003917589613754358,0.0020050374081919506,0.004010074816383901,0.005025125628140725,0.0011884235871205276,0.0012563909766459714,0.0025127819532919427,0.0,0.00265937261513187,0.0014475076374720367,0.0028950152749440735,0.0025188916876574307
1,256,0.0037045139712793117,0.0020891343239178455,0.004178268647835691,0.002525252525252486,0.0011175762512431716,0.0012494924451445495,0.002498984890289099,0.0,0.002586937720036152,0.001386265503716666,0.002772531007433332,0.0025188916876574307
1,512,0.003007981853194468,0.0014281517360012256,0.002856303472002451,0.002525252525252486,0.0009790442471796343,0.001227300719531447,0.002454601439062894,0.0,0.001958968392468808,0.0012029889009323516,0.0024059778018647032,0.0025188916876574307
1,1024,0.0030060435912639804,0.0018563842203062752,0.0037127684406125503,0.002525252525252486,0.0009781625732918722,0.0012261932334769535,0.002452386466953907,0.0,0.0018881183929241175,0.0014974237225983753,0.0029948474451967507,0.002512562814070352
1,1280,0.003006570997396232,0.0018562448393343893,0.0037124896786687785,0.0025188916876573986,0.0009786917552023517,0.0012268583263387598,0.0024537166526775196,0.0,0.001958085830691934,0.0012025763177859203,0.0024051526355718406,0.0025188916876574307
1,1518,0.004051200862792071,0.0021512350766280954,0.004302470153256191,0.0037751890766966056,0.0014665477214950685,0.0013730424701447568,0.0027460849402895136,0.002506265664160401,0.002515034650625881,0.0013222602326145132,0.0026445204652290263,0.0025188916876574307
