cores,pkt_sz,total_mean,total_stdev,total_95ci,total_median,user_mean,user_stdev,user_95ci,user_median,system_mean,system_stdev,system_95ci,system_median
1,64,0.004819621384611937,0.0022652926035779644,0.004530585207155929,0.0052631578947368585,0.0010216751082733474,0.0012807494805928835,0.002561498961185767,0.0,0.002703175770995575,0.0013085286170603115,0.002617057234120623,0.002631578947368421
1,128,0.006735231929324712,0.0020339281265188223,0.0040678562530376446,0.0077319587628865705,0.002006807566149364,0.0015025877196682743,0.0030051754393365486,0.002577319587628866,0.004442423603451327,0.0013028639880580011,0.0026057279761160022,0.005154639175257732
1,256,0.004890571829082856,0.0019297458288318147,0.0038594916576636293,0.005102040816326481,0.001416516933136791,0.0012669773869089169,0.0025339547738178337,0.002544529262086514,0.0032620107907721913,0.0011419907911823072,0.0022839815823646145,0.0025575447570332483
1,512,0.005066164978700981,0.0018798240926161283,0.0037596481852322566,0.005063291139240533,0.0016178017042781767,0.001216284097025515,0.00243256819405103,0.0025284490474363893,0.003378217370943561,0.001330594902239932,0.002661189804479864,0.0025380710659898475
1,1024,0.004209123705630773,0.0016778521527933367,0.0033557043055866733,0.005050505050505083,0.0012619212921586207,0.0013946121713259538,0.0027892243426519076,0.0,0.0028072639863800665,0.0009916284764557573,0.0019832569529115145,0.0025252525252525255
1,1280,0.00406581742059323,0.0017070548698524062,0.0034141097397048124,0.005037783375314908,0.001331359541272496,0.0013922767584820042,0.0027845535169640084,0.0012594458438287153,0.0025945194522286434,0.0009376124512794749,0.0018752249025589499,0.0025252525252525255
1,1518,0.0037140286447435076,0.0017282207956005064,0.003456441591201013,0.0025316455696202667,0.00119089282690251,0.0012590025147554617,0.0025180050295109235,0.0,0.002383197390748912,0.0011811634267639291,0.0023623268535278583,0.0025252525252525255
