cores,pkt_sz,total_mean,total_stdev,total_95ci,total_median,user_mean,user_stdev,user_95ci,user_median,system_mean,system_stdev,system_95ci,system_median
1,64,0.0046098997455441765,0.0020024725907857263,0.0040049451815714525,0.005025125628140725,0.0014663701436727597,0.0012393157876213021,0.0024786315752426042,0.002506265664160401,0.0031435296018714007,0.001492938483138847,0.002985876966277694,0.0025188916876574307
1,128,0.003914242258316908,0.0014991937902013332,0.0029983875804026664,0.0037751890766966056,0.0011877203789441855,0.0012556476616145203,0.0025112953232290405,0.0,0.002726521879372726,0.0013729590702060309,0.0027459181404120617,0.0025188916876574307
1,256,0.004401389702450344,0.0016042489698662125,0.003208497939732425,0.005025125628140725,0.0015366900867695749,0.0013607721475879678,0.0027215442951759356,0.002512562814070352,0.0028646996156807573,0.001344164828093539,0.002688329656187078,0.0025188916876574307
1,512,0.003704682690238082,0.0016184144891109322,0.0032368289782218644,0.002525252525252486,0.0011882477917523,0.0012562052464507828,0.0025124104929015656,0.0,0.0024466414869838363,0.001254564892283904,0.002509129784567808,0.0025188916876574307
1,1024,0.0037038080794080754,0.0018209338700831512,0.0036418677401663024,0.0037751890766966056,0.0012571621796821104,0.0012571655363992232,0.0025143310727984464,0.0012531328320802004,0.002446645899725963,0.0011044059505484264,0.0022088119010968527,0.0025188916876574307
1,1280,0.0032145483337265766,0.0020174790882698307,0.004034958176539661,0.002525252525252486,0.0011175744754649485,0.0012494886636418574,0.0024989773272837148,0.0,0.001957736876919382,0.0012031526234861985,0.002406305246972397,0.002512562814070352
1,1518,0.0036340138200721527,0.001613102215125228,0.003226204430250456,0.005025125628140725,0.0013967481281486232,0.001249292073175942,0.002498584146351884,0.002512562814070352,0.0022372656919235315,0.0012960057230007968,0.0025920114460015937,0.002512562814070352
