cores,pkt_sz,total_mean,total_stdev,total_95ci,total_median,user_mean,user_stdev,user_95ci,user_median,system_mean,system_stdev,system_95ci,system_median
1,64,0.0034408875267491323,0.0018942862280142997,0.0037885724560285995,0.0025380710659898,0.0010523679260194688,0.00124518076153238,0.00249036152306476,0.0,0.00231819611268465,0.0010933150502814165,0.002186630100562833,0.002531645569620253
1,128,0.0038525660300902714,0.0020922813140711667,0.0041845626281423335,0.003787927220652354,0.0011896559838832073,0.0012576934502295703,0.0025153869004591405,0.0,0.002593116634705097,0.0011066821642748304,0.002213364328549661,0.0025252525252525255
1,256,0.003361533997050112,0.001569780339335603,0.003139560678671206,0.0025316455696202667,0.0011202168468802203,0.0012524445444228806,0.002504889088845761,0.0,0.0022413171501698874,0.00099017661579575,0.0019803532315915,0.0025188916876574307
1,512,0.004821385225216224,0.0018095773416077709,0.0036191546832155417,0.005025125628140725,0.0015366892055563208,0.0012258597138724372,0.0024517194277448745,0.002512562814070352,0.0032846960196598915,0.0012988946881135706,0.002597789376227141,0.002522072106454978
1,1024,0.003566505835143301,0.0016059005564858884,0.0032118011129717767,0.002525252525252486,0.0012585703851647335,0.001258575540363812,0.002517151080727624,0.001256281407035176,0.002238142038476625,0.0011522246553964523,0.0023044493107929045,0.0025188916876574307
1,1280,0.004748956505424352,0.0019394545991338345,0.003878909198267669,0.005025125628140725,0.001535986865241517,0.001225299330943554,0.002450598661887108,0.002506265664160401,0.0031430004266367797,0.0014931549597904123,0.0029863099195808246,0.0025188916876574307
1,1518,0.004399636969289001,0.00199135798248083,0.00398271596496166,0.005025125628140725,0.0014660176583713353,0.0012390163528923012,0.0024780327057846024,0.002506265664160401,0.0027936799959364716,0.0012913519846318874,0.0025827039692637747,0.0025188916876574307
