cores,pkt_sz,total_mean,total_stdev,total_95ci,total_median,user_mean,user_stdev,user_95ci,user_median,system_mean,system_stdev,system_95ci,system_median
1,64,0.0030878726460386464,0.0022211187800846564,0.004442237560169313,0.0027173913043477826,0.0004522881753193484,0.0010113526310899627,0.0020227052621799254,0.0,0.0009790344428116408,0.001302243123048664,0.002604486246097328,0.0
1,128,0.001753619529447914,0.0016394405158367113,0.0032788810316734225,0.0026315789473684292,0.0005115050569148698,0.0010411197193599482,0.0020822394387198964,0.0,0.0010228162269190037,0.0012821692132745247,0.0025643384265490493,0.0
1,256,0.0037536834024922724,0.0019086045208128151,0.0038172090416256303,0.0026595744680850686,0.00022046163153241193,0.0007311940655927354,0.0014623881311854707,0.0,0.000956108331287829,0.0012717530181453492,0.0025435060362906984,0.0
1,512,0.006803359428639266,0.0027494049106016254,0.005498809821203251,0.005361968834454611,0.0008863509540036994,0.0012535136473801065,0.002507027294760213,0.0,0.0024413415231793727,0.0013166459555791832,0.0026332919111583665,0.0026595744680851063
1,1024,0.005152851483076352,0.0019865499515488946,0.003973099903097789,0.005235602094240788,0.0010877205740580148,0.0012870158293091965,0.002574031658618393,0.0,0.003267143886258841,0.0012863056226622776,0.002572611245324555,0.002617801047120419
1,1280,0.005561211811497191,0.0018452969906177135,0.003690593981235427,0.00520833333333337,0.0011545919657966293,0.00129087645976292,0.00258175291952584,0.0,0.0034673517173787753,0.0012207350850951637,0.0024414701701903274,0.0026109660574412533
1,1518,0.007012060017559453,0.0023008150019749717,0.0046016300039499435,0.007712082262210762,0.0017167530677195876,0.0012139435163643008,0.0024278870327286016,0.002570694087403599,0.004294478843154235,0.001710535038276148,0.003421070076552296,0.005141388174807198
