cores,pkt_sz,target_rate,target_pps,rate_median,rate_mean,pps_median,pps_mean,rate_95ci,pps_95ci
1,64,50,97656.25,47.45647163636363,47.45647163636363,74150.59090909091,74150.59090909091,0.012205818181818984,19.363636363632395
1,128,50,48828.125,43.19779527272728,43.19779527272728,42185.27272727273,42185.27272727273,0.0015236363636361716,1.636363636367605
1,256,50,24414.0625,46.43182,46.43182,22671.772727272728,22671.772727272728,0.04443854545454684,21.727272727272066
1,512,50,12207.03125,48.349306545454546,48.349306545454546,11804.045454545454,11804.045454545454,0.041949818181819865,10.272727272727934
1,1024,50,6103.515625,48.590103272727276,48.590103272727276,5931.40909090909,5931.40909090909,0.1154327272727258,14.090909090909008
1,1280,50,4882.8125,48.66466909090909,48.66466909090909,4752.409090909091,4752.409090909091,0.03630545454545597,3.5454545454540494
1,1518,50,4117.259552042161,48.697992,48.697992,4010.045454545455,4010.045454545455,0.34555199999999786,28.454545454545496
