cores,pkt_sz,target_rate,target_pps,rate_median,rate_mean,pps_median,pps_mean,rate_95ci,pps_95ci
1,64,0.5,976.5625,0.4803490909090909,0.4803490909090909,750.5454545454545,750.5454545454545,0.0,0.0
1,128,0.5,488.28125,0.4349207272727273,0.4349207272727273,424.72727272727275,424.72727272727275,0.0,0.0
1,256,0.5,244.140625,0.46470981818181817,0.46470981818181817,226.9090909090909,226.9090909090909,0.0,0.0
1,512,0.5,122.0703125,0.476748,0.476748,116.4090909090909,116.4090909090909,0.00024509090909097253,0.09090909090909349
1,1024,0.5,61.03515625,0.476748,0.476748,58.22727272727273,58.22727272727273,0.00024509090909097253,0.09090909090909349
1,1280,0.5,48.828125,0.47348981818181823,0.47348981818181823,46.27272727272727,46.27272727272727,0.1259178181818182,12.36363636363636
1,1518,0.5,41.17259552042161,0.4124665454545454,0.4124665454545454,34.0,34.0,0.07372290909090912,6.0
