cores,pkt_sz,target_rate,target_pps,rate_median,rate_mean,pps_median,pps_mean,rate_95ci,pps_95ci
1,64,10,19531.25,9.537890909090908,9.537890909090908,14902.954545454544,14902.954545454544,0.0005236363636331731,0.8181818181819835
1,128,10,9765.625,8.708654545454545,8.708654545454545,8504.545454545454,8504.545454545454,0.0003723636363623939,0.3636363636360329
1,256,10,4882.8125,9.362278545454547,9.362278545454547,4571.409090909091,4571.409090909091,0.007326545454544586,3.5454545454540494
1,512,10,2441.40625,9.677484363636363,9.677484363636363,2362.681818181818,2362.681818181818,0.010919272727274887,2.6363636363635123
1,1024,10,1220.703125,9.21724290909091,9.21724290909091,1125.1818181818182,1125.1818181818182,0.4210225454545462,51.454545454545496
1,1280,10,976.5625,9.05135490909091,9.05135490909091,883.9545454545455,883.9545454545455,0.13430254545454545,13.181818181818132
1,1518,10,823.4519104084321,9.123578545454546,9.123578545454546,751.3181818181818,751.3181818181818,0.05274690909090829,4.272727272727366
