cores,pkt_sz,target_rate,target_pps,rate_median,rate_mean,pps_median,pps_mean,rate_95ci,pps_95ci
1,64,100,195312.5,94.83502545454544,94.83502545454544,148179.72727272726,148179.72727272726,0.00791272727271064,12.363636363646947
1,128,100,97656.25,86.29992727272727,86.29992727272727,84277.27272727274,84277.27272727274,0.01805963636363117,17.636363636367605
1,256,100,48828.125,92.94776472727273,92.94776472727273,45384.63636363637,45384.63636363637,0.007506181818172308,3.636363636360329
1,512,100,24414.0625,96.898636,96.898636,23656.909090909092,23656.909090909092,0.05225818181818909,12.727272727272066
1,1024,100,12207.03125,98.21860472727272,98.21860472727272,11989.636363636364,11989.636363636364,0.13702327272726222,16.727272727272066
1,1280,100,9765.625,98.405252,98.405252,9609.954545454544,9609.954545454544,0.14800800000000436,14.45454545454595
1,1518,100,8234.519104084322,98.95054181818182,98.95054181818182,8148.136363636364,8148.136363636364,0.401604363636352,33.0
