cores,pkt_sz,target_rate,target_pps,rate_median,rate_mean,pps_median,pps_mean,rate_95ci,pps_95ci
1,64,1,1953.125,0.9608207272727273,0.9608207272727273,1501.1363636363635,1501.1363636363635,0.00024509090909097253,0.0909090909092356
1,128,1,976.5625,0.8699672727272727,0.8699672727272727,849.5,849.5,0.0002516363636363428,0.09090909090900823
1,256,1,488.28125,0.9295454545454545,0.9295454545454545,453.8636363636364,453.8636363636364,0.0002516363636363428,0.09090909090912191
1,512,1,244.140625,0.9533767272727272,0.9533767272727272,232.77272727272725,232.77272727272725,0.0002516363636363428,0.09090909090909349
1,1024,1,122.0703125,0.8822552727272727,0.8822552727272727,107.72727272727272,107.72727272727272,0.14249454545454543,17.454545454545453
1,1280,1,97.65625,0.7862785454545453,0.7862785454545453,76.81818181818181,76.81818181818181,0.0881847272727273,8.545454545454547
1,1518,1,82.34519104084322,0.744648,0.744648,61.31818181818182,61.31818181818182,0.10708799999999996,8.818181818181827
