cores,pkt_sz,total_mean,total_stdev,total_95ci,total_median,user_mean,user_stdev,user_95ci,user_median,system_mean,system_stdev,system_95ci,system_median
7,64,0.08059998625353522,0.005608256844934622,0.011216513689869244,0.08051948051948055,0.018885892952329793,0.002559633150629678,0.005119266301259356,0.018229166666666668,0.04332389899027162,0.004411014994162863,0.008822029988325725,0.04381472403233627
7,256,0.056553821058916015,0.00599383493637016,0.01198766987274032,0.05655526992287918,0.013849401471483705,0.0035408013895734222,0.0070816027791468445,0.012919896640826873,0.03827619322272863,0.004918809821271807,0.009837619642543614,0.03865979381443299
7,512,0.06803512970237192,0.008785586861576312,0.017571173723152624,0.06708583294877712,0.016549022427234866,0.0036659451581392464,0.007331890316278493,0.015306122448979591,0.049028636109739204,0.006597865049456007,0.013195730098912013,0.04828470311672543
7,1518,0.06326182174968212,0.010712690818984018,0.021425381637968036,0.06329113924050633,0.014099625617740514,0.004351325556335096,0.008702651112670191,0.015037688442211055,0.047967516047664104,0.009460500922792013,0.018921001845584026,0.047979797979797977
