cores,pkt_sz,total_mean,total_stdev,total_95ci,total_median,user_mean,user_stdev,user_95ci,user_median,system_mean,system_stdev,system_95ci,system_median
7,64,0.06597723814873534,0.011608622628946188,0.023217245257892375,0.06783919597989951,0.014580433372903576,0.004294485135233334,0.008588970270466668,0.014962965726972519,0.05111757164516664,0.0098186518001314,0.0196373036002628,0.05156831472620946
7,256,0.06047870565894008,0.012672397445626257,0.025344794891252513,0.061865892931160904,0.013112750002228108,0.003846369111713688,0.007692738223427376,0.01282051282051282,0.04722565579764955,0.010924674957490221,0.021849349914980443,0.048223350253807105
7,512,0.056709001499002896,0.0160802191168905,0.032160438233781,0.0558996383363472,0.011152221017796152,0.004872149269660022,0.009744298539320044,0.011356077468211937,0.045488697692535725,0.012620598980816083,0.025241197961632166,0.04551208285385501
7,1518,0.06002361739413479,0.012677619317250411,0.025355238634500822,0.06194540340109961,0.013242980075707402,0.00514488516719464,0.01028977033438928,0.012594778084451634,0.04671066810488136,0.009742941069406846,0.019485882138813693,0.04791937002264458
