cores,pkt_sz,total_mean,total_stdev,total_95ci,total_median,user_mean,user_stdev,user_95ci,user_median,system_mean,system_stdev,system_95ci,system_median
7,64,0.07304306353311565,0.005431598613689172,0.010863197227378343,0.07474226804123707,0.015439550228135238,0.0022553935361133326,0.004510787072226665,0.015503875968992248,0.029155797535676566,0.0033422626146608404,0.006684525229321681,0.02857142857142857
7,256,0.15647784324454367,0.004564812937085921,0.009129625874171841,0.156498673740053,0.03399495326778904,0.0030008918965086346,0.006001783793017269,0.03439153439153439,0.07351556948833937,0.004234016313863034,0.008468032627726068,0.0739763510212059
7,512,0.10457764934626226,0.0044851294418899275,0.008970258883779855,0.10498687664041995,0.023426281577759243,0.0021306553164724047,0.004261310632944809,0.023622047244094488,0.05385285313055082,0.003798836107704538,0.007597672215409076,0.052770448548812667
7,1518,0.0629369345020764,0.004308214937901466,0.008616429875802932,0.06282722513089001,0.015043314699118786,0.001947904130548541,0.003895808261097082,0.015665796344647518,0.03480988237551869,0.0033565493342690984,0.006713098668538197,0.034031413612565446
