cores,pkt_sz,total_mean,total_stdev,total_95ci,total_median,user_mean,user_stdev,user_95ci,user_median,system_mean,system_stdev,system_95ci,system_median
7,64,0.06714170929591776,0.008795089942249312,0.017590179884498625,0.06691643018843862,0.016379395544667195,0.004695145981619304,0.009390291963238607,0.015228524495120301,0.04907897210131748,0.007744863347089304,0.015489726694178607,0.05012531328320802
7,256,0.06720383902417566,0.009335881328401675,0.01867176265680335,0.06783919597989951,0.01535427208068791,0.0037930286694276673,0.007586057338855335,0.015170694284618334,0.051291650851984415,0.007957647451011669,0.015915294902023338,0.05031454501727783
7,512,0.06313761341825469,0.011104578872915122,0.022209157745830245,0.06313131313131315,0.01357660259695799,0.004352197919387612,0.008704395838775225,0.012804286238917162,0.04927934183922421,0.009275722034980659,0.018551444069961318,0.05055048335123523
7,1518,0.06091987176632133,0.013536139638277496,0.027072279276554992,0.06194540340109961,0.012676996426895936,0.004815847270529027,0.009631694541058054,0.012563131313131314,0.04810203177752921,0.011656897709484648,0.023313795418969295,0.050188284782307524
