cores,pkt_sz,target_rate,target_pps,rate_median,rate_mean,pps_median,pps_mean,rate_95ci,pps_95ci
7,64,1,1953.125,0.9606981818181818,0.9606981818181818,1501.090909090909,1501.090909090909,0.0,0.0
7,256,1,488.28125,0.9294196363636363,0.9294196363636363,453.8181818181818,453.8181818181818,0.0,0.0
7,512,1,244.140625,0.9525061818181818,0.9525061818181818,232.54545454545456,232.54545454545456,0.0014894545454544605,0.36363636363634555
7,1518,1,82.34519104084322,1.024512,1.024512,84.36363636363636,84.36363636363636,0.0,0.0
