cores,pkt_sz,target_rate,target_pps,rate_median,rate_mean,pps_median,pps_mean,rate_95ci,pps_95ci
7,64,0.1,195.3125,0.09321672727272727,0.09321672727272727,145.5,145.5,0.00025163636363637054,0.09090909090906507
7,256,0.1,48.828125,0.08353527272727274,0.08353527272727274,40.77272727272727,40.77272727272727,0.00025163636363635666,0.09090909090909349
7,512,0.1,24.4140625,0.07161963636363636,0.07161963636363636,17.5,17.5,0.00025163636363637054,0.09090909090909349
7,1518,0.1,8.234519104084322,0.138,0.138,11.363636363636363,11.363636363636363,0.006623999999999991,0.545454545454545
