cores,pkt_sz,target_rate,target_pps,rate_median,rate_mean,pps_median,pps_mean,rate_95ci,pps_95ci
7,64,10,19531.25,9.544588000000001,9.544588000000001,14913.272727272728,14913.272727272728,0.0015585454545483657,2.727272727273885
7,256,10,4882.8125,9.365812727272727,9.365812727272727,4573.136363636364,4573.136363636364,0.000245090909093193,0.09090909090900823
7,512,10,2441.40625,9.699450545454546,9.699450545454546,2368.0454545454545,2368.0454545454545,0.0002450909090914166,0.09090909090900823
7,1518,10,823.4519104084321,9.988010545454546,9.988010545454546,822.5,822.5,0.013493090909092231,1.1818181818182438
