cores,pkt_sz,total_mean,total_stdev,total_95ci,total_median,user_mean,user_stdev,user_95ci,user_median,system_mean,system_stdev,system_95ci,system_median
1,64,0.2966788474554669,0.005250604458329629,0.010501208916659259,0.2963963410890785,0.2294991075297642,0.006993818596230964,0.013987637192461927,0.2305531547104581,0.017726622909501805,0.00519656548387799,0.01039313096775598,0.016806854560291254
3,64,0.7948756494371065,0.009221367360135738,0.018442734720271477,0.7947368421052632,0.6073656641468822,0.01465958729228821,0.02931917458457642,0.6115458804078259,0.04539536608682609,0.007571447908014215,0.01514289581602843,0.04424850786760716
1,256,0.29328658895716514,0.010449567313854173,0.020899134627708347,0.2922225416906268,0.2299632251638781,0.007855422150656878,0.015710844301313757,0.2297273603927413,0.018384722141097425,0.006293285492101577,0.012586570984203155,0.016129032258064516
3,256,0.7723198569102045,0.017938620613979026,0.03587724122795805,0.7772020725388601,0.6170964276665577,0.021480445415083007,0.042960890830166014,0.6233739947104227,0.04404290439297333,0.006837241228190812,0.013674482456381623,0.041995039955910723
1,512,0.29328503734148453,0.022691099964475926,0.04538219992895185,0.28954631706054856,0.22949050916113733,0.006538276911463247,0.013076553822926494,0.22811831588427334,0.01838287541135678,0.01380769980397462,0.02761539960794924,0.015957446808510637
3,512,0.4358583421703766,0.015572878453413297,0.031145756906826593,0.4388280564751153,0.3295480873225926,0.016446204211875638,0.032892408423751275,0.32978723404255317,0.036840552519062555,0.00867145857317866,0.01734291714635732,0.03713553979511426
1,1518,0.12971711191611576,0.015837683929413083,0.031675367858826166,0.13384589947089948,0.10779575758207743,0.012827148526383626,0.025654297052767252,0.1099476439790576,0.011176164039514514,0.0041065846877950925,0.008213169375590185,0.010471204188481676
3,1518,0.16757482712067834,0.02086614719285566,0.04173229438571132,0.16798015982364284,0.11255204332991714,0.014043024373730386,0.028086048747460773,0.1136958495806848,0.029087399475808587,0.007195058878457758,0.014390117756915516,0.0286218122626153
