cores,pkt_sz,total_mean,total_stdev,total_95ci,total_median,user_mean,user_stdev,user_95ci,user_median,system_mean,system_stdev,system_95ci,system_median
1,64,0.032852542837678245,0.007845949757770053,0.015691899515540106,0.030612244897959218,0.02238202280693478,0.006704024101436802,0.013408048202873604,0.02040816326530612,0.00934102771802659,0.004391616285368709,0.008783232570737418,0.010178182948306226
3,64,0.0546423767570346,0.009034706626861086,0.01806941325372217,0.05208333333333337,0.025036407371374594,0.007574047982001234,0.015148095964002468,0.02570711075865715,0.027306680699029293,0.006727045705620987,0.013454091411241974,0.02610983856893543
1,256,0.022392915447566233,0.01962501583626117,0.03925003167252234,0.015306122448979553,0.008510133730802026,0.009488913137462904,0.018977826274925808,0.00510204081632653,0.012751145713844666,0.012461831245611824,0.024923662491223648,0.01020408163265306
3,256,0.04206799141730369,0.011455092903424377,0.022910185806848754,0.04167118827997829,0.012070341572948833,0.008263495610849889,0.016526991221699778,0.01028284430346286,0.028274189707854867,0.005966847422090289,0.011933694844180578,0.026041666666666668
1,512,0.01640142674552113,0.01009174624851048,0.02018349249702096,0.015228426395939132,0.0052323267628552805,0.006847105287092063,0.013694210574184126,0.002512562814070352,0.010607220613679887,0.004825913375274721,0.009651826750549443,0.01020408163265306
3,512,0.03816782240516608,0.011421186576673674,0.022842373153347348,0.03608247422680411,0.009468359170855091,0.007340222388541764,0.014680444777083529,0.005208333333333333,0.02812665682105675,0.0069418478246933415,0.013883695649386683,0.026041666666666668
1,1518,0.014002760596798815,0.00601947074019734,0.01203894148039468,0.015228426395939132,0.003957499295304468,0.00434828861288699,0.00869657722577398,0.005076142131979695,0.009761814589476201,0.003234674665662474,0.006469349331324948,0.01020408163265306
3,1518,0.035730812638138806,0.007576943935569335,0.01515388787113867,0.03608247422680411,0.0073212739697814545,0.004918408636862492,0.009836817273724985,0.0051813471502590676,0.027545192551284327,0.006646851688591744,0.013293703377183488,0.026041666666666668
