cores,pkt_sz,total_mean,total_stdev,total_95ci,total_median,user_mean,user_stdev,user_95ci,user_median,system_mean,system_stdev,system_95ci,system_median
1,64,0.6075587889590877,0.020268316721658793,0.040536633443317587,0.6084777556905675,0.20949505266340598,0.01668217584923038,0.03336435169846076,0.2099751997795536,0.022371862652640143,0.007061023979556141,0.014122047959112281,0.021164021164021163
3,64,0.46044457576704,0.09262607732653914,0.1852521546530783,0.4305534121423501,0.03092451812107248,0.06909688580670961,0.13819377161341923,0.005633847521107091,0.03235893152980697,0.00941483534316395,0.0188296706863279,0.028249489274770175
1,256,0.5555474251299776,0.0978746598965453,0.1957493197930906,0.5724794331351708,0.10989440877278063,0.10339063969879789,0.20678127939759577,0.11349806380232344,0.018129816600561205,0.010544443049866372,0.021088886099732744,0.016853932584269662
3,256,0.6577033337126869,0.1481079512222222,0.2962159024444444,0.6711464354527938,0.18556595504199647,0.15692071140255792,0.31384142280511584,0.2057052885060665,0.0448920639694402,0.020832862465421088,0.041665724930842175,0.04150537634408602
1,512,0.6646202485047321,0.02909603001177715,0.0581920600235543,0.661308973172988,0.21017888909975926,0.012879680271608409,0.025759360543216817,0.20910764628042117,0.02328884040769988,0.006578756104860708,0.013157512209721415,0.02185792349726776
3,512,0.6595099182556358,0.14478502693771358,0.28957005387542717,0.6383282273082237,0.16835925441924907,0.16572825408316785,0.3314565081663357,0.17001358900800242,0.04421972574684186,0.014799425956500724,0.029598851913001448,0.04139523503685354
1,1518,0.31270327236064877,0.057186822359073415,0.11437364471814683,0.3229813664596274,0.21139681806360758,0.03991050760615966,0.07982101521231932,0.21604938271604937,0.016664191729666104,0.0055710929304585615,0.011142185860917123,0.01818181818181818
3,1518,0.8163630356698877,0.010362496211799781,0.020724992423599563,0.8162162162162162,0.5441976720671657,0.013067548272450463,0.026135096544900926,0.5432445067788686,0.04098144280092245,0.0065060551217419466,0.013012110243483893,0.04041211346198559
