cores,pkt_sz,total_mean,total_stdev,total_95ci,total_median,user_mean,user_stdev,user_95ci,user_median,system_mean,system_stdev,system_95ci,system_median
1,64,0.22528440257785032,0.008693051085020803,0.017386102170041606,0.227979274611399,0.1999783733177216,0.008471691759269253,0.016943383518538507,0.203125,0.01460807659084504,0.004547684653268282,0.009095369306536564,0.015625
3,64,0.25975430729465987,0.012135360030675602,0.024270720061351204,0.2585769980506823,0.20628697348285108,0.011605040522668267,0.023210081045336534,0.20887870855148344,0.03247699673268951,0.006460303027732819,0.012920606055465638,0.031746031746031744
1,256,0.07594037520232634,0.010413386086533014,0.020826772173066027,0.07672684458398743,0.05938115522078358,0.009257713917700845,0.01851542783540169,0.05655564366904573,0.011555575459538621,0.0048940514245739515,0.009788102849147903,0.010309278350515464
3,256,0.10467788451391812,0.017591997439632908,0.035183994879265816,0.10416949244499907,0.06367990278144561,0.011015422612891273,0.022030845225782546,0.06701030927835051,0.028721898186949448,0.006338846117921099,0.012677692235842197,0.02617801047120419
1,512,0.05049075715996584,0.013722189509333266,0.02744437901866653,0.05063583222233614,0.03306679888251098,0.006207255135030084,0.012414510270060169,0.035623640319071795,0.010911679418741105,0.005362515212689619,0.010725030425379239,0.01020408163265306
3,512,0.07338756807046631,0.018572643776821714,0.03714528755364343,0.0727277633851468,0.03620429536015711,0.008115979503791912,0.016231959007583823,0.03684312584836145,0.02724303684041089,0.007044767606114095,0.01408953521222819,0.025974201208981
1,1518,0.023575373689062068,0.011576276722237608,0.023152553444475216,0.02570711075865717,0.011514026551002216,0.007940711874891345,0.01588142374978269,0.015306122448979591,0.010208693685066075,0.004787627871619385,0.00957525574323877,0.01020408163265306
3,1518,0.047604026050323656,0.01224513479291174,0.02449026958582348,0.048812734676609015,0.01836600100818982,0.008891780951832406,0.017783561903664813,0.020512820512820513,0.026512212960693046,0.007318149914617308,0.014636299829234615,0.025906735751295335
