cores,pkt_sz,target_rate,target_pps,rate_median,rate_mean,pps_median,pps_mean,rate_95ci,pps_95ci
1,64,10,19531.25,0.9700363636363636,0.9700363636363636,1515.681818181818,1515.681818181818,0.10292363636363644,160.81818181818176
3,64,10,19531.25,1.2032967272727273,1.2032967272727273,1880.0,1880.0,0.5180901818181818,809.818181818182
1,256,10,4882.8125,3.406475636363636,3.406475636363636,1663.3181818181818,1663.3181818181818,0.010240000000000027,5.0
3,256,10,4882.8125,2.1709127272727273,2.1709127272727273,1060.0,1060.0,0.04834181818181804,23.636363636363512
1,512,10,2441.40625,6.804014545454546,6.804014545454546,1661.1363636363635,1661.1363636363635,0.03835345454545358,9.36363636363626
3,512,10,2441.40625,4.3288530909090905,4.3288530909090905,1056.8636363636365,1056.8636363636365,0.7027709090909093,171.54545454545462
1,1518,10,823.4519104084321,9.8808,9.8808,813.6363636363636,813.6363636363636,0.07065600000000138,5.818181818181756
3,1518,10,823.4519104084321,5.698973818181818,5.698973818181818,469.3181818181818,469.3181818181818,0.039995636363637566,3.363636363636374
