cores,pkt_sz,target_rate,target_pps,rate_median,rate_mean,pps_median,pps_mean,rate_95ci,pps_95ci
1,64,100,195312.5,0.8631563636363637,0.8631563636363637,1348.6818181818182,1348.6818181818182,0.015418181818181886,24.09090909090901
3,64,100,195312.5,0.10761672727272728,0.10761672727272728,168.0,168.0,0.0425498181818182,66.18181818181819
1,256,100,48828.125,1.4068225454545455,1.4068225454545455,686.9090909090909,686.9090909090909,2.3246007272727276,1135.090909090909
3,256,100,48828.125,1.1129018181818182,1.1129018181818182,543.4090909090909,543.4090909090909,1.0550923636363636,515.1818181818181
1,512,100,24414.0625,4.861269454545455,4.861269454545455,1186.8636363636365,1186.8636363636365,0.06590181818181762,16.090909090909236
3,512,100,24414.0625,1.4753047272727273,1.4753047272727273,360.1818181818182,360.1818181818182,0.7410036363636361,180.90909090909088
1,1518,100,8234.519104084322,16.519952363636364,16.519952363636364,1360.409090909091,1360.409090909091,0.1512545454545453,12.454545454545496
3,1518,100,8234.519104084322,11.054904,11.054904,910.3181818181818,910.3181818181818,0.5177759999999996,42.636363636363626
