cores,pkt_sz,target_rate,target_pps,rate_median,rate_mean,pps_median,pps_mean,rate_95ci,pps_95ci
1,64,0.1,195.3125,0.09321345454545454,0.09321345454545454,145.5,145.5,0.000245090909090917,0.09090909090906507
3,64,0.1,195.3125,0.09321345454545454,0.09321345454545454,145.5,145.5,0.000245090909090917,0.09090909090906507
1,256,0.1,48.828125,0.08353527272727274,0.08353527272727274,40.77272727272727,40.77272727272727,0.00025163636363635666,0.09090909090909349
3,256,0.1,48.828125,0.083532,0.083532,40.77272727272727,40.77272727272727,0.00024509090909090314,0.09090909090909349
1,512,0.1,24.4140625,0.07161963636363636,0.07161963636363636,17.5,17.5,0.00025163636363637054,0.09090909090909349
3,512,0.1,24.4140625,0.07161636363636363,0.07161636363636363,17.5,17.5,0.000245090909090917,0.09090909090909349
1,1518,0.1,8.234519104084322,0.10610981818181818,0.10610981818181818,8.772727272727273,8.772727272727273,0.07090763636363637,5.909090909090908
3,1518,0.1,8.234519104084322,0.14143454545454545,0.14143454545454545,11.681818181818182,11.681818181818182,0.000245090909090917,0.09090909090908994
