cores,pkt_sz,target_rate,target_pps,rate_median,rate_mean,pps_median,pps_mean,rate_95ci,pps_95ci
1,64,1,1953.125,0.960824,0.960824,1501.1363636363635,1501.1363636363635,0.0002516363636364538,0.0909090909092356
3,64,1,1953.125,0.7146243636363636,0.7146243636363636,1116.4545454545455,1116.4545454545455,0.08664509090909078,135.090909090909
1,256,1,488.28125,0.9295454545454545,0.9295454545454545,453.8636363636364,453.8636363636364,0.0002516363636363428,0.09090909090912191
3,256,1,488.28125,0.5895741818181819,0.5895741818181819,287.8636363636364,287.8636363636364,0.06205745454545453,30.272727272727252
1,512,1,244.140625,0.9533767272727272,0.9533767272727272,232.77272727272725,232.77272727272725,0.0002516363636363428,0.09090909090909349
3,512,1,244.140625,0.6047185454545454,0.6047185454545454,147.63636363636363,147.63636363636363,0.029044363636363646,7.0909090909090935
1,1518,1,82.34519104084322,1.0599658181818183,1.0599658181818183,87.31818181818181,87.31818181818181,0.00025163636363667585,0.09090909090909349
3,1518,1,82.34519104084322,0.7761119999999999,0.7761119999999999,63.90909090909091,63.90909090909091,0.10819199999999995,8.909090909090907
