cores,pkt_sz,total_mean,total_stdev,total_95ci,total_median,user_mean,user_stdev,user_95ci,user_median,system_mean,system_stdev,system_95ci,system_median
1,64,0.05106132410126679,0.0025046532584864227,0.0050093065169728454,0.05012531328320802,0.05018107390303292,0.002190948044281698,0.004381896088563396,0.05,0.000849347323763692,0.0011846687912177604,0.002369337582435521,0.0
2,64,0.0963692629543459,0.010340932988541078,0.020681865977082155,0.09273182957393489,0.09354508351407728,0.010026959554569297,0.020053919109138594,0.08816120906801007,0.0027465917450117047,0.0012417257529926324,0.0024834515059852648,0.002512562814070352
3,64,0.21944713695100618,0.021303452825955256,0.04260690565191051,0.23469387755102045,0.21172815779227266,0.02086081109399944,0.04172162218799888,0.22646310432569974,0.007562187901958321,0.001943500819896035,0.00388700163979207,0.007653061224489796
4,64,0.28444592385492673,0.01933548393883725,0.0386709678776745,0.27179487179487183,0.27158799026723046,0.018350183891283692,0.036700367782567384,0.2603092783505155,0.012430862156420188,0.0022417542111880188,0.0044835084223760376,0.01282051282051282
5,64,0.2390636306813657,0.03193195472339385,0.0638639094467877,0.23785166240409206,0.228571345378525,0.031036811395209193,0.062073622790418385,0.2282051282051282,0.010145884973699115,0.002239551781285661,0.004479103562571322,0.010230179028132993
6,64,0.37373481800579994,0.06150042787645951,0.12300085575291902,0.42357461659787243,0.35839210570621544,0.05979152783234024,0.11958305566468048,0.4069761230703488,0.014708449129085588,0.0027871411871288024,0.005574282374257605,0.015384615384615385
7,64,0.48015108558708797,0.0473226315477573,0.0946452630955146,0.46759923018302524,0.44366670605378244,0.045020446918704646,0.09004089383740929,0.43147208121827413,0.018783226994336544,0.0025574852121162538,0.0051149704242325076,0.017857142857142856
8,64,0.5189426738302402,0.03598242289932617,0.07196484579865234,0.4980948321514835,0.47841405453553243,0.03383599331818386,0.06767198663636773,0.46045892635182184,0.02190051848513325,0.0029703523438840557,0.005940704687768111,0.02284263959390863
