cores,pkt_sz,total_mean,total_stdev,total_95ci,total_median,user_mean,user_stdev,user_95ci,user_median,system_mean,system_stdev,system_95ci,system_median
1,64,0.1261606458249126,0.0013532523604027037,0.0027065047208054073,0.12594458438287148,0.1241249315591696,0.001048078246398548,0.002096156492797096,0.12373737373737374,0.0019115980226187051,0.00107641420136163,0.00215282840272326,0.0025188916876574307
2,64,0.2501112140464205,0.0013518577838862074,0.002703715567772415,0.25,0.245858860441631,0.0015411721927943364,0.003082344385588673,0.24556962025316456,0.004096866068958531,0.0013126521388383023,0.0026253042776766045,0.005037783375314861
3,64,0.25184276027133545,0.005509697102734588,0.011019394205469176,0.25255102040816324,0.24454451807601077,0.005665982148412095,0.01133196429682419,0.24489795918367346,0.006718203210422604,0.001586674979756573,0.003173349959513146,0.007556675062972292
4,64,0.2558356876955482,0.015143660511873675,0.03028732102374735,0.25316455696202533,0.24825875223772093,0.014590946626676307,0.029181893253352614,0.24552429667519182,0.00691659526123965,0.001756419393307614,0.003512838786615228,0.007575757575757576
5,64,0.3459000928072995,0.0034244631543438836,0.006848926308687767,0.34615384615384615,0.33570168652483445,0.0035835978465482148,0.0071671956930964295,0.33589743589743587,0.00893728543266684,0.001905363801855186,0.003810727603710372,0.007731958762886598
6,64,0.3995607161240409,0.003409263412305323,0.006818526824610646,0.4,0.38748441674086725,0.003616656719915843,0.007233313439831686,0.3871794871794872,0.010225775000860875,0.0021234048046614804,0.004246809609322961,0.010256410256410256
7,64,0.44812324484278504,0.041500395258957885,0.08300079051791577,0.427860696517413,0.41939943951617464,0.0399297857312526,0.0798595714625052,0.40049751243781095,0.01060212695926174,0.001930036503815134,0.003860073007630268,0.010037656956461506
8,64,0.5107674248909293,0.06945643399224874,0.13891286798449748,0.46624978906118164,0.47833039237579505,0.06779085199772615,0.1355817039954523,0.4357044887780549,0.012078132279398893,0.0024455983401707837,0.004891196680341567,0.0125
