cores,pkt_sz,total_mean,total_stdev,total_95ci,total_median,user_mean,user_stdev,user_95ci,user_median,system_mean,system_stdev,system_95ci,system_median
1,64,0.2063185672306457,0.0026637210830520253,0.005327442166104051,0.20698254364089774,0.12291195941531666,0.0012097630622799505,0.002419526124559901,0.1225,0.0020185864246271665,0.0011938796432532798,0.0023877592865065595,0.0024937655860349127
2,64,0.33577236153453,0.00329015950314242,0.00658031900628484,0.3358395989974937,0.24443894846495637,0.0016488547533011911,0.0032977095066023822,0.24438902743142144,0.004352030455815951,0.0013750085597728356,0.002750017119545671,0.004987531172069825
3,64,0.43944098105328006,0.002179559471661536,0.004359118943323072,0.4398976982097187,0.29207689193300074,0.002805635494961822,0.005611270989923644,0.2915601023017903,0.0195783740205706,0.002089542869535467,0.004179085739070934,0.02040816326530612
4,64,0.5317176245919826,0.0032609312504696475,0.006521862500939295,0.5319693094629157,0.3788145800521607,0.00435297810790526,0.00870595621581052,0.37851662404092073,0.024012104591103037,0.00263196833634828,0.00526393667269656,0.023195876288659795
5,64,0.6182031400651881,0.0037638157122658242,0.0075276314245316485,0.617948717948718,0.4618607427732814,0.003977291454119241,0.007954582908238483,0.46153846153846156,0.028735042651235825,0.0024084414299474386,0.004816882859894877,0.028423772609819122
6,64,0.7751680516416466,0.0067997654899697325,0.013599530979939465,0.7746835443037975,0.6380582640962622,0.006517090648953915,0.01303418129790783,0.6370558375634517,0.02129541918315634,0.0025167757791391254,0.005033551558278251,0.02040816326530612
7,64,0.46365280989961527,0.004859973732939149,0.009719947465878297,0.46363611830742657,0.3123749290393233,0.006086630091829238,0.012173260183658476,0.3123359580052493,0.04327671510008484,0.0029480961588681056,0.005896192317736211,0.04398454967800672
8,64,0.5137489920504749,0.0059814933993153335,0.011962986798630667,0.513157894736842,0.35388283816529653,0.00709961326939002,0.01419922653878004,0.35278514588859416,0.049062072090515864,0.0032693033804460417,0.0065386067608920835,0.04855028015741193
