cores,pkt_sz,total_mean,total_stdev,total_95ci,total_median,user_mean,user_stdev,user_95ci,user_median,system_mean,system_stdev,system_95ci,system_median
2,64,0.04849566221203206,0.009493007099271625,0.01898601419854325,0.04712041884816753,0.00782305273619849,0.0037865014093829636,0.007573002818765927,0.010230781307237428,0.026764291568231995,0.008541790796484192,0.017083581592968383,0.02610983856893543
2,256,0.03410143700247523,0.006949744717829395,0.01389948943565879,0.03589743589743588,0.005882630172911372,0.003871425895061759,0.007742851790123518,0.0051813471502590676,0.02062676780643134,0.006230935632690038,0.012461871265380077,0.020618556701030927
2,512,0.03145095131369388,0.007241921866365255,0.01448384373273051,0.030927835051546393,0.004712799391583132,0.003708772676252957,0.007417545352505914,0.00514142215173143,0.02029959131809973,0.005948507199969268,0.011897014399938536,0.02056568860692572
2,1518,0.026407890905070706,0.008817987928141889,0.017635975856283778,0.02577319587628868,0.00571287227733132,0.0033754218201880177,0.0067508436403760355,0.005154639175257732,0.019692689629020006,0.008616750020281767,0.017233500040563534,0.015544041450777202
