cores,pkt_sz,total_mean,total_stdev,total_95ci,total_median,user_mean,user_stdev,user_95ci,user_median,system_mean,system_stdev,system_95ci,system_median
2,64,0.4740369424902504,0.034692501410263685,0.06938500282052737,0.48033645803743336,0.009019946691571662,0.0074407363027556945,0.014881472605511389,0.005633847521107091,0.0457675784150548,0.02780863418513718,0.05561726837027436,0.047071643440358524
2,256,0.5776516349372327,0.04455688837814586,0.08911377675629172,0.5808161181840019,0.017792410975888375,0.006407131925532554,0.012814263851065108,0.016761869088865997,0.09875381841207452,0.030633282440999554,0.06126656488199911,0.10734463276836158
2,512,0.5601658062254288,0.05770665192853997,0.11541330385707994,0.5833581127961146,0.010698017629052706,0.008016689741706738,0.016033379483413476,0.011019367372958534,0.06927655249662351,0.045597855061549813,0.09119571012309963,0.06966444926311147
2,1518,0.030098789563443376,0.01968343256158966,0.03936686512317932,0.02572373862696442,0.001954247368979996,0.002952264105214984,0.005904528210429968,0.0,0.0029494624834191085,0.007050238909968482,0.014100477819936964,0.0
