cores,pkt_sz,total_mean,total_stdev,total_95ci,total_median,user_mean,user_stdev,user_95ci,user_median,system_mean,system_stdev,system_95ci,system_median
2,64,0.024833160843517176,0.007541175748701931,0.015082351497403862,0.023303264604811025,0.0047018060596303686,0.0040697678501970536,0.008139535700394107,0.005154639175257732,0.018136932776628655,0.00525799799969836,0.01051599599939672,0.01801658163265306
2,256,0.02358024456355592,0.007365193272134009,0.014730386544268018,0.020618556701030966,0.004860253785734719,0.004363895939279877,0.008727791878559755,0.00514142215173143,0.017719864851714492,0.006982108396834613,0.013964216793669226,0.015544041450777202
2,512,0.022266672558280468,0.006708031378314656,0.013416062756629312,0.0206719726510336,0.005135831554667943,0.0034129733511586552,0.0068259467023173105,0.005154639175257732,0.016558095708363075,0.005052487434248633,0.010104974868497266,0.015503979488275199
2,1518,0.02335487081120852,0.00641765166047982,0.01283530332095964,0.023064380391331796,0.004696696209941047,0.0032709985992897144,0.006541997198579429,0.005128205128205128,0.018374001102808235,0.005220145848639063,0.010440291697278127,0.01797610235804166
