cores,pkt_sz,target_rate,target_pps,rate_median,rate_mean,pps_median,pps_mean,rate_95ci,pps_95ci
2,64,1,1953.125,0.9385174545454545,0.9385174545454545,1466.1363636363635,1466.1363636363635,0.009826181818181734,15.36363636363626
2,256,1,488.28125,0.8726032727272727,0.8726032727272727,426.04545454545456,426.04545454545456,0.006882181818181898,3.363636363636374
2,512,1,244.140625,0.9220345454545456,0.9220345454545456,225.13636363636363,225.13636363636363,0.0048341818181817375,1.181818181818187
2,1518,1,82.34519104084322,1.0600883636363636,1.0600883636363636,87.36363636363636,87.36363636363636,6.545454545703322e-06,0.0
