cores,pkt_sz,target_rate,target_pps,rate_median,rate_mean,pps_median,pps_mean,rate_95ci,pps_95ci
2,64,100,195312.5,1.2525247272727273,1.2525247272727273,1956.7727272727275,1956.7727272727275,0.8417229090909092,1315.1818181818182
2,256,100,48828.125,7.877880363636363,7.877880363636363,3846.590909090909,3846.590909090909,0.25526181818181826,124.63636363636351
2,512,100,24414.0625,16.687602181818182,16.687602181818182,4074.136363636364,4074.136363636364,0.7814705454545461,190.81818181818244
2,1518,100,8234.519104084322,32.49470981818182,32.49470981818182,2675.818181818182,2675.818181818182,0.15812363636364068,13.090909090909008
