cores,pkt_sz,total_mean,total_stdev,total_95ci,total_median,user_mean,user_stdev,user_95ci,user_median,system_mean,system_stdev,system_95ci,system_median
1,64,0.08924856983425859,0.02730245652541135,0.0546049130508227,0.0842696629213483,0.004907509502245714,0.005297569380121301,0.010595138760242602,0.005494505494505495,0.01572712899548244,0.009263802747914537,0.018527605495829075,0.016216690042075738
