cores,pkt_sz,total_mean,total_stdev,total_95ci,total_median,user_mean,user_stdev,user_95ci,user_median,system_mean,system_stdev,system_95ci,system_median
1,64,0.3047452556879517,0.03401136391254533,0.06802272782509065,0.2962962962962963,0.003998201928577572,0.004712704616413469,0.009425409232826937,0.0051948402417962,0.014428139507329702,0.009173717380109397,0.018347434760218793,0.0106951871657754
