cores,pkt_sz,total_mean,total_stdev,total_95ci,total_median,user_mean,user_stdev,user_95ci,user_median,system_mean,system_stdev,system_95ci,system_median
1,64,0.354666288397457,0.048670464780061116,0.09734092956012223,0.3413229018492176,0.004619484605934789,0.005967432836383639,0.011934865672767279,0.005263157894736842,0.016801801789257872,0.01427165333530171,0.02854330667060342,0.015957446808510637
