cores,pkt_sz,total_mean,total_stdev,total_95ci,total_median,user_mean,user_stdev,user_95ci,user_median,system_mean,system_stdev,system_95ci,system_median
1,64,0.02159577790773145,0.010343853877071747,0.020687707754143494,0.02051282051282055,0.0035168901834552683,0.003961221428372459,0.007922442856744918,0.0050633235912423726,0.012169644589242091,0.006542369162016186,0.013084738324032372,0.010309278350515464
