cores,pkt_sz,total_mean,total_stdev,total_95ci,total_median,user_mean,user_stdev,user_95ci,user_median,system_mean,system_stdev,system_95ci,system_median
1,64,0.051182642271564174,0.02653552494391612,0.05307104988783224,0.047745694022289786,0.004665485743702381,0.0070793412121843095,0.014158682424368619,0.005208333333333333,0.01443428441221066,0.015123161551472674,0.03024632310294535,0.010723937668909205
