cores,pkt_sz,target_rate,target_pps,rate_median,rate_mean,pps_median,pps_mean,rate_95ci,pps_95ci
1,64,10,19531.25,0.8348509090909091,0.8278381414141414,1304.4545454545455,1293.4646464646462,0.03906336156978982,61.01091711274357
