cores,pkt_sz,target_rate,target_pps,rate_median,rate_mean,pps_median,pps_mean,rate_95ci,pps_95ci
1,64,1,1953.125,0.9286981818181818,0.927943191919192,1451.090909090909,1449.878787878788,0.004819179725472565,7.566297123292428
