cores,pkt_sz,target_rate,target_pps,rate_median,rate_mean,pps_median,pps_mean,rate_95ci,pps_95ci
1,64,0.5,976.5625,0.46667636363636367,0.46832484848484845,729.1818181818181,731.7575757575758,0.005451318641496709,8.517685377338632
