cores,pkt_sz,target_rate,target_pps,rate_median,rate_mean,pps_median,pps_mean,rate_95ci,pps_95ci
1,64,50,97656.25,0.7437443636363636,0.744467,1161.9545454545455,1163.1931818181818,0.01511121256627481,23.58410963493695
