cores,pkt_sz,total_mean,total_stdev,total_95ci,total_median,user_mean,user_stdev,user_95ci,user_median,system_mean,system_stdev,system_95ci,system_median
1,64,0.14022937491411425,0.001218051249271141,0.002436102498542282,0.14035087719298245,0.11927306781682818,0.0013443063834488766,0.002688612766897753,0.12,0.006057185656194055,0.0012332659835412813,0.0024665319670825626,0.005025125628140704
1,128,0.1335158658248026,0.0015528527749125104,0.003105705549825021,0.1331658291457286,0.12217146631258641,0.0011470324555576438,0.0022940649111152876,0.1225,0.0032701720387210515,0.0014205966640430656,0.0028411933280861313,0.002512562814070352
1,256,0.13004156607390915,0.0016631394423162627,0.0033262788846325254,0.13032581453634084,0.12350315314226679,0.001176712808908077,0.002353425617816154,0.12311557788944724,0.0018772660862770817,0.0010838474965196249,0.0021676949930392497,0.0025
1,512,0.1305366452714806,0.010847371831948949,0.021694743663897897,0.1278195488721805,0.12622706581250942,0.009095264627467067,0.018190529254934133,0.12468827930174564,0.0015290021713133218,0.0019825477606934734,0.003965095521386947,0.0
1,1024,0.1265958368873693,0.001750364623505459,0.003500729247010918,0.12640509279564904,0.12479114113967221,0.0009669882453615046,0.0019339764907230091,0.125,0.00048541839844832364,0.0009880220197795208,0.0019760440395590415,0.0
1,1280,0.12642205184017494,0.0016947604906285742,0.0033895209812571485,0.12531328320802004,0.12475676799465091,0.0010132309954169211,0.0020264619908338423,0.125,0.0004852452202826267,0.0009876693769425547,0.0019753387538851094,0.0
1,1518,0.12639546637789786,0.0015713580544684358,0.0031427161089368715,0.1271820448877805,0.12473018167726904,0.000939982011718639,0.001879964023437278,0.125,0.00048576648442361217,0.0009887325393294949,0.0019774650786589898,0.0
