cores,pkt_sz,total_mean,total_stdev,total_95ci,total_median,user_mean,user_stdev,user_95ci,user_median,system_mean,system_stdev,system_95ci,system_median
1,64,0.1251560349330334,0.00047862436912530186,0.0009572487382506037,0.125,0.12508693598333745,0.0003999079326106807,0.0007998158652213614,0.125,6.909894969596462e-05,0.0004087948993297136,0.0008175897986594272,0.0
1,128,0.1251720496766557,0.0011178407767029341,0.0022356815534058682,0.125,0.1251720496766557,0.0011178407767029512,0.0022356815534059025,0.125,0.0,0.0,0.0,0.0
1,256,0.12520716371504464,0.0008981333846240522,0.0017962667692481044,0.125,0.12513789244876591,0.0008372492633740955,0.001674498526748191,0.125,6.927126627874757e-05,0.00040981433798140875,0.0008196286759628175,0.0
1,512,0.1251044707050252,0.00044802832465461927,0.0008960566493092385,0.125,0.12503502626058077,0.00019184774655939463,0.00038369549311878927,0.125,6.944444444444444e-05,0.00041083887382636236,0.0008216777476527247,0.0
1,1024,0.12503472243923747,0.000550157929582182,0.001100315859164364,0.125,0.12503472243923747,0.0005501579295821912,0.0011003158591643824,0.125,0.0,0.0,0.0,0.0
1,1280,0.12516339076837085,0.0011203444608891516,0.0022406889217783032,0.125,0.12502484823581336,0.0010110051283204894,0.0020220102566409787,0.125,0.00013854253255749514,0.0005712254953751262,0.0011424509907502524,0.0
1,1518,0.1251649098848534,0.0005221644736335286,0.0010443289472670573,0.125,0.12502636735229591,0.0002000907805466419,0.0004001815610932838,0.125,0.00013854253255749514,0.0005712254953751262,0.0011424509907502524,0.0
