cores,pkt_sz,total_mean,total_stdev,total_95ci,total_median,user_mean,user_stdev,user_95ci,user_median,system_mean,system_stdev,system_95ci,system_median
1,64,0.12514711321923777,0.0008254550769472671,0.0016509101538945343,0.125,0.12500839750851456,0.000632279233497297,0.001264558466994594,0.125,0.000138715710723192,0.0005719399991753264,0.0011438799983506528,0.0
1,128,0.1253118948481301,0.0008579310288592131,0.0017158620577184262,0.125,0.1250348089214322,0.0005598552109636296,0.0011197104219272593,0.125,0.0002079869770019396,0.0006898152857125658,0.0013796305714251316,0.0
1,256,0.12525149993941193,0.0005820356126699411,0.0011640712253398822,0.125,0.12504385845715846,0.0002345862154345876,0.0004691724308691752,0.125,0.0001383702159747122,0.0005705154843167618,0.0011410309686335236,0.0
1,512,0.12516421639801278,0.0006515478483816637,0.0013030956967633274,0.125,0.12509511744831683,0.0005970681098913529,0.0011941362197827059,0.125,0.0,0.0,0.0,0.0
1,1024,0.12515581694607814,0.0007265272875342316,0.0014530545750684632,0.125,0.12508654567979938,0.0006442599945400868,0.0012885199890801736,0.125,6.927126627874757e-05,0.00040981433798140875,0.0008196286759628175,0.0
1,1280,0.12508624185845604,0.0008252093283436173,0.0016504186566872346,0.125,0.12501697059217728,0.0007473689636158319,0.0014947379272316637,0.125,6.927126627874757e-05,0.00040981433798140875,0.0008196286759628175,0.0
1,1518,0.1252253496023612,0.0005810601669980216,0.0011621203339960433,0.125,0.1250869793863865,0.0004066254481167755,0.000813250896233551,0.125,6.927126627874757e-05,0.00040981433798140875,0.0008196286759628175,0.0
