cores,pkt_sz,total_mean,total_stdev,total_95ci,total_median,user_mean,user_stdev,user_95ci,user_median,system_mean,system_stdev,system_95ci,system_median
1,64,0.12512810266422336,0.0012684357527005673,0.0025368715054011346,0.125,0.12498921290727351,0.0012753530058577012,0.0025507060117154023,0.125,0.00013888975694986981,0.0005726590330389562,0.0011453180660779124,0.0
1,128,0.1251637402600867,0.0009953280169219649,0.0019906560338439298,0.125,0.12509464131039072,0.0007607968979911299,0.0015215937959822598,0.125,6.909894969596462e-05,0.00040879489932971365,0.0008175897986594273,0.0
1,256,0.12517309134983282,0.0006840641997065353,0.0013681283994130707,0.125,0.12510382008355406,0.0005979683185568251,0.0011959366371136501,0.125,6.927126627874757e-05,0.00040981433798140875,0.0008196286759628175,0.0
1,512,0.12514707220340526,0.0007073500642878994,0.0014147001285757987,0.125,0.12507797325370928,0.0006557061467494643,0.0013114122934989286,0.125,6.909894969596462e-05,0.00040879489932971343,0.0008175897986594269,0.0
1,1024,0.12515607833608244,0.00048424496796725485,0.0009684899359345097,0.125,0.1250869793863865,0.0004066254481167757,0.0008132508962335514,0.125,0.0,0.0,0.0,0.0
1,1280,0.1251640852171556,0.0008567970568838234,0.0017135941137676467,0.125,0.12509481395087685,0.0007889713207288808,0.0015779426414577616,0.125,6.927126627874757e-05,0.00040981433798140875,0.0008196286759628175,0.0
1,1518,0.12514681178511095,0.0008784606386413703,0.0017569212772827407,0.125,0.1250775405188322,0.0008109713539137339,0.0016219427078274678,0.125,6.927126627874757e-05,0.00040981433798140875,0.0008196286759628175,0.0
