cores,pkt_sz,total_mean,total_stdev,total_95ci,total_median,user_mean,user_stdev,user_95ci,user_median,system_mean,system_stdev,system_95ci,system_median
1,64,0.15570288167336077,0.001819856215638732,0.003639712431277464,0.15538847117794485,0.11286005499900546,0.0018230818234795166,0.0036461636469590332,0.11278195488721804,0.012678661579219931,0.001166652455129326,0.002333304910258652,0.012531328320802004
1,128,0.1424844613340648,0.0019921959553726135,0.003984391910745227,0.1428571428571429,0.11867110118554897,0.0012716580783306082,0.0025433161566612164,0.11809045226130653,0.0068226629058022945,0.0015092102749132456,0.003018420549826491,0.0075
1,256,0.13452020314065327,0.001658805584858278,0.003317611169716556,0.13516917293233083,0.12190747008977446,0.0012426996598922293,0.0024853993197844586,0.12265350877192982,0.0036929469607603527,0.0012489605209007107,0.0024979210418014214,0.002522072106454978
1,512,0.13057450557116324,0.001520084782935668,0.003040169565871336,0.13032581453634084,0.12326870883884321,0.0011276928373936807,0.0022553856747873613,0.12280701754385964,0.00208786989206054,0.0012522322582139787,0.0025044645164279573,0.002506265664160401
1,1024,0.12863775928133808,0.002114092944794253,0.004228185889588506,0.1278195488721805,0.12419102789726232,0.0011083161397349261,0.0022166322794698523,0.12468827930174564,0.001110595910440858,0.0012416893958311838,0.0024833787916623677,0.0
1,1280,0.12755291968241778,0.0016085356734952122,0.0032170713469904244,0.12765977443609022,0.12463414969725584,0.000906603744812128,0.001813207489624256,0.125,0.0006246562413734819,0.001081940120588051,0.002163880241176102,0.0
1,1518,0.12749047963166427,0.0017858170789322636,0.003571634157864527,0.12749999999999995,0.12457310461415079,0.0010312519307429816,0.002062503861485963,0.125,0.000693752599842638,0.0011186445848216213,0.0022372891696432425,0.0
