cores,pkt_sz,total_mean,total_stdev,total_95ci,total_median,user_mean,user_stdev,user_95ci,user_median,system_mean,system_stdev,system_95ci,system_median
1,64,0.12833539304158756,0.0017190327110867347,0.0034380654221734695,0.1278195488721805,0.12409560433098088,0.001191109321626776,0.002382218643253552,0.125,0.0011805607639865474,0.001248080219835701,0.002496160439671402,0.0
1,128,0.12568434624516855,0.0014623202107510455,0.002924640421502091,0.12531328320802004,0.12471229633305107,0.0009127864792605197,0.0018255729585210394,0.125,0.0006942721343397285,0.001119481582658171,0.002238963165316342,0.0
1,256,0.1256236560147715,0.001197751500277268,0.002395503000554536,0.12531328320802004,0.12486115168314714,0.0007716798655535212,0.0015433597311070423,0.12515664160401002,0.0004158007758381824,0.0009297592837172876,0.0018595185674345751,0.0
1,512,0.12556356558825713,0.0011720147602448186,0.002344029520489637,0.12531328320802004,0.12500887592353005,0.00042073914775341334,0.0008414782955068267,0.125,0.0002079869770019396,0.0006898152857125658,0.0013796305714251316,0.0
1,1024,0.12539878536510532,0.0009270276609307296,0.0018540553218614592,0.12515664160401002,0.12498246418670907,0.0006426997543736621,0.0012853995087473242,0.125,0.000138715710723192,0.0005719399991753265,0.001143879998350653,0.0
1,1280,0.1253282641461821,0.0010648373862062622,0.0021296747724125244,0.125,0.12498294000394676,0.00041052595401816304,0.0008210519080363261,0.125,0.00013802643797829162,0.0005690980478431401,0.0011381960956862803,0.0
1,1518,0.12519932850274756,0.000725272644092359,0.001450545288184718,0.125,0.12499151470391132,0.00042071496900617823,0.0008414299380123565,0.125,6.927126627874757e-05,0.00040981433798140875,0.0008196286759628175,0.0
