cores,pkt_sz,target_rate,target_pps,rate_median,rate_mean,pps_median,pps_mean,rate_95ci,pps_95ci
1,64,100,195312.5,95.52623490909092,95.52623490909092,149259.5909090909,149259.5909090909,0.03446254545454508,53.54545454547042
1,128,100,97656.25,87.23612872727273,87.23612872727273,85191.45454545454,85191.45454545454,0.04917963636364675,48.18181818182347
1,256,100,48828.125,93.65690181818181,93.65690181818181,45730.90909090909,45730.90909090909,0.0,0.0
1,512,100,24414.0625,97.17213709090909,97.17213709090909,23723.681818181816,23723.681818181816,0.023586181818188834,5.727272727275704
1,1024,100,12207.03125,98.99522945454545,98.99522945454545,12084.409090909092,12084.409090909092,0.00024509090908964026,0.09090909090991772
1,1280,100,9765.625,99.40631890909091,99.40631890909091,9707.681818181818,9707.681818181818,0.059823272727285826,5.909090909091901
1,1518,100,8234.519104084322,99.69573854545455,99.69573854545455,8209.5,8209.5,0.00024509090908964026,0.09090909090809873
