cores,pkt_sz,target_rate,target_pps,rate_median,rate_mean,pps_median,pps_mean,rate_95ci,pps_95ci
1,64,1,1953.125,0.9608207272727273,0.9608207272727273,1501.1363636363635,1501.1363636363635,0.00024509090909097253,0.0909090909092356
1,128,1,976.5625,0.869964,0.869964,849.5,849.5,0.0002450909090908615,0.09090909090900823
1,256,1,488.28125,0.9295421818181818,0.9295421818181818,453.8636363636364,453.8636363636364,0.00024509090909097253,0.09090909090912191
1,512,1,244.140625,0.9533734545454545,0.9533734545454545,232.77272727272725,232.77272727272725,0.00024509090909097253,0.09090909090909349
1,1024,1,122.0703125,0.953250909090909,0.953250909090909,116.36363636363636,116.36363636363636,0.0,0.0
1,1280,1,97.65625,0.953250909090909,0.953250909090909,93.0909090909091,93.0909090909091,0.0,0.0
1,1518,1,82.34519104084322,1.05984,1.05984,87.27272727272727,87.27272727272727,0.0,0.0
