cores,pkt_sz,target_rate,target_pps,rate_median,rate_mean,pps_median,pps_mean,rate_95ci,pps_95ci
1,64,50,97656.25,47.840154909090906,47.840154909090906,74750.09090909091,74750.09090909091,0.015553454545454315,24.0
1,128,50,48828.125,43.664849454545454,43.664849454545454,42641.454545454544,42641.454545454544,0.0,0.0
1,256,50,24414.0625,46.828450909090904,46.828450909090904,22865.454545454544,22865.454545454544,0.0,0.0
1,512,50,12207.03125,48.56813381818182,48.56813381818182,11857.454545454546,11857.454545454546,0.0,0.0
1,1024,50,6103.515625,49.521384727272725,49.521384727272725,6045.090909090909,6045.090909090909,0.0,0.0
1,1280,50,4882.8125,49.68832945454545,49.68832945454545,4852.40909090909,4852.40909090909,0.00025163636364311515,0.09090909090900823
1,1518,50,4117.259552042161,49.88326181818182,49.88326181818182,4107.681818181818,4107.681818181818,0.0002516363636360097,0.09090909090900823
