cores,pkt_sz,target_rate,target_pps,rate_median,rate_mean,pps_median,pps_mean,rate_95ci,pps_95ci
1,64,0.5,976.5625,0.4803490909090909,0.4803490909090909,750.5454545454545,750.5454545454545,0.0,0.0
1,128,0.5,488.28125,0.4349207272727273,0.4349207272727273,424.72727272727275,424.72727272727275,0.0,0.0
1,256,0.5,244.140625,0.46470981818181817,0.46470981818181817,226.9090909090909,226.9090909090909,0.0,0.0
1,512,0.5,122.0703125,0.4767512727272727,0.4767512727272727,116.4090909090909,116.4090909090909,0.0002516363636363428,0.09090909090909349
1,1024,0.5,61.03515625,0.4767512727272727,0.4767512727272727,58.22727272727273,58.22727272727273,0.0002516363636363428,0.09090909090909349
1,1280,0.5,48.828125,0.5363294545454544,0.5363294545454544,52.40909090909091,52.40909090909091,0.0002516363636363428,0.09090909090908639
1,1518,0.5,41.17259552042161,0.5654963636363637,0.5654963636363637,46.63636363636363,46.63636363636363,6.545454545370255e-06,0.0
