cores,pkt_sz,total_mean,total_stdev,total_95ci,total_median,user_mean,user_stdev,user_95ci,user_median,system_mean,system_stdev,system_95ci,system_median
1,64,0.0015400722767287941,0.0017532880039051642,0.0035065760078103283,0.0,0.0005442851015757061,0.001036800464658252,0.002073600929316504,0.0,0.0009801991966021538,0.001228747959462816,0.002457495918925632,0.0
