cores,pkt_sz,total_mean,total_stdev,total_95ci,total_median,user_mean,user_stdev,user_95ci,user_median,system_mean,system_stdev,system_95ci,system_median
1,64,0.004157806833774549,0.002397971485634108,0.004795942971268216,0.00520833333333337,0.0003573109864696939,0.0009478699828099437,0.0018957399656198875,0.0,0.0007328425646714862,0.0011817273145950048,0.0023634546291900096,0.0
