cores,pkt_sz,total_mean,total_stdev,total_95ci,total_median,user_mean,user_stdev,user_95ci,user_median,system_mean,system_stdev,system_95ci,system_median
1,64,0.0042338702402446495,0.0022012258705712863,0.004402451741142573,0.005115089514066473,0.0012167667689703273,0.0012784258778368255,0.002556851755673651,0.0,0.0026227804267349654,0.0012661274779477967,0.0025322549558955934,0.002564102564102564
