cores,pkt_sz,total_mean,total_stdev,total_95ci,total_median,user_mean,user_stdev,user_95ci,user_median,system_mean,system_stdev,system_95ci,system_median
1,64,0.12556198627441095,0.0008372718343073553,0.0016745436686147106,0.12531328320802004,0.00010806356119972662,0.000508506704914738,0.001017013409829476,0.0,0.0002623845488540476,0.0007662986492620693,0.0015325972985241387,0.0
