cores,pkt_sz,target_rate,target_pps,rate_median,rate_mean,pps_median,pps_mean,rate_95ci,pps_95ci
1,64,1000,1953125.0,44.533643636363635,44.51336452525252,69583.81818181818,69552.0,0.12522748923336904,195.41730441548728
