cores,pkt_sz,target_rate,target_pps,rate_median,rate_mean,pps_median,pps_mean,rate_95ci,pps_95ci
1,64,10,19531.25,9.538036363636364,9.537325737373736,14903.181818181818,14901.939393939396,0.0031827554780441457,4.7989897926858145
