cores,pkt_sz,target_rate,target_pps,rate_median,rate_mean,pps_median,pps_mean,rate_95ci,pps_95ci
1,64,50,97656.25,44.522530909090904,44.51025503030303,69566.45454545454,69547.14141414141,0.078926041467971,123.40233677180694
