cores,pkt_sz,target_rate,target_pps,rate_median,rate_mean,pps_median,pps_mean,rate_95ci,pps_95ci
1,64,100,195312.5,44.47703272727273,44.419846949494946,69495.36363636363,69405.8787878788,0.23903062112030954,373.4377166155043
