cores,pkt_sz,total_mean,total_stdev,total_95ci,total_median,user_mean,user_stdev,user_95ci,user_median,system_mean,system_stdev,system_95ci,system_median
3,64,0.4430974255762601,0.04129361868605823,0.08258723737211646,0.43561903045593797,0.0065537314197966386,0.009941861937496814,0.01988372387499363,0.005494505494505495,0.02863794383895239,0.02601912586975343,0.05203825173950686,0.022222222222222223
3,256,0.5126554216819001,0.03741469566429342,0.07482939132858683,0.5029070750092959,0.005391851270898263,0.004828466129404607,0.009656932258809214,0.005681818181818182,0.02974863521440106,0.009552364383491874,0.01910472876698375,0.026977894124490982
3,512,0.5442429226031194,0.04142401675080324,0.08284803350160648,0.5370788100944593,0.004893933403236746,0.004080682902480936,0.008161365804961872,0.005665767847971238,0.03285762888240221,0.012405565918022537,0.024811131836045074,0.031066687249150973
3,1518,0.10092884600662792,0.04719164562878926,0.09438329125757852,0.0854264311180547,0.005627174717482675,0.006453908430911909,0.012907816861823818,0.006289308176100629,0.040210104875198764,0.017864972952431054,0.03572994590486211,0.0383390494855463
