cores,pkt_sz,total_mean,total_stdev,total_95ci,total_median,user_mean,user_stdev,user_95ci,user_median,system_mean,system_stdev,system_95ci,system_median
3,64,0.5154382680819165,0.02835549475341939,0.05671098950683878,0.5214756258234519,0.025022581553212738,0.008479021807657151,0.016958043615314302,0.024316334072431632,0.24118765199923312,0.022433746414326168,0.044867492828652336,0.2407350922678054
3,256,0.07446174434095629,0.013171639505592499,0.026343279011184998,0.07446808510638303,0.0047757557034447395,0.0035152555788633987,0.0070305111577267975,0.005376344086021506,0.02314753158580445,0.006427152142238972,0.012854304284477943,0.021798526966025182
3,512,0.06201147210910887,0.011705172125360461,0.023410344250720923,0.058510638297872286,0.003249909326884603,0.004210107203827891,0.008420214407655781,0.0,0.019184428848276744,0.006854039263280769,0.013708078526561538,0.016043239533287575
3,1518,0.028173534491470205,0.006508094306154172,0.013016188612308344,0.031169041450777202,0.005375166522057558,0.003984694698388318,0.007969389396776636,0.005235602094240838,0.0169899080881393,0.006016312200433713,0.012032624400867427,0.015789473684210527
