cores,pkt_sz,total_mean,total_stdev,total_95ci,total_median,user_mean,user_stdev,user_95ci,user_median,system_mean,system_stdev,system_95ci,system_median
3,64,0.06530884504853668,0.008229251393985433,0.016458502787970865,0.06753292314335063,0.008596766284756023,0.003918306100609543,0.007836612201219086,0.010309278350515464,0.0400594214679497,0.008839551732365423,0.017679103464730846,0.03925438596491228
3,256,0.042419510785620215,0.007889328351639599,0.015778656703279197,0.041884816753926746,0.006048268411473651,0.0041227169971246,0.0082454339942492,0.005221967713787086,0.029014869423255832,0.005673509368151806,0.011347018736303612,0.0262468999724442
3,512,0.04367669642044334,0.009994993588205301,0.019989987176410602,0.04401933145388642,0.007901214910566771,0.004127233008591154,0.008254466017182308,0.010178182948306226,0.028740134775975885,0.006623912416361729,0.013247824832723458,0.028464017185821696
3,1518,0.03816104065524233,0.01702987584083873,0.03405975168167746,0.03608247422680411,0.00820286534947227,0.006423075685675423,0.012846151371350846,0.010256410256410256,0.028372613387248682,0.011744536081757571,0.023489072163515142,0.025974201208981
