cores,pkt_sz,total_mean,total_stdev,total_95ci,total_median,user_mean,user_stdev,user_95ci,user_median,system_mean,system_stdev,system_95ci,system_median
3,64,0.03817388394161506,0.005053253101358705,0.01010650620271741,0.03645833333333337,0.00746276094834636,0.003739842316233707,0.007479684632467414,0.005208333333333333,0.028269484291394816,0.0056832127804087714,0.011366425560817543,0.030927835051546393
3,256,0.036985630944072666,0.007718499616031345,0.01543699923206269,0.03626943005181349,0.006451743314678331,0.00411436506143138,0.00822873012286276,0.005154639175257732,0.02924443256229893,0.0067287597214097895,0.013457519442819579,0.030927835051546393
3,512,0.03642456716900898,0.008620747683016761,0.017241495366033522,0.03608247422680411,0.00631520368623069,0.00346452228336643,0.00692904456673286,0.0051813471502590676,0.0291048241565872,0.007765190307396853,0.015530380614793705,0.025906735751295335
3,1518,0.034154815068856675,0.006501971065086474,0.013003942130172948,0.03366623711340205,0.006168999256255813,0.002924606824695309,0.005849213649390618,0.0051813471502590676,0.02755328726721611,0.005814983314724975,0.01162996662944995,0.026041666666666668
