cores,pkt_sz,mwatt_mean,mwatt_stdev,mwatt_95ci,mwatt_median
3,64,1888.7,228.3722035041334,18.484595398808892,1799.0
3,256,1751.1066666666666,61.482371095750324,4.976423296821281,1727.0
3,512,1742.6133333333332,76.37711582812108,6.182013669563048,1722.0
3,1518,1748.7733333333333,48.566812628469755,3.931029553825624,1727.0
