cores,pkt_sz,target_rate,target_pps,rate_median,rate_mean,pps_median,pps_mean,rate_95ci,pps_95ci
3,64,100,195312.5,0.6845672727272728,0.6845672727272728,1069.6363636363635,1069.6363636363635,0.018036363636363628,28.181818181818244
3,256,100,48828.125,5.038638545454545,5.038638545454545,2460.272727272727,2460.272727272727,0.054365090909090696,26.545454545454504
3,512,100,24414.0625,13.223377454545455,13.223377454545455,3228.3636363636365,3228.3636363636365,0.5697163636363634,139.090909090909
3,1518,100,8234.519104084322,24.443112,24.443112,2012.7727272727273,2012.7727272727273,0.012143999999999266,1.0
