cores,pkt_sz,total_mean,total_stdev,total_95ci,total_median,user_mean,user_stdev,user_95ci,user_median,system_mean,system_stdev,system_95ci,system_median
1,64,0.35462382041238594,0.10265612157699053,0.20531224315398106,0.41846108403485455,0.04065342883163359,0.029703589527234946,0.05940717905446989,0.05391188095791676,0.051432662995622686,0.03880332786739383,0.07760665573478766,0.06847277316985215
1,256,0.1873705619370623,0.020108706209570917,0.04021741241914183,0.19087278394700957,0.04186265160384431,0.007400183515098535,0.01480036703019707,0.04395604395604396,0.03432568324565473,0.007614332020059502,0.015228664040119005,0.03409090909090909
1,512,0.10611873357354912,0.019240074146175592,0.038480148292351184,0.10106382978723405,0.019076444693079973,0.005856307680454184,0.011712615360908368,0.018790471785383903,0.021144422752056972,0.007193224191685875,0.01438644838337175,0.02144787533781841
1,1518,0.0349953347054074,0.01147155636739737,0.02294311273479474,0.031746031746031744,0.009363189261934591,0.005691522505338886,0.011383045010677773,0.010443935427574172,0.01376715904267303,0.00622996009230973,0.01245992018461946,0.010723937668909205
