cores,pkt_sz,total_mean,total_stdev,total_95ci,total_median,user_mean,user_stdev,user_95ci,user_median,system_mean,system_stdev,system_95ci,system_median
1,64,0.020418144828370257,0.01511516193427296,0.03023032386854592,0.02030456852791873,0.006384989282879492,0.005694766593530303,0.011389533187060605,0.00510204081632653,0.012192161330795821,0.009568265958071167,0.019136531916142334,0.010230245944531658
1,256,0.01556625388603777,0.007949806592144374,0.015899613184288747,0.015267274422459343,0.0036791471337752424,0.003726208088931183,0.007452416177862366,0.005076142131979695,0.010896467430707086,0.005510470137561243,0.011020940275122485,0.01020408163265306
1,512,0.012732536482140785,0.006246308418188876,0.012492616836377752,0.01025641025641022,0.0021158294990290356,0.003247740292475419,0.006495480584950838,0.0,0.009909521640320903,0.004115364771519742,0.008230729543039484,0.01020408163265306
1,1518,0.012043153746234313,0.0049400891737677605,0.009880178347535521,0.01025641025641022,0.001841001593237513,0.002725465409064559,0.005450930818129118,0.0,0.010059702010546664,0.004381322404523495,0.00876264480904699,0.01020408163265306
