cores,pkt_sz,total_mean,total_stdev,total_95ci,total_median,user_mean,user_stdev,user_95ci,user_median,system_mean,system_stdev,system_95ci,system_median
1,64,0.04679105943327382,0.011629124037248834,0.023258248074497667,0.046875,0.012548082490731291,0.004511209879972571,0.009022419759945142,0.010610154227175504,0.016462859816967365,0.006016702359235044,0.012033404718470088,0.0158312447786132
1,256,0.026592344287024818,0.005138445842425141,0.010276891684850282,0.02577319587628868,0.005431691646644092,0.0036200585078724552,0.0072401170157449105,0.005154639175257732,0.011007270844051618,0.0038449548696703776,0.007689909739340755,0.010309278350515464
1,512,0.025116122004516392,0.006082957666977561,0.012165915333955122,0.025575614861329143,0.004405156722312099,0.0038477068242512335,0.007695413648502467,0.00510204081632653,0.0137554854239998,0.005570027720368723,0.011140055440737446,0.015306122448979591
1,1518,0.016850752974056596,0.00680498216061832,0.01360996432123664,0.01538461538461533,0.00367630639495181,0.0033009667868943546,0.006601933573788709,0.005076142131979695,0.011045585786693547,0.005259150335399871,0.010518300670799742,0.01020408163265306
