cores,pkt_sz,total_mean,total_stdev,total_95ci,total_median,user_mean,user_stdev,user_95ci,user_median,system_mean,system_stdev,system_95ci,system_median
1,64,0.456313384044555,0.025839004582815576,0.05167800916563115,0.45231943454502255,0.026337655288039143,0.005640158031320776,0.011280316062641552,0.02702702702702703,0.04359825251066911,0.011180791444273908,0.022361582888547817,0.04347954511888938
1,256,0.48457077354615724,0.05349202768366658,0.10698405536733316,0.47986843410135205,0.02506048963448723,0.009305605442086858,0.018611210884173716,0.024928166498408014,0.041981195458913566,0.012453778424706815,0.02490755684941363,0.044026898734177214
1,512,0.536830633933848,0.09685148077699025,0.1937029615539805,0.5049398680977628,0.01794669702766899,0.01356241915464442,0.02712483830928884,0.017427884615384616,0.03043475046037027,0.01987092234885621,0.03974184469771242,0.032522429261559696
1,1518,0.46462215072705715,0.01293040388159974,0.02586080776319948,0.46467286959090237,0.062300578103058585,0.012046327089797911,0.024092654179595822,0.060274425028523385,0.0746716414021459,0.011432564485163025,0.02286512897032605,0.07547224643998837
