cores,pkt_sz,mwatt_mean,mwatt_stdev,mwatt_95ci,mwatt_median
1,64,1801.64,194.76992512534716,15.764805026865702,1711.0
1,256,1764.3733333333332,97.29142111318049,7.8748312073790885,1768.0
1,512,1761.24,111.00370444268967,8.984712381403938,1711.0
1,1518,1715.78,65.74555701084802,5.321488350892309,1696.0
