cores,pkt_sz,mwatt_mean,mwatt_stdev,mwatt_95ci,mwatt_median
1,64,1721.8933333333334,54.98692531461961,4.450677670353457,1693.5
1,256,1697.1333333333334,60.20693943023143,4.873189024286262,1691.0
1,512,1712.4666666666667,66.02652665574816,5.344230217571521,1691.0
1,1518,1705.8066666666666,41.550883932301076,3.3631557000655903,1695.0
