cores,pkt_sz,target_rate,target_pps,rate_median,rate_mean,pps_median,pps_mean,rate_95ci,pps_95ci
1,64,1,1953.125,0.9538036363636364,0.9538036363636364,1490.3181818181818,1490.3181818181818,0.001338181818181794,2.0909090909090082
1,256,1,488.28125,0.9283956363636363,0.9283956363636363,453.3181818181818,453.3181818181818,0.0005585454545454782,0.27272727272725206
1,512,1,244.140625,0.9526923636363636,0.9526923636363636,232.5909090909091,232.5909090909091,0.0011170909090908454,0.27272727272725206
1,1518,1,82.34519104084322,1.05984,1.05984,87.27272727272727,87.27272727272727,0.0,0.0
