cores,pkt_sz,target_rate,target_pps,rate_median,rate_mean,pps_median,pps_mean,rate_95ci,pps_95ci
1,64,10,19531.25,3.6460861818181813,3.6460861818181813,5696.863636363636,5696.863636363636,0.020376000000000172,31.54545454545496
1,256,10,4882.8125,9.227636363636364,9.227636363636364,4505.681818181818,4505.681818181818,0.0024203636363626657,1.1818181818180165
1,512,10,2441.40625,9.563973818181818,9.563973818181818,2334.9545454545455,2334.9545454545455,0.009309090909090045,2.2727272727270247
1,1518,10,823.4519104084321,9.916128,9.916128,816.5454545454545,816.5454545454545,0.0,0.0
