cores,pkt_sz,total_mean,total_stdev,total_95ci,total_median,user_mean,user_stdev,user_95ci,user_median,system_mean,system_stdev,system_95ci,system_median
1,64,0.1251100364939401,0.00040784616341152846,0.0008156923268230569,0.125,0.12507928755705686,0.0003525199241412967,0.0007050398482825934,0.125,3.0748936883269374e-05,0.00027502706835531886,0.0005500541367106377,0.0
1,128,0.1250465087783342,0.0002408801523784092,0.0004817603047568184,0.125,0.1250465087783342,0.0002408801523784107,0.0004817603047568214,0.125,0.0,0.0,0.0,0.0
1,256,0.12505230067410147,0.00024096228704896622,0.00048192457409793244,0.125,0.12503690705937284,0.000175057142866601,0.000350114285733202,0.125,1.539361472861057e-05,0.00019532307411178142,0.00039064614822356285,0.0
1,512,0.12513497374096244,0.000531384350168673,0.001062768700337346,0.125,0.12504257356855397,0.0003409387521898213,0.0006818775043796425,0.125,7.70065576798744e-05,0.00043151188118918914,0.0008630237623783783,0.0
1,1024,0.12511755968910823,0.0005560109233823043,0.0011120218467646087,0.125,0.12508677245965102,0.0005077960886886125,0.001015592177377225,0.125,3.078722945722114e-05,0.00027536935162092175,0.0005507387032418435,0.0
1,1280,0.1251390340479752,0.0005039489961634746,0.0010078979923269491,0.125,0.1250773826209871,0.00036409393484404084,0.0007281878696880817,0.125,6.165142698808533e-05,0.00038747351998203973,0.0007749470399640795,0.0
1,1518,0.12515997895874312,0.0006331226319748548,0.0012662452639497096,0.125,0.12506754030229783,0.0004791149633783123,0.0009582299267566246,0.125,7.70065576798744e-05,0.0004315118811891892,0.0008630237623783784,0.0
