cores,pkt_sz,total_mean,total_stdev,total_95ci,total_median,user_mean,user_stdev,user_95ci,user_median,system_mean,system_stdev,system_95ci,system_median
1,64,0.1251349736445112,0.0005665028575380578,0.0011330057150761156,0.125,0.12508875431628858,0.0004848749289823816,0.0009697498579647631,0.125,4.621932822265324e-05,0.0003364820261499929,0.0006729640522999858,0.0
1,128,0.1251215138767457,0.0005442357410708226,0.0010884714821416451,0.125,0.12507529454852304,0.0004573035623822329,0.0009146071247644658,0.125,4.621932822265324e-05,0.0003364820261499932,0.0006729640522999864,0.0
1,256,0.12513124069293952,0.0005647095823123184,0.0011294191646246368,0.125,0.12508498288068004,0.0004721730593877679,0.0009443461187755358,0.125,3.082571349404267e-05,0.0002757137808598849,0.0005514275617197698,0.0
1,512,0.12514271877393676,0.0004999204663342399,0.0009998409326684799,0.125,0.1250811058309855,0.00037250176964269155,0.0007450035392853831,0.125,6.161294295126382e-05,0.0003872315743055212,0.0007744631486110424,0.0
1,1024,0.12514655753249695,0.0005684899837879232,0.0011369799675758465,0.125,0.12505415736008846,0.00028708068929804724,0.0005741613785960945,0.125,9.240017240848496e-05,0.0004711504943506992,0.0009423009887013984,0.0
1,1280,0.1250599492558557,0.00028699529362219016,0.0005739905872443803,0.125,0.1250599492558557,0.0002869952936221927,0.0005739905872443854,0.125,0.0,0.0,0.0,0.0
1,1518,0.12510813148589184,0.00041800933552620236,0.0008360186710524047,0.125,0.1250773442564346,0.0003505138925099535,0.000701027785019907,0.125,3.078722945722114e-05,0.00027536935162092213,0.0005507387032418443,0.0
