cores,pkt_sz,total_mean,total_stdev,total_95ci,total_median,user_mean,user_stdev,user_95ci,user_median,system_mean,system_stdev,system_95ci,system_median
1,64,0.12512921087701245,0.000463048172332512,0.000926096344665024,0.125,0.1250522428033694,0.0002905589444141768,0.0005811178888283536,0.125,7.696807364305286e-05,0.0004312960107792835,0.000862592021558567,0.0
1,128,0.12510431180164017,0.0004304039767509497,0.0008608079535018994,0.125,0.1250426988586889,0.000263347575922075,0.00052669515184415,0.125,6.161294295126382e-05,0.0003872315743055218,0.0007744631486110436,0.0
1,256,0.1251234957564164,0.000558815024768808,0.001117630049537616,0.125,0.1250618058453915,0.00042328912164591023,0.0008465782432918205,0.125,6.168991102490687e-05,0.00038771531085755244,0.0007754306217151049,0.0
1,512,0.12514267169640741,0.0005527468064408511,0.0011054936128817021,0.125,0.1250811736326033,0.0003839322347061128,0.0007678644694122256,0.125,6.14980638041266e-05,0.00038651025502603963,0.0007730205100520793,0.0
1,1024,0.12508696514615567,0.00038960341434383374,0.0007792068286876675,0.125,0.125040745817933,0.0002480548095468105,0.000496109619093621,0.125,4.6219328222653245e-05,0.0003364820261499925,0.000672964052299985,0.0
1,1280,0.12514077549778727,0.0004937328872242037,0.0009874657744484074,0.125,0.12506376894010743,0.000325236806194096,0.000650473612388192,0.125,7.700655767987438e-05,0.00043151188118918904,0.0008630237623783781,0.0
1,1518,0.12514468167575032,0.0005036447139495669,0.0010072894278991338,0.125,0.125083107025373,0.00039041388452340357,0.0007808277690468071,0.125,6.157465037731204e-05,0.0003869912937611827,0.0007739825875223654,0.0
