cores,pkt_sz,total_mean,total_stdev,total_95ci,total_median,user_mean,user_stdev,user_95ci,user_median,system_mean,system_stdev,system_95ci,system_median
1,64,0.12513117327136652,0.000543935327762171,0.001087870655524342,0.125,0.12505408974561297,0.00036989664313856615,0.0007397932862771323,0.125,7.708352575351744e-05,0.00043194328806907815,0.0008638865761381563,0.0
1,128,0.12509853929256814,0.00038686153808722897,0.0007737230761744579,0.125,0.12508314567783957,0.00035166402729947693,0.0007033280545989539,0.125,1.539361472861057e-05,0.00019532307411178142,0.00039064614822356285,0.0
1,256,0.12513506054706056,0.0004750579826211445,0.000950115965242289,0.125,0.12508884121883787,0.0003739870708511893,0.0007479741417023786,0.125,4.621932822265324e-05,0.0003364820261499941,0.0006729640522999882,0.0
1,512,0.12513318428147585,0.0004977059397350582,0.0009954118794701164,0.125,0.12510239705201864,0.0004442769395718899,0.0008885538791437798,0.125,3.078722945722114e-05,0.0002753693516209216,0.0005507387032418432,0.0
1,1024,0.125125478021892,0.000490881827812219,0.000981763655624438,0.125,0.12509469079243477,0.0004360748292437186,0.0008721496584874372,0.125,1.539361472861057e-05,0.00019532307411178115,0.0003906461482235623,0.0
1,1280,0.12510612079033945,0.0003937730582556288,0.0007875461165112576,0.125,0.12504462291657292,0.00026181715011008855,0.0005236343002201771,0.125,6.149787376653875e-05,0.00038650845064156246,0.0007730169012831249,0.0
1,1518,0.12514471061111632,0.0005072145405874009,0.0010144290811748018,0.125,0.1250676655693996,0.0003318063864215254,0.0006636127728430508,0.125,6.165142698808533e-05,0.00038747351998203903,0.0007749470399640781,0.0
