cores,pkt_sz,total_mean,total_stdev,total_95ci,total_median,user_mean,user_stdev,user_95ci,user_median,system_mean,system_stdev,system_95ci,system_median
1,64,0.12675302519944595,0.004666560363193453,0.009333120726386906,0.125,0.12591817764928348,0.0023962414341697816,0.004792482868339563,0.125,0.0005101904124391406,0.0014497071900306806,0.002899414380061361,0.0
1,128,0.1251138173817682,0.0004352498944311682,0.0008704997888623364,0.125,0.1250676748301563,0.00034804629717833405,0.0006960925943566681,0.125,3.0748936883269374e-05,0.00027502706835531946,0.0005500541367106389,0.0
1,256,0.12509074634637052,0.0003628020789301299,0.0007256041578602598,0.125,0.12504456550218468,0.00022693834822953097,0.00045387669645906195,0.125,4.6180844185831714e-05,0.00033620162045259675,0.0006724032409051935,0.0
1,512,0.12511588594805262,0.00046508776080242436,0.0009301755216048487,0.125,0.12503887939037275,0.00027291046944056255,0.0005458209388811251,0.125,7.70065576798744e-05,0.0004315118811891891,0.0008630237623783782,0.0
1,1024,0.12513313634521947,0.00047623099998577367,0.0009524619999715473,0.125,0.12504073617281097,0.000245614167183305,0.00049122833436661,0.125,9.240017240848496e-05,0.0004711504943506988,0.0009423009887013976,0.0
1,1280,0.12515808357278374,0.0005814364483835199,0.0011628728967670399,0.125,0.12509650892240642,0.0004883480122787569,0.0009766960245575138,0.125,4.618103564870147e-05,0.00033620372441061107,0.0006724074488212221,0.0
1,1518,0.12510796718122755,0.0005333578799313417,0.0010667157598626834,0.125,0.12504635423827626,0.00041112702175097495,0.0008222540435019499,0.125,6.161294295126382e-05,0.00038723157430552103,0.0007744631486110421,0.0
