cores,pkt_sz,total_mean,total_stdev,total_95ci,total_median,user_mean,user_stdev,user_95ci,user_median,system_mean,system_stdev,system_95ci,system_median
1,64,0.1251216296182098,0.0004930675064443869,0.0009861350128887738,0.125,0.12506001667525857,0.00035965807615148383,0.0007193161523029677,0.125,6.161294295126382e-05,0.0003872315743055217,0.0007744631486110434,0.0
1,128,0.12511372049650674,0.0005590831745242546,0.0011181663490485091,0.125,0.1250521075535555,0.0004447895607332152,0.0008895791214664304,0.125,4.621932822265324e-05,0.0003364820261499933,0.0006729640522999866,0.0
1,256,0.12511200851255325,0.00046876380840672174,0.0009375276168134435,0.125,0.12506575070029377,0.00034930032428974185,0.0006986006485794837,0.125,4.625781225947477e-05,0.0003367621939693009,0.0006735243879386018,0.0
1,512,0.12514085234637656,0.0005130789985195014,0.0010261579970390028,0.125,0.12506384578869667,0.00035393320074417043,0.0007078664014883409,0.125,6.161294295126382e-05,0.00038723157430552147,0.0007744631486110429,0.0
1,1024,0.12514669237130266,0.0005226638620249388,0.0010453277240498775,0.125,0.1250696858136228,0.0003689113782017423,0.0007378227564034846,0.125,6.161294295126382e-05,0.0003872315743055214,0.0007744631486110428,0.0
1,1280,0.1250888988966675,0.0003962614802132299,0.0007925229604264598,0.125,0.12505807318317344,0.0003068914841126053,0.0006137829682252106,0.125,3.082571349404267e-05,0.0002757137808598845,0.000551427561719769,0.0
1,1518,0.12509641263744586,0.0004602764132845981,0.0009205528265691962,0.125,0.12505023179326005,0.00036366659216620855,0.0007273331843324171,0.125,4.6180844185831714e-05,0.000336201620452597,0.000672403240905194,0.0
