cores,pkt_sz,total_mean,total_stdev,total_95ci,total_median,user_mean,user_stdev,user_95ci,user_median,system_mean,system_stdev,system_95ci,system_median
1,64,0.12506958955530512,0.00033781549237829205,0.0006756309847565841,0.125,0.1250234087111193,0.00017899970773324018,0.00035799941546648035,0.125,3.078722945722114e-05,0.00027536935162092175,0.0005507387032418435,0.0
1,128,0.1250753814510724,0.0003840326526155715,0.000768065305231143,0.125,0.12504459422161518,0.00030592923504780504,0.0006118584700956101,0.125,3.078722945722114e-05,0.0002753693516209216,0.0005507387032418432,0.0
1,256,0.12510601447589156,0.0004880253482206879,0.0009760506964413758,0.125,0.12509062086116296,0.00046087375617994157,0.0009217475123598831,0.125,1.539361472861057e-05,0.0001953230741117811,0.0003906461482235622,0.0
1,512,0.12512546837676997,0.0004896547089153738,0.0009793094178307477,0.125,0.1250946811473128,0.00043469233705404194,0.0008693846741080839,0.125,3.078722945722114e-05,0.00027536935162092175,0.0005507387032418435,0.0
1,1024,0.12518687917882682,0.0006027170825585257,0.0012054341651170513,0.125,0.12510994939775774,0.0005018366065349917,0.0010036732130699834,0.125,6.153616634049052e-05,0.0003867490387699326,0.0007734980775398652,0.0
1,1280,0.12511970563230435,0.0004535442949290421,0.0009070885898580842,0.125,0.1250427373671984,0.00027231108502884585,0.0005446221700576917,0.125,7.696826510592262e-05,0.0004312976371805396,0.0008625952743610792,0.0
1,1518,0.12515997881261592,0.0006625045368612608,0.0013250090737225216,0.125,0.12511375929293037,0.0005281197916295758,0.0010562395832591515,0.125,4.6219519685523e-05,0.0003364841283327995,0.000672968256665599,0.0
