cores,pkt_sz,target_rate,target_pps,rate_median,rate_mean,pps_median,pps_mean,rate_95ci,pps_95ci
1,64,50,97656.25,48.08704,48.08750965656566,75136.0,75136.66666666667,0.002310066269429065,3.643427482466397
1,128,50,48828.125,43.664849454545454,43.664905373737376,42641.454545454544,42641.47474747475,0.00020923045751248788,0.07558903811884521
1,256,50,24414.0625,46.828450909090904,46.828506828282826,22865.454545454544,22865.474747474746,0.00020923045751248788,0.07558903811884521
1,512,50,12207.03125,48.56813381818182,48.568189737373736,11857.454545454546,11857.474747474747,0.00020923045750657985,0.0755890381158203
1,1024,50,6103.515625,49.521384727272725,49.52144064646465,6045.090909090909,6045.11111111111,0.00020923045751248788,0.07558903811657652
1,1280,50,4882.8125,49.68820363636363,49.70147119191919,4852.363636363636,4853.666666666667,0.04950838557301202,4.827226121634057
1,1518,50,4117.259552042161,49.883136,49.87534125252525,4107.636363636364,4107.010101010102,0.04445009278312131,3.671991569922697
