cores,pkt_sz,target_rate,target_pps,rate_median,rate_mean,pps_median,pps_mean,rate_95ci,pps_95ci
1,64,0.5,976.5625,0.4803490909090909,0.4804050101010101,750.5454545454545,750.5656565656566,0.00020923045750690297,0.07558903811667106
1,128,0.5,488.28125,0.4349207272727273,0.4349766464646465,424.72727272727275,424.74747474747477,0.0002092304575068568,0.07558903811662379
1,256,0.5,244.140625,0.46470981818181817,0.46476573737373733,226.9090909090909,226.92929292929296,0.0002092304575068568,0.07558903811664743
1,512,0.5,122.0703125,0.4766254545454545,0.47668137373737374,116.36363636363636,116.3838383838384,0.0002092304575068568,0.07558903811664743
1,1024,0.5,61.03515625,0.4766254545454545,0.47668137373737374,58.18181818181818,58.20202020202019,0.0002092304575068568,0.07558903811664743
1,1280,0.5,48.828125,0.4766254545454545,0.49651280808080805,46.54545454545455,48.4949494949495,0.056131516563550185,5.471429163212503
1,1518,0.5,41.17259552042161,0.565248,0.5574532525252525,46.54545454545455,45.919191919191924,0.0444500927831216,3.671991569922608
