cores,pkt_sz,target_rate,target_pps,rate_median,rate_mean,pps_median,pps_mean,rate_95ci,pps_95ci
1,64,100,195312.5,96.19269818181819,96.19275410101011,150301.0909090909,150301.11111111112,0.00020923045750067184,0.07558903811884521
1,128,100,97656.25,87.33565672727273,87.33571264646466,85288.72727272728,85288.74747474748,0.00020923045750067184,0.0755890381067456
1,256,100,48828.125,93.65690181818181,93.6569856969697,45730.90909090909,45730.939393939385,0.00023724503883356093,0.08570991287359116
1,512,100,24414.0625,97.1600989090909,97.1707465050505,23720.727272727272,23723.333333333332,0.02380933936921264,5.827643821211468
1,1024,100,12207.03125,99.04276945454545,99.02164202020202,12090.181818181818,12087.616161616163,0.04746780551592741,5.818672818788723
1,1280,100,9765.625,99.43598545454546,99.41615402020201,9710.545454545454,9708.61616161616,0.056210597949268123,5.49999768112696
1,1518,100,8234.519104084322,99.695616,99.68776533333333,8209.454545454546,8208.80808080808,0.04441007709468127,3.6569562825002286
