cores,pkt_sz,target_rate,target_pps,rate_median,rate_mean,pps_median,pps_mean,rate_95ci,pps_95ci
1,64,10,19531.25,9.614429090909091,9.614457050505049,15022.545454545454,15022.555555555553,0.00015816335921790793,0.05713994191458413
1,128,10,9765.625,8.728203636363636,8.728231595959596,8523.636363636364,8523.646464646466,0.00015816335921902444,0.05713994191344082
1,256,10,4882.8125,9.353774545454545,9.353802505050503,4567.272727272727,4567.282828282828,0.00015816335921790793,0.05713994191401248
1,512,10,2441.40625,9.699328,9.699355959595959,2368.0,2368.0101010101007,0.00015816335921902444,0.05713994191401248
1,1024,10,1220.703125,9.866146909090908,9.866202828282828,1204.3636363636363,1204.3838383838383,0.00020923045750805686,0.07558903811676558
1,1280,10,976.5625,9.889978181818181,9.903273696969697,965.8181818181819,967.1313131313132,0.04961314209849313,4.865206853859711
1,1518,10,823.4519104084321,10.033152,10.017506585858586,826.1818181818181,824.9090909090909,0.05880913179586147,4.859835199207097
