cores,pkt_sz,target_rate,target_pps,rate_median,rate_mean,pps_median,pps_mean,rate_95ci,pps_95ci
1,64,0.1,195.3125,0.09309090909090909,0.09311886868686868,145.45454545454547,145.4646464646465,0.00015816335921813474,0.057139941914048205
1,128,0.1,97.65625,0.08340945454545455,0.08343741414141415,81.45454545454545,81.46464646464648,0.000158163359218126,0.05713994191406607
1,256,0.1,48.828125,0.08340945454545455,0.08346537373737375,40.72727272727273,40.74747474747475,0.00020923045750686833,0.07558903811664743
1,512,0.1,24.4140625,0.07149381818181817,0.07154973737373738,17.454545454545453,17.474747474747474,0.00020923045750687987,0.07558903811664743
1,1024,0.1,12.20703125,0.09532509090909091,0.0953810101010101,11.636363636363637,11.656565656565657,0.00020923045750687987,0.07558903811664448
1,1280,0.1,9.765625,0.11915636363636363,0.10594472727272726,11.636363636363637,10.353535353535355,0.049433559116975716,4.800095227433446
1,1518,0.1,8.234519104084322,0.141312,0.11781591919191918,11.636363636363637,9.717171717171716,0.06657589183895342,5.471652932868979
