cores,pkt_sz,target_rate,target_pps,rate_median,rate_mean,pps_median,pps_mean,rate_95ci,pps_95ci
1,64,1000,1953125.0,745.1277963636363,745.1300029090909,1164262.1818181819,1164265.5959595959,0.031952858102065794,49.937121977634895
1,128,1000,976562.5,820.6775389090909,820.6786425858586,801442.9090909091,801443.9696969696,0.02876912389680815,28.15932631300053
1,256,1000,488281.25,896.4969847272728,896.499436929293,437742.63636363635,437743.8585858586,0.041621806531656494,20.332969533156238
1,512,1000,244140.625,940.1675403636364,940.1596525252527,229533.0909090909,229531.1717171717,0.03183158802470136,7.778118843361593
1,1024,1000,122070.3125,964.165632,964.1921671111112,117696.0,117699.25252525252,0.09122372974812945,11.162306299794578
1,1280,1000,97656.25,969.2776916363637,969.3039751111111,94656.09090909091,94658.60606060605,0.08154201654273721,7.944250191874682
1,1518,1000,82345.19104084322,971.52,971.4886532525254,80000.0,79997.43434343435,0.07020630409391546,5.7781309491533746
