cores,pkt_sz,total_mean,total_stdev,total_95ci,total_median,user_mean,user_stdev,user_95ci,user_median,system_mean,system_stdev,system_95ci,system_median
3,64,0.38008219510738417,0.014265201597117813,0.028530403194235627,0.37874962874962875,0.001813343094211242,0.004039366072466353,0.008078732144932706,0.0,0.007866303580491611,0.005007662037172159,0.010015324074344318,0.005509683686479267
3,256,0.4334214238342875,0.019978332747685804,0.03995666549537161,0.43176174809112916,0.002169269965613025,0.004205202913025856,0.008410405826051712,0.0,0.010704521274960736,0.006310729863703998,0.012621459727407996,0.0111731843575419
3,512,0.46002199578543784,0.027295756395036556,0.05459151279007311,0.45428422152560083,0.0029551158650511257,0.005766569612556956,0.011533139225113911,0.0,0.012237502502261332,0.009506505984759812,0.019013011969519624,0.011331535695942476
3,1518,0.21405715538241374,0.025735769386794855,0.05147153877358971,0.20512820512820518,0.0015686486176426364,0.0023650849120429706,0.004730169824085941,0.0,0.0015722739572150261,0.002925217705336942,0.005850435410673884,0.0
