cores,pkt_sz,total_mean,total_stdev,total_95ci,total_median,user_mean,user_stdev,user_95ci,user_median,system_mean,system_stdev,system_95ci,system_median
3,64,0.07472314182288553,0.018596564356349755,0.03719312871269951,0.0736842105263158,0.01038333995734065,0.005320267467767892,0.010640534935535784,0.010443935427574172,0.04356686293442577,0.009662369892241594,0.019324739784483187,0.044821438520251826
3,256,0.0458769388661207,0.00965615035672285,0.0193123007134457,0.04663212435233166,0.007784637768842166,0.0043098376986759074,0.008619675397351815,0.010256410256410256,0.02957297409616153,0.006568056069587978,0.013136112139175956,0.031007958976550398
3,512,0.049164284365414285,0.02183806777822847,0.04367613555645694,0.04401933145388642,0.008918809907812335,0.006015471404576959,0.012030942809153919,0.005235602094240838,0.03233953646815124,0.015700479188571186,0.03140095837714237,0.03076923076923077
3,1518,0.03799275109838263,0.0059281430331146225,0.011856286066229245,0.03645833333333337,0.007474120301425501,0.003922321662617844,0.007844643325235687,0.007733619763694952,0.028210477148206688,0.005569469018834137,0.011138938037668274,0.026041666666666668
