cores,pkt_sz,total_mean,total_stdev,total_95ci,total_median,user_mean,user_stdev,user_95ci,user_median,system_mean,system_stdev,system_95ci,system_median
3,64,0.5655566152417902,0.03294092602589472,0.06588185205178944,0.5688622754491017,0.052236188565239955,0.009082127051064757,0.018164254102129514,0.050553426990208594,0.2385008839917227,0.026578304195051927,0.05315660839010385,0.24036496864651588
3,256,0.19695292038677148,0.013227640197723229,0.026455280395446458,0.19780219780219777,0.02098830292498215,0.005880375501384216,0.011760751002768431,0.02173977255944469,0.07926908878701358,0.011403444705548159,0.022806889411096317,0.07942942942942943
3,512,0.04586764202038297,0.0217922348176554,0.0435844696353108,0.04177574171029669,0.002327787414796675,0.004520179275675437,0.009040358551350875,0.0,0.004645631717498587,0.011329990425307097,0.022659980850614193,0.0
3,1518,0.02516380822822688,0.004062650564293478,0.008125301128586957,0.025380710659898442,0.0015546551139976326,0.002343757518168843,0.004687515036337686,0.0,0.0012690500664878234,0.002198075974754055,0.00439615194950811,0.0
