cores,pkt_sz,target_rate,target_pps,rate_median,rate_mean,pps_median,pps_mean,rate_95ci,pps_95ci
3,64,1,1953.125,0.9448498181818181,0.9448498181818181,1476.181818181818,1476.181818181818,0.018547636363636433,29.272727272727252
3,256,1,488.28125,0.8629821818181818,0.8629821818181818,421.3636363636364,421.3636363636364,0.007015999999999911,3.454545454545439
3,512,1,244.140625,0.9179989090909091,0.9179989090909091,224.13636363636363,224.13636363636363,0.006947636363636378,1.7272727272727195
3,1518,1,82.34519104084322,1.0258643636363636,1.0258643636363636,84.54545454545455,84.54545454545455,0.059622545454545484,4.9090909090909065
