cores,pkt_sz,target_rate,target_pps,rate_median,rate_mean,pps_median,pps_mean,rate_95ci,pps_95ci
3,64,10,19531.25,8.986110181818184,8.986110181818184,14040.5,14040.5,0.1349301818181825,210.81818181818016
3,256,10,4882.8125,8.550834545454546,8.550834545454546,4175.181818181818,4175.181818181818,0.14895199999999953,72.72727272727298
3,512,10,2441.40625,0.0001258181818181818,0.0001258181818181818,0.045454545454545456,0.045454545454545456,0.0002516363636363636,0.09090909090909091
3,1518,10,823.4519104084321,0.0001258181818181818,0.0001258181818181818,0.045454545454545456,0.045454545454545456,0.0002516363636363636,0.09090909090909091
