cores,pkt_sz,total_mean,total_stdev,total_95ci,total_median,user_mean,user_stdev,user_95ci,user_median,system_mean,system_stdev,system_95ci,system_median
1,64,0.03842138090027061,0.0024206433774678613,0.004841286754935723,0.03814718614718615,0.01110590969690303,0.002168020082013462,0.004336040164026924,0.010610079575596816,0.025491251243287397,0.002204108219811262,0.004408216439622524,0.026075663620539598
1,256,0.020082506777424132,0.0022022029780081357,0.0044044059560162715,0.02099737532808399,0.005550219797544189,0.0011977781820581824,0.0023955563641163647,0.005263157894736842,0.013584291895488836,0.0019927131596837165,0.003985426319367433,0.013157894736842105
1,512,0.01735949067056206,0.0018893801609767172,0.0037787603219534343,0.01790281329923271,0.005050985577761696,0.0012742976397458177,0.0025485952794916354,0.005115089514066497,0.011740524277285759,0.0012560170230530728,0.0025120340461061456,0.01278772378516624
1,1518,0.017495699745888493,0.0018872880318346898,0.0037745760636693796,0.017721518987341756,0.003020901817967702,0.0013063378857836349,0.0026126757715672698,0.002531645569620253,0.00723730836875386,0.0013470526976664006,0.0026941053953328012,0.007585347142309167
