cores,pkt_sz,total_mean,total_stdev,total_95ci,total_median,user_mean,user_stdev,user_95ci,user_median,system_mean,system_stdev,system_95ci,system_median
1,64,0.004888538902334424,0.0018642561619310453,0.0037285123238620906,0.005025125628140725,0.0016755736882454251,0.0013239155721563422,0.0026478311443126844,0.002512562814070352,0.0032129652140889774,0.0015227649529807442,0.0030455299059614885,0.0025188916876574307
1,256,0.0052354042929378675,0.0019007559375081363,0.0038015118750162726,0.005025125628140725,0.001883725070869196,0.0012376518009169493,0.0024753036018338986,0.002512562814070352,0.0032818858105667106,0.0011540775771700126,0.0023081551543400252,0.0025188916876574307
1,512,0.0022377886586102185,0.0019466745508361395,0.003893349101672279,0.0025188916876573986,0.000908369161789918,0.0013462342819516597,0.0026924685639033194,0.0,0.001329419496820313,0.0012575093981880873,0.0025150187963761746,0.002512562814070352
1,1518,0.003491806662994809,0.0024558431378287372,0.0049116862756574745,0.002525252525252486,0.0011868492931006991,0.0013862102084402246,0.0027724204168804493,0.0,0.0023049573698941113,0.0017115236201452294,0.0034230472402904588,0.0025188916876574307
