cores,pkt_sz,total_mean,total_stdev,total_95ci,total_median,user_mean,user_stdev,user_95ci,user_median,system_mean,system_stdev,system_95ci,system_median
1,64,0.003709980738256408,0.0017238522389203886,0.003447704477840777,0.0025316455696202667,0.001189131241485889,0.001257142623057717,0.002514285246115434,0.0,0.0024507035932912766,0.0011062629044649875,0.002212525808929975,0.0025252525252525255
1,256,0.00251784220272758,0.0018746471458734905,0.003749294291746981,0.0025188916876573986,0.0007686065367419239,0.0011587192611173516,0.002317438522234703,0.0,0.0016790897625064262,0.001327468721766602,0.002654937443533204,0.002512562814070352
1,512,0.004052946519543956,0.0019876848481301707,0.003975369696260341,0.005025125628140725,0.0013969239235168509,0.001249449495698151,0.002498898991396302,0.002512562814070352,0.0025862291845251397,0.0013882097255515883,0.0027764194511031765,0.0025188916876574307
1,1518,0.0015389746454811362,0.001806259762978166,0.003612519525956332,0.0012562814070351536,0.0004896095806673042,0.0009965534209473562,0.0019931068418947125,0.0,0.000979571653311891,0.0012279607852387364,0.002455921570477473,0.0
