cores,pkt_sz,total_mean,total_stdev,total_95ci,total_median,user_mean,user_stdev,user_95ci,user_median,system_mean,system_stdev,system_95ci,system_median
1,64,0.012498131206560511,0.0018979791827429399,0.0037959583654858797,0.012722646310432517,0.003741114993199878,0.001395452633182009,0.002790905266364018,0.0025542825825982567,0.008686334844969371,0.0014998796548197457,0.0029997593096394914,0.007653061224489796
1,256,0.006872380930104286,0.0015213618088646625,0.003042723617729325,0.007556675062972307,0.0021734709335741636,0.0012111717210989282,0.0024223434421978564,0.0025252525252525255,0.004698909996530114,0.0012093876894429434,0.002418775378885887,0.005050505050505051
1,512,0.0053901244451658205,0.0019742498325760255,0.003948499665152051,0.005050505050505083,0.0016092999093043796,0.0014714916229024535,0.002942983245804907,0.002512562814070352,0.0036408861087693445,0.0015047790341693491,0.0030095580683386983,0.002531645569620253
1,1518,0.0028721010995725266,0.0015865678737975346,0.0031731357475950693,0.002525252525252486,0.0008414001457821669,0.0011899231349458625,0.002379846269891725,0.0,0.0016806773082378653,0.0014544968893721224,0.0029089937787442448,0.0025188916876574307
