cores,pkt_sz,target_rate,target_pps,rate_median,rate_mean,pps_median,pps_mean,rate_95ci,pps_95ci
1,64,100,195312.5,95.9255949090909,95.9255949090909,149883.5909090909,149883.5909090909,0.0036261818181912986,5.363636363646947
1,256,100,48828.125,93.43472654545454,93.43472654545454,45622.40909090909,45622.40909090909,0.03786036363636924,18.45454545454413
1,512,100,24414.0625,97.06415490909092,97.06415490909092,23697.318181818184,23697.318181818184,0.07621381818181305,18.636363636363967
1,1518,100,8234.519104084322,98.93674181818182,98.93674181818182,8147.0,8147.0,0.05384436363635814,4.363636363636033
