cores,pkt_sz,target_rate,target_pps,rate_median,rate_mean,pps_median,pps_mean,rate_95ci,pps_95ci
1,64,0.1,195.3125,0.09333927272727273,0.09333927272727273,145.54545454545456,145.54545454545456,0.0004967272727272876,0.1818181818181586
1,256,0.1,48.828125,0.08300618181818183,0.08300618181818183,40.5,40.5,0.001799999999999996,0.818181818181813
1,512,0.1,24.4140625,0.07136981818181819,0.07136981818181819,17.454545454545453,17.454545454545453,0.0012414545454545456,0.3636363636363633
1,1518,0.1,8.234519104084322,0.12101381818181818,0.12101381818181818,10.0,10.0,0.023435636363636353,2.0
