cores,pkt_sz,target_rate,target_pps,rate_median,rate_mean,pps_median,pps_mean,rate_95ci,pps_95ci
1,64,10,19531.25,9.548078909090908,9.548078909090908,14918.727272727272,14918.727272727272,0.005888727272727934,8.909090909090082
1,256,10,4882.8125,9.360599636363636,9.360599636363636,4570.590909090909,4570.590909090909,0.010181090909089363,5.0
1,512,10,2441.40625,9.698147272727272,9.698147272727272,2367.727272727273,2367.727272727273,0.0023614545454542224,0.5454545454545041
1,1518,10,823.4519104084321,9.479744363636364,9.479744363636364,780.6818181818182,780.6818181818182,0.0722567272727268,6.090909090909122
