cores,pkt_sz,target_rate,target_pps,rate_median,rate_mean,pps_median,pps_mean,rate_95ci,pps_95ci
1,64,1,1953.125,0.960824,0.960824,1501.1363636363635,1501.1363636363635,0.0002516363636364538,0.0909090909092356
1,256,1,488.28125,0.9294196363636363,0.9294196363636363,453.8181818181818,453.8181818181818,0.0,0.0
1,512,1,244.140625,0.9530010909090909,0.9530010909090909,232.6818181818182,232.6818181818182,0.0004996363636363688,0.09090909090909349
1,1518,1,82.34519104084322,0.9545305454545455,0.9545305454545455,78.63636363636364,78.63636363636364,0.07372290909090906,6.0
