cores,pkt_sz,total_mean,total_stdev,total_95ci,total_median,user_mean,user_stdev,user_95ci,user_median,system_mean,system_stdev,system_95ci,system_median
1,64,0.31122476830658363,0.022157789968742566,0.04431557993748513,0.3052631578947368,0.0028012854984395675,0.004757316751961938,0.009514633503923876,0.0,0.014187119420258751,0.009615011821406722,0.019230023642813444,0.010723937668909205
