cores,pkt_sz,total_mean,total_stdev,total_95ci,total_median,user_mean,user_stdev,user_95ci,user_median,system_mean,system_stdev,system_95ci,system_median
1,64,0.31409883934198823,0.03494535135653974,0.06989070271307948,0.30319148936170215,0.0023245618603260475,0.0030030440768815214,0.006006088153763043,0.0,0.008957837237761588,0.006438015961812717,0.012876031923625434,0.010416666666666666
