cores,pkt_sz,total_mean,total_stdev,total_95ci,total_median,user_mean,user_stdev,user_95ci,user_median,system_mean,system_stdev,system_95ci,system_median
1,64,0.030629804847407172,0.01135607642173328,0.02271215284346656,0.031088082901554404,0.002440412254195156,0.003971503953383705,0.00794300790676741,0.0,0.009545962091516178,0.006052512414088615,0.01210502482817723,0.010362694300518135
