cores,pkt_sz,total_mean,total_stdev,total_95ci,total_median,user_mean,user_stdev,user_95ci,user_median,system_mean,system_stdev,system_95ci,system_median
1,64,0.046921583190890785,0.020035143669978616,0.04007028733995723,0.04699770942408377,0.002388624908104528,0.00414600158791327,0.00829200317582654,0.0,0.009248688581752658,0.00855974422740095,0.0171194884548019,0.010362972508591065
