cores,pkt_sz,total_mean,total_stdev,total_95ci,total_median,user_mean,user_stdev,user_95ci,user_median,system_mean,system_stdev,system_95ci,system_median
1,64,0.2788016724969581,0.01750211989904607,0.03500423979809214,0.2789473684210526,0.002858723434255129,0.003648925913324794,0.007297851826649588,0.0,0.010668752531521669,0.006714517779397768,0.013429035558795537,0.010471204188481676
