cores,pkt_sz,mwatt_mean,mwatt_stdev,mwatt_95ci,mwatt_median
1,64,1714.9037037037037,124.3076633658109,4.700744319627688,1691.0
