cores,pkt_sz,target_rate,target_pps,rate_median,rate_mean,pps_median,pps_mean,rate_95ci,pps_95ci
1,64,10,19531.25,2.3940654545454545,2.406934222222222,3740.7272727272725,3760.737373737373,0.0937148348802699,146.6103183628773
