cores,pkt_sz,target_rate,target_pps,rate_median,rate_mean,pps_median,pps_mean,rate_95ci,pps_95ci
1,64,50,97656.25,2.077730909090909,1.984597494949495,3246.4545454545455,3100.8686868686873,0.4206340733736771,657.1758991566908
