cores,pkt_sz,target_rate,target_pps,rate_median,rate_mean,pps_median,pps_mean,rate_95ci,pps_95ci
1,64,1,1953.125,0.9478981818181818,0.9479132121212123,1481.090909090909,1481.080808080808,0.005289002137516292,8.124578426899173
