cores,pkt_sz,target_rate,target_pps,rate_median,rate_mean,pps_median,pps_mean,rate_95ci,pps_95ci
1,64,100,195312.5,2.0412632727272726,1.9064348282828283,3189.181818181818,2978.7070707070707,0.48049783524922896,750.7711898115672
