cores,pkt_sz,target_rate,target_pps,rate_median,rate_mean,pps_median,pps_mean,rate_95ci,pps_95ci
1,64,0.5,976.5625,0.47344436363636366,0.4731731717171717,739.4545454545455,739.2323232323233,0.001788201200399108,2.647466847016264
