cores,pkt_sz,target_rate,target_pps,rate_median,rate_mean,pps_median,pps_mean,rate_95ci,pps_95ci
1,64,0.1,195.3125,0.09041454545454546,0.09025276767676767,141.0,140.91919191919192,0.0013839629689550404,2.0163599829542216
