cores,pkt_sz,total_mean,total_stdev,total_95ci,total_median,user_mean,user_stdev,user_95ci,user_median,system_mean,system_stdev,system_95ci,system_median
1,64,0.058325246359963424,0.01624536751399251,0.03249073502798502,0.05642012091058979,0.004117146324471298,0.004581183159171088,0.009162366318342175,0.005291005291005291,0.01373768932939522,0.007560405619493944,0.015120811238987888,0.01098901098901099
