cores,pkt_sz,total_mean,total_stdev,total_95ci,total_median,user_mean,user_stdev,user_95ci,user_median,system_mean,system_stdev,system_95ci,system_median
1,64,0.035979213929188666,0.013811094593581737,0.027622189187163474,0.03608247422680411,0.0035192148472811668,0.0044959566901013655,0.008991913380202731,0.0,0.012823128102514217,0.008153302766857256,0.016306605533714512,0.010498759988977681
