cores,pkt_sz,total_mean,total_stdev,total_95ci,total_median,user_mean,user_stdev,user_95ci,user_median,system_mean,system_stdev,system_95ci,system_median
1,64,0.30860773002981684,0.05142924815333045,0.1028584963066609,0.2941176470588235,0.0038836781760959458,0.004384211047961527,0.008768422095923054,0.005221967713787086,0.013493906141213917,0.009893492887116951,0.019786985774233903,0.0106951871657754
