cores,pkt_sz,total_mean,total_stdev,total_95ci,total_median,user_mean,user_stdev,user_95ci,user_median,system_mean,system_stdev,system_95ci,system_median
1,64,0.02338439263209391,0.020983205416795558,0.041966410833591115,0.02035636589661244,0.004266666790283714,0.0054065838764349216,0.010813167752869843,0.005076142131979695,0.01432279968792993,0.014559547606710273,0.029119095213420546,0.010309278350515464
