cores,pkt_sz,total_mean,total_stdev,total_95ci,total_median,user_mean,user_stdev,user_95ci,user_median,system_mean,system_stdev,system_95ci,system_median
1,64,0.3328264812766939,0.02500076062132821,0.05000152124265642,0.328042328042328,0.0035620304621784894,0.004604550862484337,0.009209101724968674,0.0,0.012813411188700878,0.009706311513836512,0.019412623027673024,0.010752688172043012
