cores,pkt_sz,mwatt_mean,mwatt_stdev,mwatt_95ci,mwatt_median
1,64,1710.131851851852,88.5066163267339,3.346913317186363,1698.0
