cores,pkt_sz,target_rate,target_pps,rate_median,rate_mean,pps_median,pps_mean,rate_95ci,pps_95ci
1,64,0.1,195.3125,0.09073672727272727,0.09065769696969697,141.45454545454547,141.45454545454544,0.0009478481588479223,1.2029959540169224
