cores,pkt_sz,target_rate,target_pps,rate_median,rate_mean,pps_median,pps_mean,rate_95ci,pps_95ci
1,64,100,195312.5,0.9463854545454546,0.9153486868686868,1478.7272727272727,1430.232323232323,0.10084560721095163,157.5712612671119
