cores,pkt_sz,target_rate,target_pps,rate_median,rate_mean,pps_median,pps_mean,rate_95ci,pps_95ci
1,64,50,97656.25,1.129250909090909,1.1258050909090909,1764.4545454545455,1758.969696969697,0.044512932539038326,69.4114838216107
