cores,pkt_sz,target_rate,target_pps,rate_median,rate_mean,pps_median,pps_mean,rate_95ci,pps_95ci
1,64,10,19531.25,1.4891636363636365,1.4967400404040405,2326.818181818182,2338.5555555555557,0.04947296753549865,77.07525305310833
